ply
format ascii 1.0
element vertex 4680
property float x
property float y
property float z
property uchar red
property uchar green
property uchar blue
end_header
0.4529880465730793 1.0445452829814874 0.5488682064783176 255 189 127
0.3721751160578289 0.5419777928580174 0.511688073332644 227 158 81
-0.020024454184104937 -0.3695569891452384 0.08306098273826572 255 178 90
-0.020044682907793827 -0.37000928501786745 0.08648810220225747 255 178 90
0.297634774750994 1.4407197783900134 0.6442530089508279 229 159 100
0.38946457951168734 1.027079871472862 0.5359422792490426 240 160 97
0.609925801950495 0.48990055365946555 0.15420926581641403 196 181 162
0.11803475045832632 0.07068510685591438 0.4412462058264928 232 166 92
0.028088637438138008 0.973746150555942 0.4337517546277674 244 172 102
0.5845974199351159 0.4930312026940858 0.21337869075554589 178 155 135
0.34827284909125505 1.4067242903933839 0.6192413896957223 167 110 55
0.5235922047401048 0.9004135589706498 0.4120326375957588 188 138 89
0.15108931352738023 0.9231414074055945 0.42591899161124597 163 103 45
0.4322631227472248 -0.9169431520106252 -0.08487724770533633 193 134 73
0.2836673182014872 0.07760117907542739 0.48828064591450443 255 200 127
0.2746757637569274 1.568788678285562 0.6992663679901682 186 116 28
0.36334444442463554 1.0517317899102403 0.5669500043484983 240 167 98
0.37925460206589984 1.0278872601861189 0.5175479284975064 255 202 152
0.09754749739284463 0.38661757064429886 0.3608313311725911 254 178 110
0.3157436562673609 -0.17492811381568413 0.35518024105634405 173 140 103
0.3190438118892645 -0.5295166002903854 -0.161145409410891 255 255 255
0.12464006285731308 0.9728089308200061 0.4681143253189481 195 130 64
0.3116456370123469 1.0883414725940634 0.5987412704968468 164 112 62
0.6072864888252962 1.0352916716963507 0.3309787845659476 205 149 102
0.4368366009602545 1.61422010405247 0.6341695047955547 250 215 175
0.6469998802913305 1.0460378848206713 0.19897232112176794 153 104 49
-0.004950706400291714 0.8728188570478378 0.01007235498342749 255 255 253
0.11182657240827462 1.02214361068079 0.5159651506255669 228 159 82
0.42821117867896985 1.423357270854258 0.6334211576355262 253 188 128
0.5668210231071807 1.0335154645408364 0.33352231011147915 208 159 126
0.559346815152798 0.5522237711117223 0.395330935034916 249 182 116
0.06083690055210997 -0.16019777966645737 0.36212091265518015 255 193 131
0.24982690969388938 1.0107323725560147 0.5342276767407063 188 119 44
0.6506302088260226 0.9974879154938019 0.26039863247222544 193 148 113
0.41417538884482974 -0.9488358402392757 -0.05733505837291395 161 123 93
0.1786762365071887 0.8710834594965624 0.43286155929372333 123 72 29
0.07725894678653157 0.3599369850212687 0.3541931352575979 210 148 92
0.3295667782435013 1.0695228347594328 0.5928931628018249 254 231 207
0.1125439719338213 1.5353896013884838 0.6402077933298765 188 123 52
0.3125999880285404 -0.8037339203177502 0.02972539473119818 209 139 61
0.31282705986017395 -0.9493088254718836 -0.03752137049091925 157 96 51
0.31517961692043844 1.5981095730840242 0.6853058605889348 223 148 65
-0.028664729302617084 0.3321912746032959 0.08838675280578209 189 131 68
0.40398429967416005 1.4359425929105112 0.691680433257544 196 130 56
0.03648071861474132 1.2949024804322655 0.47411741720466544 147 82 14
-0.03915205793835802 0.01040005142917132 0.2714205684208684 179 127 73
0.6897141327440777 1.159217039675337 0.23717276355375838 183 142 107
0.7106488727200369 0.6493341421134996 0.22710796135306305 224 163 100
0.312590285879978 0.4665176061703754 0.4990725943310994 246 178 105
0.40324161590785945 1.4292171967198355 0.4788324988545568 119 65 21
0.2252124947758512 1.0197309355252249 0.49755272966501435 243 173 103
0.5600056201434829 0.7512034217796228 0.5232887402198328 222 158 84
0.23562319652662445 0.44429465945788005 0.4643479689016398 249 173 97
0.6094126356261304 0.20926551519617734 0.4024750562718817 214 156 97
0.2749845693378352 -0.09456384302215447 0.4608196617789433 252 184 119
0.3758462489472587 -0.8365133400160234 0.00488234581748201 250 198 145
0.3551050479250544 -0.8824739368057972 -0.03997089614972921 254 218 169
0.03529424170010353 1.5606851713162966 0.5387164858253037 245 167 89
0.09926332965685154 1.4108869077756707 0.6062890830230324 255 218 187
0.27338730701696295 0.7621776886919162 0.5469156616373521 238 164 81
0.5832809904380944 0.74450148130391 0.5102815434365443 254 197 128
0.10352875368125068 -0.1814613245790432 0.3571411782090375 255 192 124
-0.05040268224742442 -0.5128112260284328 9.342495678891203e-05 255 216 168
0.04544672272375095 2.2541699219786295 0.13638258907876197 255 244 229
0.3479507501926688 1.4038371933743339 0.5454598437533441 169 112 59
0.3171902960008607 1.0640130523960667 0.5793407069831127 255 199 137
0.288167032114269 0.3401880073195863 0.3321280385121613 138 94 57
0.292602792286801 1.0490412748216036 0.5712425106671637 255 185 115
0.15430632097948932 0.44527770012586126 0.45207433726745017 254 186 113
0.40770827633066276 -0.9248038663209087 -0.05008535558770727 150 93 34
0.22433978596459958 -0.667713509304047 0.04098347211932889 174 111 52
0.5897914573721543 1.1902976052179388 0.5590478166064969 208 151 95
0.27687871054134733 0.9756733224965077 0.4994643540271733 120 80 39
0.18696251086843335 0.43615959958778183 0.4460272144114362 255 182 109
-0.001970621932739702 0.3353998369684792 0.2276504426946887 213 143 74
0.1535958322816744 0.17491466752322496 0.45337105481520973 226 162 91
0.0798533269241394 0.9545684700130254 0.3524419203092296 196 127 50
0.17136275737854717 -0.14174418883458137 0.37867090318830116 212 143 68
0.19420778581043754 -0.859404847972729 -0.011352955260534573 255 207 153
0.34439538418523014 1.0005319586011079 0.5124646996162845 234 164 106
0.4787141628037338 1.0524319359302765 0.44657020183665874 249 184 128
0.03536723655199725 -0.18609321613046922 0.3042543566513597 220 155 87
0.11354896924113309 -0.2513236367769238 0.23404549208457306 176 124 62
0.2964564789052885 0.435918426907856 0.47617130419191367 183 119 57
0.08392518937418852 1.5468882972217117 0.6138126179481724 243 172 93
0.004407964548866118 1.4423487972390143 0.5178517670183943 246 178 107
0.08738609156715316 -0.8394913996512107 -0.08547850565272697 198 126 52
-0.0544531007962675 1.318239267618369 0.1524617843710568 181 123 73
0.6795194726203098 1.5495846327724017 0.5359919150870407 230 177 130
0.10136588399912835 0.43108303855034424 0.4161975236134031 217 151 77
0.09839849483149662 0.0859407086487204 0.4387535817136176 190 121 56
0.6059353894618659 0.5407493245911432 0.32153005305954147 103 80 58
0.06096016078795588 0.2511014015359916 0.10638780500545501 178 130 94
0.15860262455092491 1.3916408400604863 0.5831590289535282 169 112 47
0.45991618113172517 -0.5908991873155581 -0.14063056990453202 196 183 167
0.5117479237170806 0.5368156423684147 0.4675181780797652 222 162 105
0.43959758038777574 -0.12734659481975621 0.32877615767415674 184 161 144
-0.06765992591238076 -0.40243918948862617 0.06743136391651809 224 157 80
0.2681968894920406 0.9180504197775998 0.5274513009132147 118 67 14
0.12849687297091597 1.5421497241661726 0.6412503123672604 204 146 82
0.15178256681127017 0.8866732746015623 0.38081219189945364 130 77 45
0.26243875878558814 1.1364711618389922 0.6689192097919747 223 146 64
-0.08204564244413594 -0.10927416241660134 0.15545138865979574 232 173 115
-0.031112548016038286 -0.4375338965396772 -0.0682631459038299 255 194 127
-0.0729649903328131 -0.5765940557703721 -0.016088309923548136 255 206 153
0.048183388898799036 1.6558921888787783 0.3786952343294324 173 111 52
0.10034995251783582 1.0865196339399328 0.5398282042125053 251 187 113
0.3231190410034375 0.15088778514027235 0.5108347244316881 223 153 74
0.04684929645233428 0.08142862157049933 0.40549357156427523 180 112 41
0.017276120699105786 0.03687361409371765 0.3418990623810262 229 166 97
-0.09432772070785822 -0.21613593601436737 0.06528506124448222 239 177 120
-0.024295809947854963 -0.03945681750705632 0.2050013682112817 254 188 119
0.020207547089795618 -0.15840440634253036 0.3179021122358999 251 209 159
0.4059739627790326 -0.8734475220534859 -0.05128939666249752 193 134 68
0.3151028306923686 1.1235706119673459 0.6412347369232829 255 186 120
-0.00878369739249508 0.8619007749449921 0.1770305101685245 211 153 103
0.17465355426753296 0.7220868804180653 0.5613852803180372 241 169 93
0.5041495229272838 0.5305399461672754 0.3488446620775025 191 132 76
0.5720771823972557 0.3788506774736207 0.26762684754610233 143 91 48
0.518169420425769 0.1783243298388019 0.4680996087867373 195 139 64
0.04922529788831185 -0.20382660311135326 0.2970470446279419 250 198 139
0.25576094123375065 1.5855573436640573 0.714079619305814 160 103 36
0.22453176171779282 0.9054882189674447 0.3534181075236276 120 68 17
0.3671323148834998 0.7144699586679923 0.5830091525175753 219 156 84
-0.003225672771470697 -0.1403886518444332 0.29625158511213784 254 200 139
0.05573534382554022 -0.15620568629505355 0.339798348590141 254 205 139
0.07429223560064274 1.0920887178605183 0.5423296738284195 255 198 140
0.4438889084563534 1.4508514848913943 0.6617843609569093 255 192 127
0.28388957727175335 0.9336333063960326 0.4431563725559497 159 113 89
0.18070245537803875 0.9177981210379036 0.4339330761264244 220 148 95
-0.00625809828523336 -0.22446484705902472 0.2580998898569217 206 143 74
0.12338295519174555 -0.22887564374594127 0.29426733142516887 166 110 55
-0.006262190805520236 -0.2322173759224505 0.24496099040874256 255 194 122
0.3628244912109771 0.9576653153935354 0.3902029540963099 158 115 86
0.3683736985675569 0.9558231950251593 0.37725849694322966 119 72 37
0.06384203508094013 0.39542009565556824 0.37036693313595465 190 126 54
-0.0402122432672274 -0.3784892586438124 0.08916464371956673 218 143 64
0.09932092923183217 -0.1326801620718615 0.3775732731896038 255 203 153
0.5651840154751842 0.49978263455764377 0.2807606136228384 123 96 63
0.05970956237071963 0.401239819016188 0.36941622303570076 240 174 100
0.19447898325454252 1.8803011952162727 0.3624210968711972 189 116 48
0.3979487721698219 1.1174079414418931 0.6107789957332673 255 255 251
0.5399891639951019 0.4796503592486077 0.2561601269025764 255 255 255
-0.0009387010164981242 0.4232354964948818 0.2299189465213191 160 94 33
0.36354736019414424 0.13622817738950968 0.4891224726919246 255 255 255
-0.055547788385746144 -0.2559316751598047 0.21347189702082733 176 148 127
0.43670667626623016 -0.7319655477627413 -0.2652559359639559 173 120 63
0.2812775594692389 1.4142469469682788 0.61587322642706 255 253 248
-0.00972271964696353 0.9339501975660012 0.3024321123055515 172 102 30
0.2650380761728514 0.7856508741227812 0.5511443996803325 251 253 250
0.37076796038009935 0.44153188298548673 0.41563274664154676 254 254 254
0.04521826193495897 0.32189269565401163 0.25853122922986355 244 174 99
-0.03412545648483761 -0.1768613128807025 0.23332892334962724 164 110 76
0.49703269340234213 1.8031168707702407 0.5238813408477343 255 255 255
0.3279190280096331 1.3972401879367429 0.5944617099506 254 253 249
0.5086707726726105 1.1815883537413019 0.5966368298284269 255 255 255
0.3715970898864652 1.1441195776179662 0.6045982699586459 255 255 253
0.30055284315013037 0.7512428698005921 0.5684582266211208 254 254 254
-0.05536260738521029 -0.12455337175987044 0.2500621208805839 181 127 81
-0.07601118683152606 1.0014059919392044 0.31422400942743467 183 124 68
0.5845152331410653 0.7837725371283775 0.509842460011803 255 255 255
0.2972170762429765 1.4384588151276572 0.6495422875394169 254 253 249
0.19377996178312834 -0.15002906282731068 0.406545459750729 255 255 255
0.06989202084702462 1.0676300270755683 0.5195769549898672 255 187 118
0.5279177119227555 0.4943801234771836 0.3798275780035465 255 255 255
0.38691947377082353 0.9864903755462097 0.4126925763394442 119 67 17
-0.05721618381246607 -0.3568878957111705 0.045088636284753285 255 200 135
-0.02563143339101446 0.6802461953745133 0.3997765374009215 245 172 95
0.27630985200802816 1.1897177165829327 0.6487168363236857 255 217 172
0.30336180888677156 0.9956302945334304 0.5081552596956876 180 119 54
0.5408741314517379 1.5504548236443687 0.649710431543739 226 170 108
0.29034576717711613 1.450579184799661 0.6620761957405057 236 165 100
0.5749303701245968 0.970928359363155 0.3397230768238322 150 103 65
0.00657824474224819 1.444194037636641 0.5132880694465123 255 193 122
0.15590932135784313 -0.11391404510719891 0.4257772352002258 190 126 52
0.5186143610660355 0.43500390419624924 0.28957926919704907 201 173 152
0.6456455929735676 0.40185168985352926 0.31331604788743767 169 141 115
0.07985326984482302 0.3351598348254676 0.3120744763346463 175 108 38
0.026453343501922903 1.3310783876220988 0.43536416186463145 210 207 200
0.5355523885499598 1.046000967639272 0.37234391882879236 143 97 64
-0.0015073009498036971 0.7016609858952145 0.43875313459648774 248 172 97
0.6113092246346342 1.0413591938766635 0.314749827444886 254 255 251
0.07266133152683131 1.0721647337571432 0.526740284578846 225 152 75
0.16536678592182913 0.4348182312150733 0.43391210455969953 198 131 50
-0.04557014844220715 -0.32084836844046566 0.16573063645851593 214 141 62
0.05087142805371393 2.156066364895716 0.17732428237812253 238 160 91
0.046858623828536075 2.097482599217523 0.17793715659878448 220 142 69
-0.07018249435148921 1.363180601568531 0.146295590983881 255 189 136
0.2948258778921489 0.9644007686106589 0.4865257038158023 210 148 94
0.32995989922717917 0.49660010779554187 0.5037894177561641 255 205 141
0.016887468844132975 0.32737257904260897 0.2175064627877803 252 176 102
0.2789849258298352 1.4401918217236511 0.6532575764067474 178 107 39
-0.016538048678101096 1.3205255385177284 0.375658461767422 239 165 96
0.10638382329026695 0.9364092253199707 0.4207079411392684 254 182 120
0.15842181634549982 -0.11384532108124355 0.42232611881781285 192 133 61
0.018897619371897222 1.5583122804922134 0.4653273717538105 254 179 98
0.1313415252770579 1.5455962608639942 0.6506358482292631 233 177 113
0.06412310418742727 -0.7651276554424117 -0.03471595784217095 255 194 127
0.2197902725304657 0.992457363742708 0.4899132022903142 201 132 67
0.1986666188538134 -0.040466826534222095 0.4418323342424268 245 185 116
0.09970597424451266 0.02772939594475219 0.4216666486008318 240 180 107
0.06231683651259744 2.1588970633194977 0.19777882322945706 208 132 63
-0.01094979846321475 1.3591536489275184 0.4306181668928515 255 186 108
0.3117250638862646 1.4103696663716654 0.5993124638853632 247 179 122
0.1648123445059971 1.0879310076792543 0.5755825384161635 255 187 116
0.652409185263816 1.4401043515336966 0.47268805374734424 165 129 99
0.1440010818952116 0.39100361914113346 0.3901300835611689 255 186 121
0.13869579559988127 0.9750820364102831 0.49527546823563867 174 113 45
0.03473189755979823 -0.20483303955882307 0.2888753456871194 207 150 84
0.06639127118362308 1.348251865724234 0.4836365376841121 181 111 42
0.5743888917475687 0.9987966404658528 0.37393976816083013 162 141 129
-0.07413063698438124 -0.537122386304641 -0.12123256987441405 225 159 95
-0.01236936849958858 -0.7388689773758615 -0.18988727232182084 191 122 67
0.39021672005661506 1.6894530663064307 0.6188776277387427 157 108 49
0.19354906383733597 0.6318500566788129 0.5285216403909234 221 151 68
-0.061258456476028955 0.4133163710789598 0.12702643353964152 171 89 15
0.020825268052488292 0.8819995315664578 0.30586606451100823 189 123 63
0.06182847977170612 0.23780053024117315 -0.04319230365866425 212 156 108
0.03513650825772453 2.2600569127800036 0.11523612714335268 254 245 226
0.13625696144585606 1.3820619010600348 0.5533209113144181 253 182 123
0.2910338930221586 1.3966199411971412 0.5890488525645284 244 172 121
-0.0548418456414429 1.30372206618099 0.1575614678825408 227 166 105
0.05262765677415935 2.1971190141278187 0.1785976976417126 216 139 59
0.1082325212135046 0.3519492611056553 0.34365754777990415 225 156 81
-0.09470642968444391 -0.31781905920740905 0.08079909553130402 227 165 92
0.04762432426213891 0.43402900333088074 0.4103049788539076 216 144 60
0.07220913935011505 -0.17422681094204975 0.34232400206579483 203 142 67
-0.03662296866892867 -0.5771665442418824 -0.03806307256627469 254 186 109
0.12475682112446167 0.0970241146392764 0.44685415131028416 173 122 49
0.04637539847635235 0.39124156412347755 0.34958773847235763 255 184 116
0.018484964749037262 -0.2672321118511245 0.21107215090729436 219 152 81
-0.0905366664075212 0.6307288129825389 0.35912009890997104 222 151 73
0.09826742002994658 1.8966324158595933 0.01943937734846934 220 148 74
-0.07193220871073625 1.514258051316868 0.4270969130743781 166 93 1
0.16130381090349646 0.9140780275490625 0.42440144300931476 225 155 97
0.007360282818970082 -0.20178680756768838 0.28788560594240403 253 196 135
0.05174421240829439 2.2266711939391586 0.1593361428729504 196 129 68
0.0655286435909212 1.0339028118926017 0.49829728842996485 231 160 82
-0.0630488917197437 -0.015454349132848384 0.1969234860574645 204 140 81
0.047032524565492666 1.359198333898726 0.5380179447998352 195 126 49
0.1795178173835103 -0.8267403286754614 -0.015275262835279694 250 187 118
0.08154078077427691 1.3706363748159427 -0.08147661187795421 197 132 68
-0.06386211467520249 0.3593040388329601 0.10963741708274963 238 170 106
-0.028327052543569514 0.2660543363737584 0.04535332807573821 215 141 65
-0.044094460547911093 -0.16418961784470879 0.022532014469629116 190 130 76
-0.06891900345090858 1.5695684585902598 0.4226741527736986 155 93 33
-0.03455322529394505 0.9223775977778363 0.13153564663743025 248 181 114
0.03511895258167957 0.749201614839125 0.42131169965824206 173 109 47
-0.00624064875584149 0.34304601300866716 0.19678776473514534 255 190 127
0.010346044703736703 0.2932036190602823 -0.04276365275327003 187 118 51
-0.07062495474683919 -0.4558244671437316 -0.008856049857546058 255 212 163
0.058455036832629675 2.1078696331988387 0.15743342515677247 180 112 49
0.365925276288313 2.0295696367939104 0.49134673175011817 255 233 211
0.10776190234284448 1.5573029925097865 0.6127388957403352 221 171 108
0.221818753546905 1.383395221376237 0.5543392296375489 188 127 80
0.3929532969778998 1.1782617635530512 0.6286783798506058 223 168 111
-0.08862557689215682 1.032532756632611 0.10699830874304705 211 134 60
0.1486359809587726 0.893678665521987 0.40262158313963436 122 71 8
0.08734843270950457 0.769696544624832 -0.005411279655901884 154 87 37
0.05793307963942758 0.5794434924214671 0.46939360889354975 248 186 129
0.13666145235418084 0.5812511545375245 0.48871539989284885 215 147 66
0.0019246708322993734 0.3735557049057715 0.2682709698250829 205 143 63
0.12464206615966733 0.17237483402706075 0.47553410635306903 253 207 147
0.11854348740175961 0.13080688234274532 0.4220213172593767 222 176 116
-0.07831727241293425 -0.044780928636758734 0.1990987829341135 167 99 38
0.04161470105590686 1.3562519882831074 0.48857066146660666 245 177 112
-0.028663814054676225 1.3083450074783405 0.2698727034642144 200 131 66
0.043752247020419445 1.0223363759888073 -0.08992499482881827 203 146 92
-0.009383560827278875 0.6164690064505615 0.4157941948019196 210 140 70
0.06451837848917881 0.6096709473215894 0.4560935215713199 223 158 78
0.16210726038794254 0.591838357572839 0.5178135299322192 236 176 106
-0.002960067151705324 0.5495156270665305 0.4449414027329561 254 211 169
0.05907845219529355 0.5443200151625271 0.4455827896872144 218 149 69
0.178447617252807 0.1648928147455198 -0.07401076815996496 153 105 57
0.12438397502270618 -0.19045077052467105 0.35779314555339026 217 166 119
-0.07273738043379147 -0.21728397132507243 0.1777183851102976 220 155 82
-0.02994133643647802 -0.2969803142084351 -0.09271087151974028 157 113 78
-0.08517512087472014 -0.30647657884024887 0.10139777711377994 255 198 132
0.1392066253454096 2.3376600928630054 0.1112820781013059 254 241 232
0.09191613588652962 1.8963555220578936 -0.008198009798955996 170 119 59
0.1289521330696786 1.8325767239646917 0.09586735388670559 190 124 66
0.12413311292831773 1.3797833480362314 0.5723582367692064 187 117 43
0.03647346656145197 0.6777597307381582 0.4910598528385612 192 134 52
0.18097416139781122 0.6967695754060856 0.5522944140797141 218 156 89
0.03168705613976677 0.5277088867694206 0.42237745131298127 206 143 67
0.04103250284301021 0.4197315448120742 0.3599350150514678 215 143 62
0.0850686244466138 0.2506414755498183 -0.11755994955866154 244 183 136
0.10040948429418026 0.08650738174397754 0.43776727132157783 168 113 49
0.07820710115575036 0.07855197557444589 0.4173233974111451 207 151 87
0.0013498541628803786 -0.12082647600932285 0.3172465389790931 220 156 84
0.07713115375443395 -0.22561026073771526 0.2983516265692781 184 134 83
0.053172654966093934 1.6000009089972553 0.03998706005965487 166 106 56
-0.08306441561111298 1.4137808228204714 0.2658725160261383 255 187 113
0.22635087513032212 1.3423782446324504 0.5138381370462684 179 132 90
-0.07794601596344536 1.3319584049266935 0.09275259297571206 255 200 150
0.03578054414461771 1.1809984340713546 0.5288234939525945 187 128 58
0.005545811224298919 1.1927787724946828 0.13863301466200703 208 140 81
-0.08980396350201052 1.062457394389629 0.22031981370753642 228 155 87
0.06271429809786694 0.916519365222823 0.4238311200491616 254 206 161
0.251113096174988 0.7228888572029801 0.5745676126107523 214 163 109
-0.015022367283558399 0.6865752593247462 0.42073084247478476 249 197 141
0.27683496437957883 0.663872033510718 0.5583130390389959 254 211 155
0.014869551175937823 0.5415805862196942 0.4201172181448451 255 196 132
-0.05379760534429001 0.35910775694683567 0.14701279375404283 255 202 138
0.15923179721754574 0.17544052950047687 -0.046709534237139035 177 129 93
-0.04438057939040265 -0.03688960668819491 0.2888659650267695 255 195 119
-0.002206575953900256 -0.14080823351775942 0.29923356954900127 255 190 124
0.07770582509940263 -0.16586226725294623 0.34806205875504637 202 141 66
0.037696350405234016 -0.17080179709401624 0.3228489356549776 192 133 56
0.06314273267762605 1.5615554558782827 0.5556639073314693 253 185 113
0.1699978588638646 1.771690567078063 -0.02029542691781199 230 161 104
0.009971057742386626 1.3182278226046376 0.39421669344399035 220 145 88
0.030534123668415007 1.3556597119105163 -0.005605744301560286 210 148 89
-0.1050256487001296 1.0510426250464207 0.24271487188286603 255 199 140
0.03310009840988209 0.9056416003284306 0.38501382998016276 183 122 57
0.431222442825517 0.9911046799754925 0.41544792624720084 134 90 63
0.14928500033023953 0.8746600721362305 0.39031018036635956 135 94 67
0.08800474310966767 0.8714919776953628 -0.0860389323895654 248 185 132
0.030006454095967208 0.7111657322336238 0.4719536003254913 191 136 68
0.04561654953666447 0.5832350571065865 0.43639152288968297 206 152 88
-0.06790139532813849 0.5256803036607042 -0.002828992384051473 163 98 46
0.08536983220904681 0.41048005891646155 0.4023477476203287 189 124 51
0.050698752719453496 0.3648370156582418 0.3185759037026555 182 121 58
0.4617927482023256 0.37252263378878064 0.36606527953067924 240 218 194
-0.04169423666442934 0.3469753221790552 0.06541767857445893 255 193 136
0.2919570082554883 0.3381600812398236 0.3054240996898286 109 70 37
0.06102609023744715 -0.15578440716511027 0.34239241833597 255 202 140
0.031001673858056016 -0.1692512528693438 0.3096091605944495 255 218 156
-0.039022782292010415 -0.17725509984877222 0.26543754023461225 217 156 91
0.03955684822635417 -0.18934761588341006 0.2886262715633961 255 203 141
-0.017352761454515427 -0.20995307852000328 0.24693679332088203 221 160 93
-0.026267451523213074 -0.24214360941353416 0.21834413166230066 255 194 126
0.0704522655805601 -0.7665844598823094 0.0020908338848583704 218 158 88
-0.0680838011034155 1.5525273587701693 0.4298881096594087 135 76 8
-0.11348959031492915 1.4574296680126693 0.1807465206457684 255 184 106
0.008796123858820332 1.319975282096613 0.4102565849023881 255 183 120
-0.0464590173344562 1.3373486291571437 0.15167999901929852 255 184 119
0.22476166581298762 1.3276146444453494 0.5157068562740588 136 84 37
0.06921753756570555 1.1001723893625626 0.5455393433658436 166 106 29
-0.018371724545784444 0.571298179113665 0.39627942690193 255 185 113
0.07229903358094844 0.4187628775718976 0.4008709324649315 255 191 125
0.07712195859357661 0.40236333562997245 0.37627069731726603 177 110 42
0.034489478011740425 0.3811288328218296 0.3123473272380281 214 141 73
0.01527765567888594 0.36961334507263094 0.33028539217121244 255 180 115
-0.005491242814675884 0.01873320671741173 0.34686160610276623 254 202 145
0.31139006686319254 -0.11257175347335116 0.4307286422042952 183 151 126
0.14663581249059718 -0.1148448766923128 0.42990757129834317 181 121 61
-0.09266139309094405 -0.1369602078650549 0.11456430144533475 166 111 44
-0.08285643546885904 -0.22522132697361213 0.165244770176427 255 195 122
-0.058694529010424934 -0.432576936959905 0.02934260365343028 210 149 82
0.2203664341099712 1.7531686815670426 0.4580167949356015 137 84 32
0.5009927017379081 1.8378286576629312 0.5430895322488601 176 146 128
0.2329794860603206 0.3045384292677955 0.30173983875029303 159 114 73
-0.0412084740264575 -0.012702856656403565 0.29392697405517637 175 118 57
0.4643501503035984 -0.6060915765520577 -0.044258786786346115 173 162 150
-0.007521959435243078 0.3874226852363991 0.29220095248686095 188 120 47
0.14918320956144754 0.14496079983329105 0.4541575915037659 245 178 122
-0.03981095608686418 -0.017072976303884567 0.2999724306835483 247 182 111
0.07283685884356031 0.9055521799676406 -0.0854169472966245 233 179 133
0.34484706788821834 0.3559223429580118 0.3658122830996399 181 146 118
0.02738542926890567 1.2611891718874217 0.3784067718395814 130 70 2
0.07402752965865904 -0.17562320591554229 0.35981817419853135 254 197 142
0.030552596137947287 0.6483227189761783 0.44072357624895475 255 187 114
-0.04599972633155907 -0.31780775590536736 0.13306947462267824 255 192 121
-0.010636926584054103 0.3918543547361926 0.2861819796819128 255 179 107
0.3154591544652903 0.07392582775467581 -0.07799727523931024 178 135 101
0.2872601813521508 1.7855377347238122 0.5547843870870529 0 0 0
-0.007403603457722464 0.35247617880087384 0.24717285768650277 202 136 56
0.2885255508202699 1.130430857425501 0.6247200022926379 245 192 138
0.302172714444029 0.8703870982860394 0.49130786153234546 254 254 254
0.00010329892263871363 0.30517027497573385 -0.024970874005401822 181 113 45
0.4434042487293303 0.9665881589095657 0.45694983339741063 254 254 252
-0.02245749593700743 0.30916533903359816 0.14783559038408567 231 160 82
-0.037262877676846516 -0.23629775216094423 0.2057865803980112 182 120 50
0.322985340770394 1.0488688371841497 0.5851551917292861 253 253 253
0.3942040890935658 0.9959076426577025 0.49040347413826146 254 254 254
0.036674763552602116 -0.14495077073946444 0.3138928619016507 255 255 255
0.08961625516636236 -0.8311198272570708 -0.1955962914180783 220 201 186
0.0031760708880574154 0.9178142284673353 0.3294615566875946 199 141 68
0.07740708402000432 0.2596985460959408 0.18409788531694862 226 159 88
-0.008943663196625104 -0.0033156536006638372 0.3097927097008514 255 255 255
-0.047137381308746625 -0.13023869576916908 0.26139488378980175 226 185 142
0.03670037524289788 1.0134272725506837 -0.06058200448686107 205 134 61
0.1943400577144911 0.9091310395321335 0.43984794826128953 253 252 250
0.014005190866100869 0.8805106196700714 0.3081681597681666 255 191 119
0.03619281901584248 0.8007830096201867 0.09209615189413335 247 171 87
0.09210842429017281 0.8246447419518302 0.02978437919770143 239 164 81
0.009484145035145877 0.6403468981169967 0.42951538573732206 255 255 253
-0.03683027875875612 0.606666634436405 0.3896697266545511 255 255 255
0.013055743439603047 0.34221023503744724 0.2688881766521569 226 158 77
-0.0012520704211527196 0.2942807636570766 0.10651631035656514 250 178 96
0.028843625311802408 0.28020720328907817 0.13977366578415462 233 164 87
0.060366264527895536 0.2755052590841984 0.15030397341802526 224 157 86
-0.06398532390147761 1.3200707912983274 0.17525092696388603 203 139 71
-0.024666349077741283 1.2836496827014687 0.2871742018904613 217 155 78
0.19282830630017755 0.9305508141146501 0.3656257355583585 236 176 104
-0.005107580930029573 0.8818681698056533 0.24017603693408496 237 161 73
-0.042561277823440616 0.6059081355999602 0.3722834579193429 255 255 254
-0.017390879136398703 0.5838528838087528 0.3912920864477131 254 254 252
-0.016407625507348512 0.3858090816714073 0.26729581805498737 227 159 86
0.010382000650193903 0.31562037959659167 0.21400630562163653 191 125 49
-0.06823575175303208 -0.15978805479477232 0.20973877097685464 181 118 49
-0.051414858207947556 -0.26900064311415867 0.18603147763642658 184 114 42
-0.02320080664975245 1.2708580499019406 0.24965246444848324 241 168 89
-0.01885823713393614 1.2442826098160795 0.2647283901214299 231 161 89
-0.06725815945313236 -0.31038944656479933 0.1088853887710217 201 152 106
0.03702953510980215 0.9085041053366746 0.35075784853175423 224 164 92
0.020239899363734895 0.3213655738708218 -0.1014759679403767 230 168 103
-0.06466739419362517 1.5183954434002713 0.42565296258351853 165 97 22
-0.10832337874344405 -0.21866657940904916 0.08605662004271922 212 148 81
-0.09488029373371469 -0.14188156441907088 0.1271874517446992 139 98 59
-0.1089759456896405 0.6493215145241041 0.32901938538789677 244 176 105
0.27803454983080717 0.09370058129903389 0.4818592022763318 201 147 89
-0.0498231735690966 -0.23504580283293242 -0.03284126420089796 153 91 50
-0.0063082971539684795 -0.49328878326025477 -0.020746310783593826 213 149 77
0.027700539642070258 0.9074605592498243 0.14313994517912496 200 127 57
-0.00928303083584144 0.7168815286350355 0.3773806297433577 176 115 49
0.13779769476706374 0.0646933023294641 0.4575557706337928 222 174 118
-0.09455142944241587 -0.21979585165692198 0.1875351175023266 222 156 78
-0.05506406176646689 -0.37302820074181625 0.07982438018298052 208 156 97
0.023488603325857886 0.9500718701868031 0.38685002140893276 199 127 55
0.21689468005230414 0.2731566034282505 0.25770311902299586 153 102 59
0.02264054827487919 1.2553702062368677 0.3245163190070135 142 79 10
0.04414071556277707 0.9092374087452698 -0.06547330225380871 173 113 53
0.2250285035645842 0.019695144031303995 0.45992732456021485 212 163 106
0.33326278428625494 -0.09211786184324726 0.4614327515550332 254 255 253
-0.018247312703081095 -0.7117077720173558 -0.14948985089735078 255 200 138
0.2713669116474331 1.4125791450171867 0.6424830849344563 215 158 113
-0.021815701931121395 0.5817993969081771 0.412367424920012 255 194 125
-0.05104657022418424 -0.14907718269129128 0.24740117766428857 195 140 74
0.372941011583033 0.952209149492895 0.4187996146225052 168 128 103
-0.015946444768665448 0.707741754072872 0.4264692747667372 255 195 133
0.21322082955733587 0.6940048803748061 0.5615122552433551 255 208 159
0.2417843822921535 0.4672405112301176 0.4943749138237305 255 201 147
0.30671328384713825 0.47037750561470093 0.5005643931989083 203 158 121
0.03345131701930438 0.38221964951572135 0.3395062478928242 255 183 114
-0.02032032177842541 0.3917365455787546 0.1904855448853901 255 186 116
-0.07327356284958615 0.3857442372157401 0.11983215152744352 255 196 142
-0.065694773142167 -0.2520936533022639 0.16827630970161728 255 194 127
0.08463260853144051 1.3561966355445403 0.5281273809529292 237 166 104
0.08059197061513798 1.3526470389004683 0.503958089974272 199 135 73
0.10347171441395103 1.3535633586717573 0.5322703361462254 164 105 47
0.023203893686791446 0.39078688161798614 0.32478378499096927 252 177 96
0.048030987817365714 0.10990088688118996 0.36859724968006075 177 126 60
-0.013218171062540909 1.3141901226374126 0.28053074671935535 243 166 106
0.06711803968589995 0.9393059070234927 0.3813185356104194 245 173 105
0.24845847856964712 0.8972773334874287 0.44530200813023635 168 122 98
-0.029758419872422857 0.5816805747592955 0.3803887964473742 249 188 123
-0.03865395248644423 -0.0005969359420576366 0.30024641575830247 211 152 89
-0.048506047282332446 1.3013701459721074 0.2755900121381548 170 109 46
0.34123123802092853 0.33313123857336613 0.4099201662143182 129 103 86
0.28383582421973286 0.9155565043199362 0.4566499204930483 138 119 110
0.21212736229673326 0.42753153121175574 0.44895524258751823 215 146 81
-0.05554597591792296 0.36450811072637057 0.10820302702182133 244 183 117
0.08067319440082274 -0.20193331703970663 0.31109917649660745 216 155 98
0.19535833646392461 0.6303008789442742 0.531909626225485 220 162 98
0.06816660719955564 -0.8142833125252267 -0.033485654212368404 204 132 56
0.09827555915098987 0.9186358551135828 0.4125173287713005 216 152 90
0.026684993779759265 0.3566462983398975 0.28785793044579816 238 165 101
-0.02838589720627844 0.6683073182565475 0.37936026677311513 254 209 153
0.13293766963060966 0.12660003843403955 0.4545675649459417 181 124 66
-0.013024434847999285 -0.294889892744551 0.17108384237698637 212 152 98
-0.09775009678487669 -0.3166316944931272 0.08247407195463315 226 162 90
0.10817720091730218 1.8618718343254204 -0.025454873786656635 191 126 66
0.23003239232954095 1.3606901392549595 0.5308321977630263 128 76 28
0.07456622126838987 1.2821625774366607 0.3959807714128457 128 73 16
0.013005216352238957 0.8582282706551703 0.3058985599774587 200 136 74
-0.11071326209032735 0.43050726567731407 0.17388632546436317 190 123 51
0.02850259986305294 0.11520947104842552 0.394392350635432 254 218 169
0.06781806939303563 0.05512981616248099 0.417517044237649 176 123 55
0.27440495094625483 -0.06560669774892007 0.46202282349407975 216 164 125
-0.0347925312303753 -0.1301219081534099 0.25724580912195116 190 128 58
-0.05880700131141711 -0.2859283333516806 0.1573668767632708 253 198 136
-0.09650196789163835 -0.47662665148162386 -0.028605957370668265 244 177 109
-0.09601978009528885 -0.4866862623088423 -0.04583632975189225 219 154 90
-0.06522392238738424 1.4722036279512032 0.4111431343730256 202 134 59
-0.016190877055307133 0.6277492541050075 0.39672774185813736 255 218 160
-0.023210093941902273 0.3208939882425584 0.13471435921146965 252 187 122
-0.043149244658465015 -0.3088868832150678 0.12309895767542778 208 143 76
0.14965191473282363 1.7703088495370136 0.07560423440781014 250 181 140
0.01398165636810622 0.9383748195323034 0.3453886858873268 189 120 45
-0.0600739417409909 0.8982601340089285 0.2503360091810837 255 185 126
0.01974330994196948 0.6145005990438642 0.4225434181155634 250 185 122
0.03957065061479374 0.3681182505319267 0.3068900987960744 255 197 138
-0.05381770298263849 0.36460526346655786 0.13034021537246282 227 159 95
0.030020294645020457 -0.12314882158137952 0.3616090164003323 241 175 101
-0.08849260825957854 -0.34841789903914594 0.08308025030365078 255 194 133
0.030873236477882808 2.21148054995178 0.09182532229152802 162 126 74
0.011313367830724933 1.3398001065186622 0.4410282029930468 191 125 47
-0.0679496342483137 1.3311635069594607 0.18081553163829608 255 178 116
-0.032169452847610046 0.5675723633117066 -0.061812026729929116 177 112 72
-0.041936490120856616 0.5424995490883698 -0.04468275723190634 85 32 8
0.06994538301096513 0.2948273161367617 0.22406114187748855 209 140 79
-0.013182019676059907 0.06602632063828662 0.3162822622656862 204 139 81
-0.03207333303287418 1.302734727241839 0.3117878814546301 251 176 112
0.03073698651057752 0.3909768872454934 0.33580248513753436 216 148 87
-0.0035166037932660866 0.32964414631354144 0.2089783726944465 200 137 65
0.40990692014192753 1.3788479910581843 0.5979281981533894 163 136 107
-0.040832830007434255 0.5608669333643213 -0.04475175657107235 17 2 0
-0.09468657863797826 -0.1391540031619482 0.1074808139245366 157 109 68
0.09035388687292081 1.853077026069703 0.21378103879728397 225 142 72
0.4379700308138195 1.0426646700593476 0.49598332115484217 202 154 109
-0.0946941813713029 -0.16455899555814676 0.10195047960693246 229 166 95
-0.04366613406415209 0.9263554751956972 0.24316952770727146 211 143 62
0.1796891642029493 0.21624844817836722 0.21825955712465117 127 66 10
0.15451479165181445 0.8960793823642056 0.3794888911336126 121 68 11
0.2605021879740312 0.7538436670298896 -0.13314293506312055 0 0 0
0.1410898287570523 0.5055159339886591 0.48557899895546514 206 148 85
0.06309983904489333 0.4390892961664229 -0.16779669951211357 229 168 114
0.061217589565622094 1.2505600706567535 0.02244159747248937 194 133 78
0.034072680148366716 1.2717138388497378 0.2924830971572781 170 109 54
0.1409360817378819 0.9050529478347114 0.4281464950584851 210 152 99
0.3206688147639685 0.09738351027973553 -0.12351240681510905 147 111 79
-0.03811598736468082 -0.7431844863163415 -0.15022171252245664 151 84 14
0.264558971088186 0.8828439592210162 0.477640291025036 146 106 72
0.02292483870292386 0.10677214708884651 0.3539550549601515 200 135 81
-0.07581346951328483 1.552749680000297 0.41391647222496597 150 98 38
0.02832721366097217 2.2923507080354626 0.21475739295615545 171 120 62
0.047362626330037357 0.778397682999179 0.07662901956524808 211 151 88
-0.082236289568193 -0.3254007394950899 0.08637006898621803 175 127 73
-0.010166483153616618 0.052256085635301555 0.32829588004833504 164 112 53
0.21567364845942788 0.8132760132334675 -0.13615861118774159 203 140 87
-0.037605258799125164 0.517179339710111 0.04954705677899155 227 154 85
-0.029649210243602106 0.984357514336636 0.40259418401498376 232 163 88
-0.08986298042728665 -0.2803749257697995 0.021959663003098987 235 168 97
-0.015909405135218456 0.2969458491964317 0.1187240814415285 254 189 137
0.0170865496479361 -0.7579466890253718 -0.07703260223840246 215 141 55
0.07712482240110478 1.3268252288006104 0.42733133590014344 132 75 8
-0.04007034092141628 1.2758791383987045 0.28227649501131385 208 148 96
0.048036323388164034 0.9083699515272429 -0.021846457991796533 227 161 95
-0.13398337498504237 0.3756497430730079 0.0354467707188446 255 216 188
0.032992324740559575 0.2626332052677624 0.07519405137686505 165 104 57
0.051991097392593104 0.08309828767770337 0.3958796354075914 162 102 40
-0.0986737785322134 0.5781142285436135 0.24969784914530288 255 207 158
-0.009264594821051754 0.3718096124997949 0.2743534003103729 211 139 63
-0.005439202239285753 0.31968324737648574 -0.014104515064315272 245 174 106
-0.04453780549364705 -0.04058178009909518 0.2987645362407038 241 178 109
-0.03083597106200589 -0.6883430276453828 -0.1559153372429415 254 190 126
0.10395532013077799 2.2897753075651806 0.19059549510533597 179 111 30
-0.10594492254598402 1.3040683490799478 0.343481435035031 255 192 139
-0.07884544964481528 1.3419356006896563 0.16767306102322174 215 141 66
-0.009312483265793358 1.2440495293959608 0.4169900133990771 120 69 15
0.1214925300619127 1.3031038084402544 0.3601499839086252 131 72 11
0.28406185814233403 1.2445429006783526 0.4915037497762833 253 216 164
-0.05868304970494197 1.1047370848200344 0.4475361285673497 255 212 163
0.34588504444772916 1.0193579106796755 0.5498822117582632 187 153 126
0.01736358697474987 0.9240548822981107 0.32429341387488575 187 123 50
0.1711845716357681 0.8629977504871417 0.4029839626762507 121 73 37
-0.0981020051028688 0.5958120904154519 0.23175856301164757 211 148 71
-0.03218452953524664 0.3678422282848727 0.19164451262715726 205 136 65
-0.04797137751681099 0.0023833172250973126 0.2182372472109185 199 134 68
-0.011608500413685994 1.3215510442923795 0.3738186039828098 212 139 71
0.1882453398525761 1.3722684848707773 -0.15476470230636788 194 146 100
0.08364733891157267 0.8697682238814031 -0.08642114287224481 238 164 99
-0.05658465447428916 0.6839814129269666 0.3471275952752612 251 176 102
-0.028716684423261196 0.6309490725634888 0.36955679567072786 255 209 155
0.18133879215637294 0.5975684339826541 0.5161405807484946 250 199 144
0.05853850110800487 1.5941570751061362 0.09546630022404583 208 147 94
0.2462525861164529 1.42527666735067 0.6446320477256338 182 133 87
0.03847692848913282 0.9046806452150017 0.31728826430889634 255 209 155
0.21246194356717096 0.9148236966267749 0.43849183323698354 142 101 69
0.09090600104175375 0.9045275479501115 -0.1010809807851757 208 137 71
-0.02396955343031263 0.6977342546145778 0.39765964160742334 187 131 57
0.19784279103524724 0.7781048792025559 -0.11203768092329856 211 150 105
0.07236748639346151 0.7108160644773458 -0.0351167281350929 155 102 62
0.07350473577921131 0.28790458076625175 0.20491105840377874 205 139 81
-0.1057238580694192 -0.27266870406556964 0.06834188307609576 218 154 82
0.08175487462245623 2.26222092894777 0.1777196408389366 162 92 5
-0.07204675199310134 1.5437361324493108 0.4193017516770382 211 147 84
-0.06550127133832083 1.5296592505760822 0.4201354727144568 214 140 65
0.2510316399582039 1.4351996032600787 0.6719025211425365 240 188 148
-0.0361615473639645 0.7024974889250418 0.42813649006912124 255 202 137
-0.05167711500081684 0.4002950210302326 0.23284698483900057 243 170 97
-0.02088282622820166 0.02278107885564707 0.28810774159455366 163 103 41
0.037721655428754504 -0.8238880219542682 -0.19471908708557853 163 94 28
-0.04892916281418838 0.023246001324701678 0.27175530346049176 164 105 43
0.08427600805280606 0.9410719704801294 -0.043868540880868015 255 194 129
-0.031055724846002206 0.3263542954537404 0.11317895345788671 192 127 54
-0.0747120519171324 -0.04493974595803311 0.19926585006583902 161 99 35
0.0012354927317876473 0.3338821208353339 0.2507945116059362 223 158 86
0.29309217430679 0.3359813373027663 0.35580600826146397 221 158 88
0.2605078964185165 1.7778176572531101 -0.04763596230742121 221 146 91
0.05519503788363195 0.8327832660584107 0.025947006674247305 229 161 85
-0.07481206244241505 0.4235254757705222 0.17719073548442146 255 186 128
0.05885655116269035 2.3211471131694696 0.2633968784426041 191 120 43
-0.07412021043903602 1.5042609344754925 0.23274901969364875 245 170 87
0.16001341170358366 -0.007617610035002913 0.4462501781628827 216 167 111
-0.04145820368765947 1.3014835885224294 0.18265621479270164 252 193 138
0.312801975503127 0.8556825614750841 0.5310936402325168 181 146 108
-0.04028089412684533 0.366395435998434 0.1932450569225814 194 124 52
-0.06661561929428522 -0.2203829091603376 0.20960752499171423 239 180 115
-0.012887546886246689 1.3237796517299607 0.3968800998141463 189 121 49
-0.06973389542790742 1.013659293464042 0.05328224071525315 254 213 167
0.1718010721707615 0.8412693317227913 0.0824928815506768 173 113 63
-0.0918080675288746 -0.4888381735848549 -0.04799342036109978 212 147 84
0.14258096154097405 1.3617963954883379 -0.1177794144857989 206 137 72
-0.021988117873230448 1.0395753980655564 -0.050286856517646916 236 162 103
0.13877033692398374 0.8918100852007117 -0.1360569967755115 250 182 120
0.11475691966736656 0.8312855644373068 -0.09225055058604309 222 153 92
0.1708829998696458 1.3353230599765877 -0.11164817988866269 208 144 83
0.07136687525841914 1.0979373065582767 0.5494369241935185 174 116 41
-0.029975315615337027 0.925247052682072 0.26392461661980865 235 162 93
-0.012789593449559907 0.9213431273229509 -0.0005042350861541638 196 133 71
0.07741195606956576 0.11992402986551133 0.4137830494701959 186 137 85
0.03474306141397627 0.09099129730311681 0.3723494328989086 196 137 79
0.10964944059703446 1.9156044752016248 -0.020889717844902855 243 177 119
0.0873128452376621 1.3021014117642067 0.2056594243305752 251 182 141
0.26588201805658646 0.3130154250562394 0.31563866687343356 219 174 141
-0.07105810842634494 1.549807595259478 0.4289025290352882 134 81 12
0.3754863541422993 1.9536530050241203 0.46719984329581565 255 204 160
0.20891194029089646 1.3013169648051957 0.5614445985553047 0 0 0
0.04572854993930412 2.227709098040895 0.12990265828274059 169 104 50
-0.06292526580039158 1.2541883164924077 0.004958727332135228 208 143 77
-0.06296023266220319 0.3658372376237478 0.11370748380092582 239 171 97
0.3576685637237295 0.3741449743130232 0.3926411324651772 253 253 253
0.011023043021957224 -0.2407574103792652 0.24204146008930855 232 172 109
-0.0922926959475053 -0.27386977765651727 0.09573495004817474 245 181 110
-0.02107649553206699 1.2158022624039073 0.1792540768201538 153 91 32
0.026814879388555167 0.08080979163588128 0.35591085475694606 159 100 32
-0.06764669386056056 -0.4469898609436895 -0.1027465226303974 208 147 84
0.21156123923563191 1.5561990140622113 0.6928640034708271 204 156 101
0.13500508726832575 1.3920041869717503 -0.13226065528366177 194 134 70
-0.003360263402664215 0.3892724936044777 0.306787913812686 196 131 65
-0.028661355625989975 0.34708471068810953 0.1629078036871157 207 136 57
0.19120208850077688 0.2443599455314608 0.26743643695996727 118 65 14
0.012794784414886002 0.1183659533924912 0.3598267680972974 197 141 82
-0.038761557245922416 0.01265810969202772 0.27080477167272143 147 87 22
-0.06661561929428689 -0.22038290916033745 0.20960752499171426 249 185 121
-0.04261557939540818 -0.40182032699263076 0.0465319151543485 204 144 82
-0.0739381430424262 1.5381491204540443 0.4115343122999316 214 147 76
-0.07752925618138509 1.386811560602952 0.07473820293534543 232 158 83
-0.0810420879177185 1.1121224970207981 0.431174839065509 202 146 80
-0.09285469800622169 1.0662548539142611 0.13367702173758236 243 171 97
0.13694672317179638 0.9175673237573646 0.4244435359443254 219 154 100
-0.0005499094557473317 0.8837584134670039 0.19704875229368854 251 194 139
0.10093758477820143 0.6701399938818229 0.5097173784539174 182 124 58
-0.10233181770552002 0.5226935184039688 0.3026325925164259 255 203 149
0.10388641319921281 0.532457881232888 0.48136328407917506 243 192 135
0.006556863597635413 0.3776595313304001 -0.015269516981864227 191 119 60
0.08618859624137609 0.11902179027869912 0.4313375493859256 232 179 124
0.1601578352409286 0.11786184894059548 0.47391814406099286 236 188 135
0.2222938148092617 0.1464156240205909 -0.09809881043427839 179 129 92
-0.08830989243709972 -0.2768610233708097 0.16356494169813154 235 181 113
-0.07983876953224638 -0.5400097162434525 -0.13264313024128405 173 112 63
-0.008790101161924314 1.365165862183665 0.01679785204827096 221 147 72
0.4514286149737805 1.4010444178967547 0.6180882013623349 255 247 236
0.0425507365115399 0.8967658609934049 -0.0801356435836604 225 150 82
0.03726594997882189 0.8215231418004157 0.11199401319523647 249 191 145
0.15313436175405032 0.8645887915607341 -0.13640958587191168 238 167 105
-0.05975398205638903 0.4817340658574823 0.34255935607888127 231 160 84
-0.05396036898794965 0.3635129385719662 0.16367966416415447 255 187 120
-0.031587658874179296 -0.31710422499943286 0.14661392030319334 191 141 89
-0.09277159349520217 -0.37314543071151873 0.05207812523595251 255 201 142
-0.006827332763541123 -0.6269865374860013 -0.19033566576880037 183 120 66
-0.016778353779183276 1.4965964757224768 0.5031992537995562 204 144 74
0.07410978278542989 1.3091875758053584 -0.011620107018280028 201 136 68
0.13038928592099097 1.292466716167311 -0.07491322291176282 193 133 71
-0.14667037916823253 1.0507109546758824 0.2697838487604609 255 201 145
0.27330442945661615 0.9159573766982319 0.4315929183668853 152 112 81
-0.12089435749113066 0.6768383535621105 0.28153910065051263 174 117 51
0.1725479889545035 0.7745872866559649 -0.07280792065108685 171 110 56
0.3489064296101288 0.7950661858141106 -0.17341515307416305 200 165 129
0.05884719289726174 0.5405835378610305 -0.1702527001841508 251 187 137
-0.0003729613538886005 0.33815992857981503 0.22249454063318946 195 133 60
0.14976732981726076 0.3212421019920553 -0.21281088547945154 255 199 139
-0.06613928461371718 -0.05653682271829768 0.24054540992326676 237 173 109
-0.06454673682634544 -0.5092937894518791 -0.046312520480414905 253 202 147
0.013078931455359254 -0.811876379122212 -0.15208400417788143 176 106 44
0.03786105020089959 1.2829930655100232 0.4058348123625755 170 118 79
0.0454506771996129 1.2964295882135535 0.004220293268560522 255 192 131
-0.10092311029219452 1.0535566295887622 0.24042665743768166 254 204 148
0.02006702386299847 0.5981009389225672 0.4134776768647298 244 183 121
0.01852072263709791 0.33202359916408575 0.23696531265117285 255 184 117
-0.09268895181792498 -0.12541522455083523 0.129707563004699 173 115 52
-0.10563190704605363 -0.3305819588329201 -0.013106351142737973 238 164 102
0.15296174112385072 1.6095267028401443 0.6525026282577906 173 145 117
0.27342522078992304 1.3419900765878403 0.5373199806932568 142 96 50
-0.07510314629582279 0.41243015529948274 0.11027317111836968 231 153 87
0.010200861556480756 0.32477772187287435 0.21008100201110153 240 164 96
0.14316378479476988 2.3414878906628536 0.11108263072015145 253 185 135
0.21120140496728296 -0.15183736372849432 0.3741917898690134 216 156 86
-0.013088972044636936 1.123644544065646 0.45018086176611455 255 218 169
-0.028523474950056145 1.4218597149573575 0.5131712047713127 198 131 53
-0.03431298599919567 1.3332471760280202 0.34111772259853673 243 174 115
-0.07130031407575976 -0.10491144776439303 0.19118464961589984 230 170 98
-0.037296339007615545 0.9828305906542518 0.06365641729735448 217 143 72
-0.11059963388932653 0.8851725934413605 0.11283121689670042 255 192 128
0.23077944775271675 -0.6631572799425944 0.047630854426261776 183 148 117
-0.04247853176552656 1.5335624150758005 0.4643461347124734 224 164 97
0.004084327976281181 1.52153370317552 0.5266609394085296 241 187 123
-0.02483343934148658 1.2824085881580198 0.14572957832641717 185 115 53
-0.11321754729589749 1.0894472413810603 0.37173540958531626 241 176 111
0.2893779456847568 0.9720761308262291 0.4799678993928129 191 140 86
0.01904623931960997 0.8767818850433046 0.11920800357822935 191 124 52
-0.07721297095010944 0.5524970306664064 0.22230253630352081 208 136 60
-0.053800319408049704 0.46523023886569037 0.3147563198703643 201 133 55
-0.07511463908214026 0.3757937616351152 0.15499851946385018 247 176 110
-0.013666741330082182 0.3326885512018876 -0.003157719203201043 221 157 96
0.20251349505455696 0.2882029773269624 -0.22281430072955813 208 152 98
0.23215094216808285 0.16793784294440728 0.06274709922316023 139 87 48
-0.03834886985181913 -0.4991003561920721 -0.019130315157694856 198 130 71
-0.07343816326724995 -0.5755767813861614 -0.12863405952183019 231 166 98
0.3991816509335159 1.413581318177309 0.6153110613877145 179 136 107
0.008281849405885885 1.254087643878378 0.11480496387746836 162 98 37
0.2070343652422096 1.2511649054930838 -0.08003871683811437 204 147 104
0.1009125593620835 0.9295366699943851 -0.07329431422055485 180 107 38
0.120335216287134 0.934797315168766 -0.07494458883245732 180 107 38
0.014510045295022258 0.36437618365351004 -0.03878004296467226 183 115 59
0.11259103720425663 0.27004401896306274 0.21627141513598383 146 98 60
-0.09416838599963238 -0.12858558846870433 0.15949621633345035 222 163 93
0.08640438105674333 -0.630402017324606 0.014312942620941493 227 189 153
0.2565490550934015 1.7867737339064085 0.4926292157267418 154 93 41
0.22556223906083017 1.6969408669378432 -0.05127405283131099 203 134 77
0.1388149095069966 1.3835748712894382 0.5224800161785216 202 139 88
0.14121789174572663 1.2595273745837277 -0.05659636147803964 175 114 57
0.006067506861581464 0.9456538846289927 0.0364397266478201 224 150 79
0.159779109205845 0.8961340937008233 0.4121869721240926 139 90 49
0.09415530207387147 0.9228591559831134 -0.11389572173097205 245 171 108
0.11863710046869959 0.8799448075553434 -0.1143895771309151 212 140 68
0.08541591566372188 0.841213209932963 -0.002965398709652877 209 143 82
0.18597536463379116 0.544493344297609 0.5126165594402002 245 194 141
-0.0670557882341629 0.4141944755977115 0.05877315927842108 241 185 148
-0.07367471117098794 0.3874668356873741 0.14657346194508888 232 167 103
-0.024384012126271455 0.3249837196298389 0.11191756314892636 207 134 57
0.021566852947586913 0.3045336762368246 0.18558518252794526 168 105 44
0.025601739530933833 0.2919429233194498 0.14755071376847062 189 126 54
0.1630147210740368 0.1724981215397343 0.4542474974654981 229 176 125
0.06485172509857502 -0.7330104150224992 -0.1349925049011967 255 204 149
-0.034505880948148535 1.5140028843647637 0.4399987217949305 238 174 111
-0.00734862373705931 1.3729146221432509 0.4677026029384951 254 199 134
0.00829315359418662 1.2948451610199772 0.05718812338721496 232 154 88
0.19711533300508882 1.238406586537139 -0.043901647519788214 144 88 41
0.0949789871009713 1.0960837651973976 0.5701466616883237 246 187 131
0.07999830814978251 0.8959297055022863 0.38348046242638406 202 138 77
0.13582817858875051 0.8684167840779976 0.3914496784224945 159 127 106
-0.07131245428697668 0.6933121868040423 0.3139026803367259 176 121 54
-0.08015440563722716 0.6626448038596334 0.3137224909220855 255 202 136
0.2328402317405586 0.7637776657514597 -0.11111181907151473 209 156 114
0.058541086744344585 0.5538271976591734 -0.1653688126769792 237 174 121
-0.09828553866286512 0.46174806347155606 0.3291271763089119 200 131 58
0.2776665787779542 0.3369023492468195 0.34525456683497613 161 126 98
0.14099013394691245 0.14296407309826845 0.4638169008516686 189 141 87
0.08011862197416778 -0.461481460051992 -0.24243691415832097 191 146 107
0.06162969449127372 2.036982339441797 0.146083500819124 177 110 39
0.07863336762608428 1.8908814157395981 -0.0021049367612319047 175 108 36
-0.008641603966805867 1.328438926582715 0.4173748585080064 184 117 38
0.3585081195474585 1.4414836718875357 0.6686590531347124 192 150 112
0.10181971939140866 1.2834685332178655 -0.05403835690200886 237 157 92
0.1803186219673303 0.9520704354040168 0.4707925618458157 181 129 79
0.03502651642114304 0.8684002037552299 0.3246311616817372 202 140 83
-0.08571390436547123 0.43094792438122376 0.11144279727327441 255 193 142
-0.016987737677968115 0.36651851159258314 0.2417642664905873 255 196 139
0.18363308180286478 0.22399767972513804 0.19152922285703397 169 119 79
0.15653033872533847 0.22355489732299277 -0.16656477354179283 197 134 68
0.2838566497393427 1.8031302767192339 0.46680202900662454 255 219 188
0.4356269858537918 1.4120349451246763 0.6231698975953146 157 127 111
0.10864882681248313 0.9846553793207612 -0.1376636517667796 207 136 66
0.014184612604264374 0.9181628260984857 0.08458389939164761 255 206 158
0.10069183169694605 0.8064146208750266 -0.013351627276307508 218 153 99
-0.06033932106430115 0.35736920993465093 0.14773473878081128 255 188 126
-0.0677321893718436 0.3460318252750465 0.12523512658811445 255 182 110
0.04208638845224655 0.3275184488853474 0.252760666057647 166 106 43
0.030744206339927083 0.31782824223275574 0.2332030530766275 177 115 54
-0.005124901107514209 1.2484312890675395 0.23691818853081367 178 118 61
0.35247191159872576 1.347104105742332 0.6042819065864169 144 106 79
0.057950928510676125 0.8274500421363683 0.12712663505493405 157 105 55
0.17657275293475172 0.7787688827952115 -0.08541104858459124 218 151 96
0.027953227449092177 0.2963281640634064 0.02214926839173138 255 184 113
0.02441930097763577 0.11548486832062878 0.39633455731040906 246 192 132
-0.10002253050805508 -0.33552267548863357 -0.004591420180882368 187 129 56
0.05761599983965622 2.2559847032111415 0.12124167973025926 189 127 70
0.13628027276681043 0.8018997048155988 0.07670853467337016 247 174 126
0.08299880983414214 0.23741649453804498 0.0759172704970701 250 181 130
0.3448331280244846 -0.8030628226567158 -0.36200410838434904 253 180 120
0.5908568602139913 1.0856526726134035 0.4956929733901061 167 136 111
0.6167095573443631 0.6809390704920832 -0.05154665597162839 189 126 56
0.5830037246742611 1.5623213198097754 -0.045436491915737155 179 116 59
0.11099244023447717 1.2585370260339048 0.07181086287991219 144 92 49
-0.04620526155539066 -0.20722513276195792 -0.023857213116433174 239 185 123
0.2551620964254659 0.869140948867694 0.47709779236088595 161 119 80
0.025078508606581243 2.244596977839636 0.1278688745905464 152 94 38
-0.05103737849174153 0.3592679429196705 0.10300692421270752 231 158 87
-0.09413352521575408 0.6682817421484328 0.2815149178266624 246 183 115
-0.09680552092939788 0.4611175120858477 0.16150066473385982 255 193 133
-0.05259418013462479 1.2871293585388957 0.13774402557826287 201 129 58
-0.006953238999016656 0.2899162399455901 0.1042971483740141 255 187 116
0.6279595036730344 0.5668139372179003 0.4395089035647658 253 254 253
0.6278275234610525 1.5345861258116422 0.03850353882727255 111 74 39
0.5765901477715724 0.6712845430015782 -0.042925773912854 169 109 50
0.5559381015764634 0.4995884588375116 0.3807522430165736 225 167 132
0.20461585478351083 -0.1316099237909975 0.061305448352345325 126 86 51
0.5441498901740754 0.01369626140942446 0.1491012012200565 0 0 0
0.20433491864000644 1.0368093486583703 -0.1664935893460652 225 171 111
0.5888871836447203 0.28271225835683034 -0.19397065559178794 253 189 117
0.7597763697255733 0.22852088408500745 0.13585985388922767 251 183 117
0.19417185282504923 1.7198592263510728 0.22889018462351354 182 148 122
0.718280645429257 0.18449316279616362 0.2536938780496965 254 192 134
0.6043720489842599 1.887136295037493 0.3816396958237656 227 157 98
0.7084425339898098 1.4419928546860914 0.3668459519498552 241 179 125
0.5135765438021055 1.2509800251883385 -0.08203014829954754 192 126 56
0.48628569376112346 0.7270721065761618 -0.11397065354054482 220 150 86
0.5297286275738923 0.7595020719637832 -0.11140366027647532 252 199 142
0.629928048745057 0.5691541413725127 0.22416791257225432 109 65 31
0.4841401641305973 0.6577293110253964 -0.05678126141076056 82 51 21
0.5350288862617175 0.729987133929866 -0.051482457169301665 249 185 124
0.5460394148790919 1.5844412780192865 -0.05065351439570836 233 158 93
0.5858008336249477 1.309011260356101 -0.12893812005615254 255 210 164
0.4008187475445972 2.391474570542414 0.10395359722361437 172 109 38
0.22409562610196035 0.733544337584617 -0.0494548946556209 225 177 144
0.5398376795004631 0.44289500067037896 -0.19276787293977588 255 201 145
0.43134762140682986 0.27424614711135786 -0.25961332396279474 198 135 59
0.59837149546661 1.3050901657636047 -0.07377866773969874 255 182 116
0.4967961345060344 1.2526334775325885 -0.08102949568256423 189 128 71
0.5625498487760561 1.1780609089591136 -0.007514052746846242 135 77 31
0.18958174914618245 -0.40117412773761035 -0.0154556749329528 184 143 108
0.5412792331611755 1.579153517815491 -0.0321340270360816 227 155 92
0.768483506306197 0.8454935938110724 0.22049312406163366 230 163 95
0.6300901736533829 0.5854007533884024 0.21241209689279597 167 115 58
0.443603477091426 0.5094507199395462 -0.26599790872418766 177 122 53
0.2148919691922404 0.24464268558463675 -0.18066237134234112 232 185 139
0.29561591183897307 0.17789583060496175 -0.15044480022926815 187 138 98
0.029455344965723343 0.0897263735174377 0.26460436325319575 212 171 141
0.5473963001642439 0.6695680513103558 0.0005535023750706162 216 149 89
0.30750033252681025 -0.8414233264577765 -0.2877999780208764 186 131 77
0.5857957395357858 1.1685445652109725 0.050130620241462684 157 98 54
0.318530201970327 -0.8195494555376142 -0.37953333634232533 245 213 183
0.20710917339682478 -0.11437617605724577 0.0650081257425786 188 131 81
0.22773724143420168 -0.10882947926592476 0.07936045390285845 170 119 73
0.6817928925524948 1.5290354448550487 0.14708968498984623 223 153 93
0.7085350920300071 1.3059963337675444 -0.1914228908479018 255 217 180
0.25403091516718906 1.3772126936131524 -0.15888588626710226 208 140 67
0.6893217851388481 0.3542730392410885 -0.10625001023454846 230 159 77
0.4233637358479267 0.3003305344775556 -0.19039275604331626 254 233 209
0.45112982514962796 0.4941921257209518 -0.27158981142761807 255 209 150
0.6093482185037598 0.2767590209214651 -0.16813752231137924 255 197 141
0.4669859876942851 -0.01909415181152674 0.12097450495838769 178 109 43
0.36574061914177053 -0.7998561470155452 -0.26065557471144796 252 202 131
0.5697904424866724 1.6671012669679435 -0.012015797649374636 216 143 66
0.35536249708420686 1.692648572616966 -0.09175871203820983 251 190 126
0.6757666753585226 1.2729245976698058 -0.07389679115151598 255 213 173
0.5824324416044776 1.2972877582185631 -0.09764828265226756 255 208 155
0.6441006379092545 1.2745118560096174 -0.037622147241136696 222 159 100
0.6659271714292502 0.9935851821439337 0.20326126191023344 254 205 144
0.6435943968441972 0.5085017182177894 -0.003180205630065629 167 95 11
0.5826741685862628 -0.009561417189623115 0.09689853257891946 179 115 46
0.20776344799240412 -0.12828192182973241 0.09525055327071055 219 146 83
0.701448905277941 1.5721724972846458 0.051595763966293215 236 160 82
0.670556657288956 1.5001427821226239 0.10609660368344315 159 104 59
0.7507127760331839 1.2703180363348214 0.04744609747668452 220 152 79
0.5606659260509831 1.1866362825946501 -0.010400350643320342 204 138 83
0.6123146816272574 1.1044759095381407 0.44794458341639587 214 160 114
0.20351096622000442 0.6837450736050106 -0.06924007510456286 192 151 123
0.6352636046691931 0.5616286564064049 0.17688399282610612 132 76 36
0.5763887551676495 1.1934919845344591 -0.03706930890557311 227 163 106
0.6426984402618794 1.866357080079328 0.38076187724590016 185 124 70
0.6691341585536805 0.6007490321004918 0.2596659608154509 226 207 189
0.5787651802647792 0.7036958957686653 0.0885922167570336 255 198 140
0.624351751655723 1.0928236102419733 0.3741542507010028 208 155 118
0.1742971184049614 -0.09204147437315748 0.0684256931222472 233 160 93
0.7978014619522391 1.2496781508489114 -0.1997136394505558 227 151 68
0.08054019870116519 0.13188005810012388 0.22165433977383323 179 119 59
0.7056964986198392 1.2720248160923426 0.0542182191952307 254 219 188
0.6118735316215986 1.2049737369417939 0.03500542071588593 191 128 58
0.7492573926307535 0.6730080346757471 0.1718599165246195 224 151 68
0.43510549074112803 0.299621925841057 -0.20633172106287417 254 234 210
0.42412445052926245 1.3397718214466425 -0.17105796080789873 207 139 64
0.23760662648774356 1.165435139240072 -0.0306991403619719 193 143 102
0.4935204367883118 0.2787565043414461 -0.24714789244464583 254 217 194
0.6098285308613313 0.11706359482282112 -0.043407125906989426 199 131 56
0.5808241163251717 -0.031696662966580774 0.21777096699886986 247 186 139
0.7123885364125436 1.190006517115772 0.39846522817032853 240 175 119
0.09637064239994361 1.2257566782792861 0.06177037691315717 255 253 249
0.0972161786614532 1.0341638142802407 -0.08663239173232554 225 186 145
0.6505259159548464 0.6482411660692367 0.039760511702375476 157 97 35
0.6269537092499394 1.0773448106248402 0.2835320584627152 160 95 41
0.2624360457006244 0.7274459381430821 -0.05388552733880414 208 155 111
0.40644421722549134 0.5950391788107438 0.3213406263841987 130 74 27
0.5016644497140835 0.48165601304386374 -0.20795152648139084 255 197 127
0.3313970074633896 0.3917887161495486 -0.266547828687704 184 123 51
0.7042019445496175 0.16643829643154073 0.26302117612939957 252 182 122
0.016151550897062324 -0.46423386651140686 -0.17899873389911813 199 165 130
0.6916653018935546 1.5102314439079059 0.08820260708544474 160 99 49
0.556669821018752 1.2642086266603136 -0.05178405109615005 255 181 125
0.559214992196432 1.1303679630883905 -0.005581583460059647 129 70 24
0.5809744090621508 0.7032998729656271 -0.1222296727122285 250 176 113
0.2249020541800643 0.7705882074878045 -0.06053025686156982 172 120 71
0.6588058144529522 0.032864185883459886 0.23905141147328346 186 141 86
0.4105037612872006 -0.5516141488387841 -0.11630333816721568 150 121 103
0.5656114872251682 1.3629359807249164 -0.05263920543101245 255 183 115
0.5629526193434958 1.269795448396836 -0.11194717863558391 254 184 115
0.39580378813180905 1.2180414713209244 -0.015064136198542072 175 122 77
0.259197925096003 -0.0978928921355182 0.17219260356611185 140 91 59
0.23270396458632572 0.7683451583423516 -0.052945976584318946 214 153 98
0.5738752159682639 0.5082511104679861 0.3356323858100429 150 100 70
0.5158290236327632 0.2574469152850109 -0.24792524492876206 255 184 122
0.6301508958413982 0.22889787242760684 -0.14292226093341795 242 173 104
0.21782232975448584 -0.8736657801183859 -0.2626554719251878 254 255 255
0.10374796347753339 2.4010340749294974 0.27376051007245916 200 139 72
0.7571857029606704 1.670075434508682 0.0799661515450509 255 252 249
0.05694997908806381 1.297125669590362 0.09611597122850908 205 138 68
0.21426967262944807 -0.8129870302289496 -0.25265367842296077 196 130 62
0.21236145472138113 -0.8138556151965203 -0.25036595364513636 196 130 62
0.5379421432766 0.47831989731044083 0.21666411603851762 251 255 255
0.5119062278386599 -0.6530549258023579 -0.09977989451841461 255 255 255
0.7283410598534553 1.550345977769784 0.28504469159988377 255 252 249
0.46340369731951725 1.2617552648561514 -0.15806591946808252 233 166 96
0.14872662359615463 1.3068595262065623 0.1541425431001512 235 166 94
0.6151997410802552 1.1443077265039268 0.1547941793239923 228 157 92
0.7901871434439177 1.542034283127339 0.3378502039463317 253 252 250
0.73211180596083 0.8291001099351537 0.27204097984191045 254 254 254
0.674286881830363 0.2519811849468195 -0.13636600027297674 236 169 98
0.5768820017727693 -0.024108123666012688 0.3319726199427943 255 255 255
0.18893171041916731 -0.8786929563797213 -0.27812842634322427 255 255 255
0.4078430495117549 1.5843335125348361 0.1308575369264238 240 162 85
0.6064556626370768 0.5141682997445592 0.21483925139269242 255 255 255
0.4227365944095789 -0.7917442012956637 -0.3613182608697053 255 255 255
-0.02827269329700887 1.3028812549681634 0.2081954716091186 141 104 76
-0.03247727459016088 1.3262325879445838 0.24953808963743127 143 104 66
0.29014982833884906 0.8314473786218727 -0.18296468540211683 255 191 125
-0.0075862151030161255 1.255075852629991 0.21021421212291577 225 211 196
-0.0075133746543470745 1.2554212527779138 0.20995410966702455 225 211 196
0.30623232163931 1.3410509288291208 -0.14586703909739915 0 0 0
0.36923242086182195 0.40144290712613706 -0.2837727732439489 0 0 0
0.6600527819918653 1.5219820997627294 0.09698149508280615 212 154 104
0.6749408183724347 1.252169772292436 -0.009042379763883735 250 192 142
0.39632971805648043 0.9404365714106206 -0.13438769629404118 220 148 71
0.4303150902356766 0.7101065924528893 -0.04400890962843868 211 138 69
0.5837663685825963 0.5030492529301042 0.4209048081067104 255 255 255
0.5196221100182394 0.33115693130449925 -0.2619113141334713 222 153 78
0.3198580684298383 -0.8436806258379527 -0.18487318505125286 254 201 148
0.28576399119732293 2.0290809450781535 0.15466507781529315 117 63 0
0.3073398581714505 1.0335272636169601 -0.14024096572421155 250 195 130
0.7230891875588127 0.6520656850867207 0.07735495053230404 182 115 45
0.07864974422523859 0.7022010589480491 0.003046150458004635 186 149 122
0.48261900850499606 0.39519759856327086 -0.32963344726049265 211 144 66
0.6500740380960209 0.29405721294827564 -0.16538674471000706 228 157 77
0.5803751299121943 1.5442270367199658 -0.055632897521545044 204 138 78
0.730765628974063 1.5337696154799692 0.10684156585241092 179 112 42
0.5765211266078301 1.2618301734967976 -0.05379042887652447 255 201 163
-0.07667216660598203 1.4393441451966558 0.12072071815303163 254 253 251
0.757498781960556 1.2227434113567446 0.26910787992212687 209 135 62
0.4742072423847161 0.7578938349769953 -0.08797571791509974 201 132 55
0.37653634933993974 0.7196016896382701 -0.1394972294077897 168 108 51
0.47922764594282374 0.47474112830580456 -0.24756544264972372 253 201 141
0.6255465610514056 0.4103905847202254 0.20453512873900043 212 144 73
0.5460776016059244 1.6840177965548857 -0.13809188098330266 190 130 46
0.7873358581077977 1.6116488223919794 0.05662022790390063 251 176 95
0.33978951857911444 1.7267468308372729 -0.07325327986207464 180 123 54
0.8374698355464286 1.5910986644232188 0.16866227744280884 254 182 111
0.557559717091314 1.5603094293464035 0.03297640983107961 198 133 75
0.1338658530170195 1.4562679171415305 -0.07860563316178094 214 174 127
0.5940386472301408 1.2881625968835546 -0.049608636695899 208 139 61
0.7212755585860317 1.2335395382498189 0.4575531088753876 202 149 99
0.7714284262047597 1.1618690209183682 0.17437780020919963 225 151 86
0.3032126916095478 1.2566680237858296 -0.023673023276709938 208 148 100
0.6605768587981204 1.1680921265827915 0.18753653638616108 163 102 44
0.6514403942539639 1.1402299921639707 0.302598079586189 184 122 78
0.2151768838459164 1.0553798336205884 -0.14379065599799104 244 185 127
0.4189606430953283 0.9580845848350819 -0.19273509655789786 221 148 69
0.4142903057787567 0.9612928718357571 -0.18577318909909296 221 148 69
0.6129223242759857 0.7648245683804563 -0.025429313194916228 253 190 131
0.11657944716219998 0.8290763040024955 0.012905292747472829 208 164 127
0.07149651447699441 0.3658947882895932 -0.10619293172999715 216 174 130
0.5086183171416694 0.19757327364542135 -0.16921474278228932 213 142 60
0.5627739836207782 0.15925930731434396 -0.11970217109514385 248 169 93
0.27513144370536585 -0.06535910946205759 0.08007115998084523 206 140 79
0.6331424108848154 1.8811549377256 0.35823592972986096 176 113 46
0.1159456040034195 1.9428600624323265 0.033303728431864854 204 162 120
0.3879054564980477 1.3487239771462285 -0.18693952700180688 253 217 183
0.37888816535405273 1.353824645348241 -0.1746020245526275 253 217 183
0.19912145427080527 0.9925933370413154 -0.09164443182550634 236 175 108
0.588803064705329 0.7296069218919048 -0.0730863949443554 222 149 72
0.5140014883889987 0.47256875052540065 -0.039214844446704644 200 132 57
0.21937430377036005 0.3199825688005359 -0.21620170623612833 209 154 90
0.7247909024327345 0.23962976070492142 0.002557328973064098 221 144 72
0.4964017593013949 0.21768019050370543 -0.13097328669333294 255 215 171
0.12428309502191358 -0.05136004870645787 0.15148108611764818 204 139 72
0.1197286985448917 -0.05139401851954532 0.15825489993878572 204 139 72
0.4009303311999188 2.3661897772062015 0.10684260077959847 174 112 35
0.6122298407081179 1.6802029640633531 -0.1827266401614675 255 215 157
0.7916230771295386 1.60307758722031 0.3359225458366011 255 193 125
0.6134849723251883 1.4813728235508659 0.47231727102873033 255 219 170
0.48766768297139973 1.3838451885083227 -0.1217833658228312 221 155 77
0.7642630231480085 1.2576961780464946 -0.06993121482168259 254 215 182
0.584647549243778 1.295463320502222 -0.10106936922643064 255 208 149
0.5516748953512697 1.3064495031417367 -0.03813835868480496 255 197 139
0.790719379902784 1.2468439703252658 0.10095333625853979 255 211 160
0.7176885903613729 1.2769222515765997 0.21714637326393202 225 149 74
0.6614118639133284 1.1436766145889499 0.2011434468305307 188 126 77
0.7239620863238551 1.1470643174556725 0.3333038201297694 187 133 78
0.6505057030461632 1.124646840092262 0.3055145093261748 197 136 89
0.6425277237712745 1.091543879145275 0.21595804574134855 148 96 48
0.7170721605062964 0.8839254476127179 0.11694719688071951 255 227 186
0.34136392272535365 0.9326218589865164 -0.1917092073211418 241 176 107
0.6109508999271217 0.7249865358353976 -0.056096362144407906 255 204 140
0.4673978419066957 0.7441738508423374 -0.1296875752892712 255 197 133
0.4677568100020987 0.7440723215426635 -0.13020912772957438 255 197 133
0.6628361237753577 0.6576578453582184 0.04992232217834035 255 200 148
0.6076025959149047 0.6460864705007758 0.0015140558882105158 168 107 48
0.6701699128568607 0.6129210079195211 0.35068663398104827 251 189 132
0.67660461248284 0.5907372333722349 0.3082955222313408 183 124 63
0.35171567441084134 0.6368590935715589 0.15872655512755918 116 64 23
0.7070173706636317 0.24719382556317374 -0.16312621878942954 253 209 160
0.4199518609884398 0.2708536645587564 -0.27043612870848865 255 208 163
0.6013240691976609 -0.007911991464290353 0.06503465239098709 189 119 59
0.2697669664183719 -0.07494425707233397 0.1571476504590981 136 79 43
0.1853769215659381 -0.06338966240931958 0.0883807650034911 172 103 34
0.7737687008535833 1.5300407286642277 0.056976286937671296 233 156 86
0.7451866940605122 1.239428579219252 0.1578606343741311 254 193 131
0.3755203506045068 1.2844958751957296 -0.07305953681894829 169 110 55
0.7195116668102682 1.1994159227629884 0.3592932398705682 206 144 81
0.6129807294054411 1.1542867838021296 0.5349758834820391 199 160 121
0.7010819511795502 0.7602888032966523 -0.10072755531526542 255 199 151
0.6420889878639698 0.7525744877509455 -0.13104488660041774 255 189 119
0.4226590765051419 0.7815695381550141 -0.1712065113994577 255 186 116
0.5833903590690632 0.7474505485643569 -0.03278163991128977 254 211 166
0.5583887957153912 0.6130334922072493 0.00998786553939574 158 109 69
0.5839765113240403 0.5749770205585003 -0.018450756873767158 142 92 59
0.4369405959241801 0.41241178603052175 -0.21930068763500332 255 204 161
0.5136490565432938 0.3950434019186165 -0.26284446773483483 229 169 107
0.43283926174330345 0.24628458946254403 -0.24008771723242334 254 208 157
0.4410662140808829 0.2361434817494508 -0.2346142526693669 253 216 174
0.27904285831571884 0.22436354497626868 -0.20378876040386132 199 148 100
0.7135454378069228 0.09499047538125413 0.08446483949426153 238 168 105
0.6906154769619529 0.08715418197406763 0.21806039487200712 196 142 73
0.6971637954589873 0.06841935895465316 0.16492774912044617 255 187 127
0.668487165774543 0.04710266352304301 0.17507201694519164 200 140 80
0.1561827125533916 -0.027217514601141864 0.18339997535448002 252 203 156
0.1561827125533916 -0.027217514601141864 0.18339997535448002 252 203 156
0.2952798240399063 -0.7957118062089487 -0.3684072299657449 255 199 132
0.3313786929292319 1.6392676268348498 -0.035490225702282906 137 102 69
0.33388740234906766 1.5985760545289478 0.09111163451567628 118 75 41
0.699215118483731 1.472656733903115 0.43871076091085803 195 137 97
0.7453202551111577 1.304535882200068 0.05918587690736828 254 182 104
0.7493544824718515 1.2819518440005595 0.05964591465813016 255 192 131
0.4896353800925019 1.3116679121971342 -0.12569361254710087 255 196 131
0.0830751437797669 1.353185796584589 0.016337503860043786 244 192 135
0.393762099503375 1.2294353236287403 -0.05784119512845831 209 143 95
0.6742903758889208 1.09168986034337 0.16004969111822193 240 169 134
0.6263344080625798 1.0723686657725813 0.3538715939836249 171 120 78
0.2702894278977562 1.0444222128982483 -0.17612451494191547 217 157 95
0.6126911888207448 0.7512692001758436 -0.03787898276880537 255 194 127
0.6879840356351875 0.6649675445364944 0.01163735817152235 194 133 74
0.17022387425707408 0.70145442775374 -0.04179968399868932 165 130 110
0.021052907644569487 0.7122203190263456 0.03822785488725804 190 155 128
0.5227240521784322 0.6002908171060314 -0.0011249117490686822 140 94 60
0.615133377899362 0.5383036162920268 0.19651269314637573 114 68 35
0.5632431280381414 0.506981248647394 0.38705124116937584 153 118 91
0.4460959660640247 0.2773363886230225 -0.25770510050594564 255 183 114
0.6727890124813611 0.19537283995651322 -0.10537968145228033 255 200 141
0.2907142215896589 0.22825003365005583 -0.19881175710209348 240 184 127
0.6373805293076211 -0.001451113229285231 0.22262230374237746 255 198 143
0.6172544678692342 -0.015098169074964845 0.24049678070625868 242 185 139
0.24622231499250888 -0.01418566244943292 0.15033150772981613 254 201 161
0.198997945836171 -0.08223835504751621 0.22373173896274132 214 138 80
0.4655389606069399 -0.5886445780644627 -0.054230598291064316 254 234 215
0.6440930814560986 1.2821474133281787 -0.1073743674005333 255 184 110
0.6309804968083462 1.2564227460475916 0.014380294989005763 218 152 92
0.658595811188579 1.1245134105049683 0.17163764531340048 192 128 80
0.5622403541762596 1.101620544288804 -0.09473330809447661 128 64 0
0.46321595670675614 0.727051332513907 -0.11979359367388956 210 143 71
0.5344472183313946 0.38160322775551303 -0.2523641259266442 255 188 126
0.24228187369384513 -0.12314238668379074 0.08679418847026155 188 123 59
0.43613600906682903 -0.7728236310051603 -0.39420208258141054 249 180 118
0.37395541288278117 -0.8399372639789771 -0.37495934712460177 200 140 68
0.45632762749594596 1.2998269346133344 -0.0542362380663227 205 142 80
0.5954354024436768 1.1804848103693655 0.04010586668424456 160 107 60
0.3336601462914229 0.7522262955319918 -0.11426585847106946 183 123 63
0.5439771984922137 0.3848126361255357 -0.24022123502046341 255 206 148
0.2718079592606758 -0.05487693717501942 0.14932097329773597 152 96 56
0.4541190643610031 1.6112560994283847 -0.09318079525149191 198 128 47
0.5917127469287702 -0.607036440470384 -0.34378211415909943 221 152 75
0.6809445285468029 0.7383126925419595 -0.028644761427079068 252 191 134
0.6280714611335503 0.5997324136749741 0.15412614891678403 177 114 63
0.6825238329747424 1.1520091491372826 0.23641305702276744 168 108 48
0.1491189715625993 0.3804565120260136 -0.1618853193516105 236 184 127
0.576648390017995 0.0971730500484177 -0.03749957061023482 230 154 86
0.8082282230453179 1.6268912852258455 0.342159356425716 237 174 121
0.5480886301133869 1.195691947485422 -0.06934674938934707 255 192 137
0.1667453542319367 1.204930175904635 0.02534209457285159 152 101 56
0.4334372321749819 1.0340389620110115 -0.1923192212854403 184 126 61
0.615446108905553 0.7375145626208078 -0.029326021751098656 227 155 81
0.27919134411221364 0.7347575234150826 -0.059201606766276046 200 142 85
0.5587554928522437 0.6463376897060567 -0.0037944497399363688 154 93 39
0.5309775150564076 0.49180968484805276 -0.2311705075714632 189 122 37
0.20964045580213592 0.37730831348448063 -0.19605085254669907 209 146 70
0.5248785672844779 0.03985319231196547 -0.013258979407936593 213 144 77
0.5187094159129534 -0.04232034911466475 0.1461711748390416 180 117 53
0.5477012093676099 -0.061501162579726966 0.2647788596519811 166 128 101
0.5450876684161703 1.9193550095484737 0.2120319264142986 142 80 19
0.20328824150786143 1.8521644620736515 -0.0411440543027609 226 175 120
0.5642798538632776 1.5976099101189054 -0.10964738956796838 255 188 123
0.2087085371077552 1.6934141626293768 0.1756829595276594 171 135 109
0.2768468100185849 1.6150899752590424 0.11983941650773793 210 177 155
0.17000591173453208 1.3963266603511126 -0.11263750766116988 214 157 100
0.6805509453459009 1.2394187323384587 -0.05176138587061606 255 209 165
0.6454582776272767 1.1798565275419235 0.11521402052010006 173 115 57
0.49862730306108743 0.47943010613860226 -0.23933486815972743 254 187 113
0.5185310395430468 0.15393819892443963 -0.143147850067692 200 128 52
0.4485591193375188 1.6876090279888372 -0.10537710215114968 255 193 123
0.6488183484302746 1.6043536972666619 -0.03165086879668569 254 177 94
0.5477307641448971 1.5796245668525715 -0.08572486881628692 220 150 88
0.5806177376383906 1.186561862741922 -0.07103328845286502 255 193 138
0.6298320699421591 1.1516434194989587 0.10466406575920423 149 91 41
0.4983291869864491 1.1465349404535687 -0.08836624510807348 126 71 16
0.6552379244524874 1.1227671994791995 0.3294419100529679 160 104 57
0.5918255165666456 0.7013700491490161 -0.04348777288758119 255 189 122
0.5749789387436594 0.05009556724738718 0.0007316425564897956 237 160 90
0.46321701854999076 1.5259401566710393 0.11226414389804472 180 118 57
0.46158674491233165 1.3817174340635971 -0.09310491570983549 255 193 126
0.4743218647122247 1.3657401260851234 -0.12691265424719417 186 121 49
0.6008954022943324 1.1619975934427396 0.12136828658106281 175 113 74
0.6329900354985234 1.1000406923751442 0.3006146301373083 149 95 58
0.6452949089299626 1.0828033138074393 0.2614217556959174 237 165 130
0.15354950601947764 0.7525312694421784 0.015915633894452153 190 153 128
0.6059111751784177 0.6008040400031643 0.11149046533920798 253 193 152
0.6392833759705694 0.6008145341594566 0.43413200686937675 185 153 127
0.4692517366913981 0.47421421137641945 -0.2851633642357313 216 149 79
0.4450152896098391 -0.583736159844615 -0.03374271173097357 211 197 184
0.5315565382452366 1.5866184041602498 -0.08861829794238799 216 146 78
0.24859637522509362 1.6857375421084557 -0.02973973303979773 174 140 105
0.4718757089199598 1.5720088505854903 -0.0509258814405749 159 100 42
0.6178853654612319 1.2888901493723455 -0.08529045910980357 211 140 65
0.6411588243478835 1.1285790844483665 0.17612812050669585 212 148 98
0.6401893928234658 1.1017475955006766 0.3130504870917043 195 136 94
0.3026241070054302 0.7525709264324861 -0.08702057779806223 216 151 94
0.36546722490316375 -0.125931339210666 0.24662411124214034 202 147 107
0.7084991541323904 1.4613465066047129 0.35638361711572314 185 127 87
0.6192958446674987 1.144864762448736 0.10760997067869327 164 102 58
0.3559832868323048 0.9096935645753211 -0.1816374761619213 243 172 84
0.6409556713306991 1.4604445131336674 0.4312892383207992 112 75 39
0.6974299023118127 1.6925447911161817 -0.01609412256051663 253 250 243
0.14887409150490782 1.1214081256126274 -0.001350515163876632 0 0 0
0.5120242612204822 0.6201197636910728 0.03817680888448397 185 125 67
0.6986200326473923 0.10431065348694718 0.14850173338338407 255 255 255
0.1588606541454519 1.1894643897459245 -0.0009255030662591927 132 86 43
0.7727546654530075 1.2555252143209275 0.363583397288923 254 254 252
0.7414847259509754 1.5784716470657476 0.1076083526823677 240 165 82
0.1919391326426499 1.2269656104481974 0.017709321852427004 186 141 110
0.3913815377932864 1.5640225406672137 0.04356941788394283 155 109 78
0.610904354494681 1.1144076670146954 0.30629829538732095 255 194 147
0.18453559381852325 1.461335410385457 -0.09951253486051245 195 152 99
0.46514111533919783 -0.5585423651444251 -0.10099248686035149 207 192 179
0.7840216979566426 1.505254811407301 0.33765341941829236 245 178 118
0.47787311561345064 0.26230871226975555 -0.25006642093579773 177 129 75
0.23072517662339956 -0.05692102516014507 0.08053731833859788 171 108 58
0.5743279111179901 1.2110591135865323 0.028443068742256165 221 158 93
0.5174004409447768 0.7065727075177839 -0.06643461437718984 189 123 53
0.2194657502504689 -0.2054665101520926 0.12976339228619183 163 109 49
0.36883617555624576 0.9483608912818382 -0.17897672087168864 254 184 113
0.13473212432691997 0.5130830543605363 -0.17742480091484375 227 184 138
0.4041803974768131 1.7900666892223032 -0.05417478507161745 203 142 79
0.5114734968500604 1.5849848867229301 -0.10463400366485393 181 115 39
0.5502351115307084 1.3270784172305614 -0.1783733271335572 251 210 164
0.5149981223377756 1.2877952122722132 -0.09055788651731794 204 136 65
0.736641287177044 1.2069158245537785 0.30416560639356804 204 138 77
0.23455426463494777 0.6760861007958886 0.028195220140897058 124 71 27
0.6642080112754518 0.6110073063081736 0.19179594289764657 150 95 31
0.4356526462711447 -0.7439290113204992 -0.35850640583029425 235 166 83
0.33542898308613966 1.3266415507634006 -0.12274547442392733 209 139 67
0.429664095119074 1.5795567721050894 0.1619842387244201 163 127 105
0.7811862942260325 1.2565232529625883 0.2907252415139364 255 188 133
0.5562212844739228 1.1300648586845645 0.008596059601275656 143 81 23
0.7172785655802509 0.6913081104672423 0.2796173107895033 255 197 135
0.738883905986533 0.2523067157164349 0.174668813837248 252 187 127
0.5767596608065182 0.09070368174946404 -0.08062348237380179 198 127 49
0.4973798107833782 -0.013497253574245228 0.03301316680253206 205 147 99
0.6342744198428188 1.8702824198775518 0.3837760072610114 255 252 249
0.6219598648143406 1.576021948795107 -0.04583656822604922 223 151 82
0.7481362877804411 0.8231359347969023 0.27690872066234057 255 198 136
0.8141120622853475 1.562494980613109 0.25987670968267135 236 161 96
0.7488574132668597 0.7928140647157642 0.24958848005233988 231 166 110
0.5919380189869743 0.5297574213400825 0.2426275246310181 176 131 95
0.08957396334993815 2.2894094077815943 0.23746825694329757 217 160 107
0.5173374316480441 1.3124126815777177 -0.12089054372245057 209 144 76
0.12339761283617319 0.44120276576872974 -0.16500012811571912 247 194 140
0.2652152766421055 -0.0687424637423862 0.12439702237346371 208 140 77
0.23177750653362153 -0.017778887345767134 0.16456798310650544 176 132 83
0.7469768470355584 1.5683254281503398 0.18637379667139092 250 228 208
0.5269686758165514 0.3955128895939812 -0.27676123986104 253 178 97
0.35304733777639413 -0.8055908723294521 -0.3462234777571964 250 223 195
0.6004661871787186 0.5579480620189006 0.15849293184932095 106 52 6
0.358371828804005 0.9652629434074261 -0.24903206959235843 214 149 69
0.6252557635372965 0.28978012484722604 -0.11805560755613435 233 159 76
0.550036677800362 0.15984957127140823 -0.17623937438060522 219 142 60
0.7216539473552789 1.5321739882932426 0.014006679025487124 178 117 52
0.6581581937227855 1.2391721032143745 -0.00650967350109807 252 186 123
0.3437377562642099 0.7271400187545037 -0.09391040207338142 174 111 44
0.6434574134614061 0.5781480350209859 0.2343642394287766 191 138 94
0.7256262254437066 0.3495415974727694 -0.11754333382783891 254 186 108
0.7123969859800042 0.15532631846099929 0.21783847599445638 223 160 102
0.6887284255956508 0.13654166421458983 -0.04444544086171729 215 140 63
0.33010851866371876 -0.9015716902190979 -0.28568300332869145 171 115 54
-0.0013596468043358904 1.3363377913232473 0.0939011403409127 224 164 113
0.13049443701900046 0.8550783295228666 -0.04696116583643211 210 164 118
0.7036061449506719 0.7462283910567734 0.13143737986050014 230 148 64
0.6557005598166351 0.6134320415124741 0.20777971422261104 149 91 36
0.5160333969189985 0.1799471673208902 -0.20981305181634716 253 183 116
0.564491985168681 0.11750910184027603 -0.10685171002955693 201 130 53
0.5269505685484042 1.6992079014855554 -0.1407244259068765 203 134 56
0.5624706051481619 1.2216683934161423 -0.013529858437377784 179 117 56
0.18172435747365323 1.2577854836365638 0.018355716570641157 129 82 38
0.18192082719018304 1.255571018120145 0.016754079846176412 129 82 38
0.7415773712535378 0.8239267984594556 0.3451868223702165 242 182 126
0.6083387913392466 0.7724353952695492 -0.12681992997785987 238 165 86
0.5401301329204234 0.533399740489835 0.23115382328985962 189 122 73
0.0371807118284648 0.5684803560526291 -0.09547183329008165 203 160 117
0.5438176266778669 0.4072075249184661 -0.22701649517298625 255 214 170
0.6878413673893955 0.3548895013017701 -0.10119319367436543 232 163 86
0.642705742621 0.254146930888311 -0.20715676911992953 254 203 155
0.1676278821865932 -0.17371856975215266 0.21191857643337828 255 209 157
0.2921196824885933 1.69279658353721 -0.07297560920834578 220 154 94
0.7310194867903222 1.5849453547714163 0.013564631417899852 255 189 123
0.21423074742872372 1.6654467763761618 0.18012152190848027 170 140 122
0.7237969749406351 0.7326490136014668 0.15218448733241635 255 188 118
0.49448048991714116 0.7185342057204055 -0.13686215788600609 238 163 106
0.6113523298908692 0.6662314485228983 0.058007976482014494 175 106 48
0.658782202853868 0.4434962211599089 -0.1757005601898524 191 124 53
0.07555336047569104 0.30516583769474004 -0.09317410122928654 217 169 128
0.19382508195904882 0.2167920078763547 -0.13459342630683888 205 160 121
0.6427840677963793 0.08007097934622022 0.0063565297082102115 200 128 56
0.6737365279234527 1.5171243595140382 0.12776400510898953 166 101 49
0.6896065382889125 1.473774211042734 0.49948412750849597 176 137 111
0.03597889452058907 1.5200908534110011 0.03076944667088647 213 179 142
0.7059262554445709 1.1529762711968812 0.23257474643296117 199 136 85
0.5787205060105685 1.1379042619836255 0.061787404619680644 160 106 59
0.5774331746070587 1.1383278226819105 0.06472500976363854 160 106 59
0.5036459759630997 0.746913618579312 -0.0972240436483705 214 144 75
0.5003894900440798 0.7317889774181514 -0.13297664849231566 202 135 64
0.6253444958334426 0.675571608032234 0.059235009506958966 255 188 123
0.4675760690766036 0.6673027058136518 -0.07564698654456829 184 124 73
0.1643626768785246 0.5096012739500079 -0.2043816454830246 250 191 135
0.21070060651909933 0.28848166044425966 -0.20619020186803852 192 133 67
0.18495812270637407 0.23640112601370403 -0.15609919442352113 184 144 107
0.44132303615690216 -0.5804582608240997 -0.06895872444178698 234 211 197
0.33675337595507027 -0.5652738904795591 -0.36343101707559083 164 104 48
0.05777575765701119 2.362193764868933 0.288666347634162 223 185 145
0.1456807368767712 1.8974214964837188 -0.007247309280801309 239 184 130
0.6520008543375829 1.6019423836659237 -0.03614502715358703 254 179 102
0.5262790101249581 1.594566741269884 -0.10020273768929713 232 155 84
0.12729413776299456 1.303554566511053 -0.026509982265732302 236 178 122
0.16086409402320379 0.7961607211476712 -0.02477925648959792 230 175 119
0.4841683636868057 0.7164829653660374 -0.1018165568630686 254 181 118
0.4888611143187711 0.6495530442074153 -0.048906686528446576 176 123 83
0.662920405942583 0.589596743029739 0.2891399409350502 196 140 91
0.5437028182026444 0.5932165327976335 0.014839453336978153 253 191 152
0.3350922394336499 0.3935337563273307 -0.25509096736309966 224 146 74
0.4895972480056438 0.22223407984186574 -0.2303661367916771 255 192 121
0.499311913839468 0.7228315294022014 -0.11196807019017248 193 122 50
0.5437673053911551 0.6254569374410234 0.046435519567570284 137 82 26
0.5469140208985843 0.5793605924612242 0.012623355855674104 123 71 24
0.5296735875713137 0.48759336406884285 -0.23065932518229304 189 126 48
0.4255467349619596 0.9955326851884811 -0.20222857002991504 252 184 114
0.24715467319413395 1.7040415177116894 0.1309839078810982 170 122 66
0.6004661871787186 0.5579480620189006 0.15849293184932095 106 52 6
0.6418564517587625 1.1179658967930628 0.2710590106793423 251 175 95
0.45368435448424377 1.5960269892779382 -0.07440676810890451 222 152 81
0.5330594949134541 0.9502423424408554 -0.20828136740662742 230 152 68
0.5945277817377282 -0.6232055962450199 -0.062392457564601544 170 123 82
0.4046641803142298 1.7436054416238425 -0.14027024021566306 255 252 248
0.028655925242600567 2.3577453148870804 0.2827329041563402 255 253 248
0.3057620119885069 2.0122964136291968 0.12763487809251153 221 165 114
0.3084824593980313 1.585634004146173 0.1253242447469011 216 156 86
0.16856738946382777 -0.8338245724288446 -0.21575161337683124 255 255 255
0.6862114326290236 1.58995148580553 0.016383440468926837 130 74 25
0.6368762850605347 1.5732948622580465 0.004545737174878257 172 113 47
0.7378046643504849 1.2306817750365275 0.20956929256999351 146 84 36
0.4634935056022074 0.7462957910975303 -0.12381093226669088 153 94 38
0.46369766572897786 0.7461133867696723 -0.12361527399496736 153 94 38
0.5420284596061404 0.44881824794270775 0.18262675151786248 232 159 80
0.6279338673876149 1.9043036850690958 0.444449930172816 234 162 77
0.29478891771950005 1.8199971764685317 -0.08559025162493626 254 253 249
0.6453173013443779 1.615719342619291 -0.06014499730931552 130 84 48
0.6567209977119906 1.3066567413346193 -0.04282021231325878 253 193 142
0.6752073087664766 1.1577737901860332 0.1584093022408956 205 137 64
0.5710977704977328 -0.0032065436747963543 0.09018517534485787 169 108 54
0.14460052171387 2.231576666343825 0.2149100949208893 255 250 246
0.1701229461238869 2.070765930432218 0.10560467519592785 255 252 247
0.28078077680156344 1.6581104475524102 0.1178054743274777 175 125 66
0.7236499219805828 1.4716041661233121 0.33718165306707265 243 170 102
0.7281798648112209 1.2791647100344985 0.023989809996578425 242 167 121
0.4606560699392618 1.2673932052159926 -0.07991080198914781 140 84 32
0.7855463477075776 1.2734109846169672 0.3394219404768643 199 139 86
0.6256885642991901 0.6716038381982692 -0.034191636870469506 169 103 41
0.5768526219310388 0.034803354881852974 -0.0030906436035633184 183 117 59
0.1325916455133796 2.294398253740571 0.23842582277950566 254 251 246
0.6048260824647956 1.7195825054020155 -0.08130497631518264 179 114 56
0.4248842269448137 1.1756767217680992 -0.0374701573719214 248 194 134
0.4860022507083639 0.8160792034689672 -0.17037358159810886 160 111 53
0.5766450471503004 0.6870198735624417 -0.09765040798575185 177 112 48
0.5633019872494749 0.6495076563997694 -0.022347894582637435 195 130 64
0.5335826022477533 0.474988388515753 -0.23822419006478085 220 154 79
0.5250604269423724 1.900518192844964 0.19945181793303451 213 141 72
0.3665202891494418 1.3959359823502568 -0.18706187993062678 217 146 72
0.3639618233994981 1.3284018324834583 -0.1524928930997017 200 138 85
0.26224235919939975 1.2748618720846605 -0.03736518088468567 165 115 66
0.4995349997080336 0.19608773101601937 -0.22290951059652475 184 124 64
0.21551326560915063 -0.1029732978575279 0.06806145747405717 169 102 31
0.20904504773578397 -0.12657833839133234 0.07188812370941156 178 113 47
0.15479865921880961 0.33422438985300873 -0.16926494132803727 236 183 125
0.7713005864812825 1.5106108927170658 0.08983292155288924 225 154 90
0.7240439939521852 1.5067637201387105 0.22672984350438732 218 150 97
0.5345140305056014 1.0127694366458935 -0.18363113507509957 198 130 48
0.5346440183555522 0.9636830555927717 -0.1812191994997381 193 128 66
0.28794945850968834 1.872688374489314 -0.00493300821645824 165 105 33
0.7423877571287913 0.825259896102829 0.3109642129706278 254 195 137
0.6084771220461103 1.2784971135841507 -0.07112333277039486 207 138 68
0.436383955169559 1.007645998402533 -0.19589145101883249 255 194 132
0.21046922735130036 0.8955980586214551 -0.12744131660654912 219 151 77
0.5915021459932049 0.7008451917522964 -0.09067510475269479 255 195 136
0.5493943431368967 0.6776284781689397 -0.03107472799217702 177 112 45
0.5661530120893186 0.6005949879565415 0.04118348067743829 104 54 1
0.6161659182272308 0.43532338860076547 -0.20814133860692774 254 182 100
0.44192998592994187 -0.8008428333654825 -0.25262161340542405 255 209 156
0.46913811122304155 1.4238579415942283 -0.17737698189823156 172 111 43
0.7065777564189253 0.6655618759942975 0.1965648350921432 252 190 122
0.5849292444641261 0.6286339711053567 0.043234678457538346 188 126 69
0.6602251407624229 0.6115713480447449 0.19683348260805802 149 94 38
0.617873382116263 0.5578334635439236 0.36798734628165375 169 122 80
0.4721006442690172 0.16213483804363799 -0.18122679494847468 204 135 55
-0.03435592815400442 0.6999207146932517 0.010552776944814277 127 66 15
0.14000024455568563 0.22863378141541646 -0.12492435748993952 255 186 117
-0.053718979858980054 -0.4918133582827731 -0.004708102837509772 255 202 139
0.17600989467143757 1.3585283244404112 0.471836018494359 180 105 36
0.336956704903596 1.2587987741043054 -0.0020237034770532853 162 99 46
-0.09650722015051678 -0.3136752461397255 0.07576085526426138 223 157 97
0.42748923429507957 0.7892837230006077 -0.1761462308665929 251 180 114
0.4340666002629439 0.6923623719624457 -0.10911234909363123 173 111 53
0.22481628053576155 0.5224944601543368 0.49362876082933543 254 212 164
-0.03507196668913384 0.4750084115597226 -0.058192065974135024 138 78 28
0.13031895779894004 1.340655637148212 0.4626316107933354 185 131 84
0.03908256230901252 0.32629448123426125 -0.16251895156624918 255 199 155
0.0925453848684279 0.6661417071535471 0.4775266305804201 209 142 61
-0.04136124909861145 1.3376124041072517 0.21388095491042683 187 122 58
0.52254453845265 0.4380689561823077 0.2808171176894235 194 160 133
0.14884239132221186 0.30923225151277245 -0.0978896575021187 255 201 143
0.19646724837584106 2.009870057702977 0.3945679615148971 217 155 99
0.0431414723749492 0.7437623027575699 0.030105874156396994 236 176 113
0.5294889832213768 0.4954063291985606 0.3789297121409009 226 168 118
0.12146645165803069 -0.25041827186536925 0.2468337652866813 228 163 115
0.2555790319361728 0.1482094063251347 -0.14614941019857722 255 194 133
-0.04073331831756881 1.2201783527680339 0.15954988251120153 188 153 125
0.21403551974457163 0.9910068477376639 0.5230701617278081 239 158 93
-0.10999806129171245 1.0364367411715767 0.04641711944552716 254 253 251
0.18044820515723453 -0.13183073667191247 0.4207023371818731 251 179 103
-0.08110610846180473 -0.3049628105277006 -0.02548385605962664 255 255 255
0.27668375921932875 1.4252061613301958 0.6340859662949612 194 123 50
-0.09465518941277073 1.0660327687007005 0.17732867789996004 230 175 115
-0.07063563106514308 0.572253297097146 -0.060303526406701335 255 255 255
0.24504737455621475 0.018800076291833192 0.07237073680808576 255 255 255
-0.04074988103245214 0.5274107754527023 -0.03552633391238327 253 253 253
-0.07026086817595599 -0.5029957505120979 -0.026144902718011762 236 167 103
0.07529072623631004 0.8142203188771385 0.02981278559109521 239 167 89
0.14745570795183346 1.0985639559625553 0.5517447925388029 110 75 36
0.13220106246127897 1.1161090309810322 0.5638542760254166 234 157 75
0.12571579076505723 1.109273231563403 0.5790678954402333 234 157 75
0.47003889654479963 -0.5671222697804572 -0.19936551643077777 171 147 135
0.5437131951635988 1.6072196317852123 -0.07636538204449819 244 177 120
-0.034085971524462674 -0.3992463388893002 0.04678181472676842 226 150 70
0.10422352441761197 0.8297198034216144 -0.03723718584661718 195 133 69
0.2385503208470344 0.7052334517028184 -0.07755027271016753 207 144 88
0.17222309868165953 1.8595450096319772 -0.05130133579726446 234 160 89
-0.04235188895004663 -0.2078480127819918 -0.01922719095826947 175 132 82
0.19315897130324558 0.10827398279617337 0.4769737176843204 223 155 77
0.0948389858334252 1.6585680231453355 0.4841292953667069 175 115 63
0.04484263396789821 -0.17280681382068439 0.3225121108659995 211 142 63
0.3193480654651988 -0.09353217181512961 0.44040183343685096 241 177 106
0.21784042057987413 1.395545292873892 -0.15989215626754844 235 167 97
0.13102756933961365 -0.23665716313585974 0.28331831988694683 242 175 128
0.12903456213737433 0.4309041743648978 0.4252499350462031 253 172 93
-0.056597887310301964 1.4469510880845393 0.07755233265003329 221 149 67
0.1251214657983364 0.9767940686975944 0.48766671640148057 251 176 107
0.0645919198401917 0.9074364731821588 0.39082620801378154 198 153 116
0.5868197755452165 1.3463021538974234 -0.11161423913782695 217 148 78
0.060977778085095635 1.0750222874501776 0.5125282155301559 250 177 103
0.07251301078867986 0.054563974481565344 0.41916460125973076 177 115 41
0.0378586877813034 0.8295834233676093 0.2149616621425629 142 91 46
0.47889689772264105 0.6949358988974003 -0.10288606078178794 211 155 106
0.22508519259776133 0.23893933971466177 -0.19651524250538224 218 143 67
0.15934865660303488 2.0415390732805454 0.35938071351187884 254 179 96
-0.08069411354643943 -0.17335680463317582 0.042288492597941936 167 108 37
0.44335342982936315 0.4150285938989324 0.3994821734520493 0 0 0
0.2429022063609944 1.796033243577967 0.4914767719980964 145 88 35
0.22262805780477235 1.1138367067095372 0.6050085774604502 231 157 72
0.1489385626712017 1.4506881218339982 -0.11896955727566885 198 134 63
0.012717600032214778 0.9154556181001022 0.33165042130333144 192 127 61
0.39922444991344924 0.5294037996993698 0.42421381068563785 244 181 114
0.5932267078133168 1.845648923756426 0.482586560151886 255 246 235
0.09760711440756856 0.8154978860156417 -0.026400227135601563 252 178 114
0.49711752655816904 0.8536103814637841 -0.17137773789986213 254 190 126
0.22375071683070935 0.9835528455143542 0.49980795691599156 189 120 51
0.15585679433675365 0.739495191323375 -0.018955190974039773 198 131 76
0.33522341095842495 0.6743023090826733 0.5352817651605233 254 219 182
0.21696938498669438 0.2810788104115866 -0.22918365404818059 221 145 67
-0.024126890792934078 -0.013196008274466008 0.32749244997827703 237 168 98
0.23168466991560213 -0.13639596462821127 0.41238281175063835 206 142 72
0.19289032314642104 0.09391148162519881 0.11040840126856048 182 117 53
0.3942863472403308 1.4304917823384355 0.646535701792716 177 116 51
-0.038915953785426345 0.0075127811415462075 0.2855481177285368 196 148 108
0.16533387979062972 0.48430366735234204 0.5088629179598562 254 185 118
-0.09040447080294406 -0.25772729507742714 -0.010317590226217786 233 176 121
-0.023707530685501514 0.31448333315294935 -0.04576615939613055 252 255 255
0.2767768302299711 1.4706144170183033 0.6654591365679896 212 135 47
0.5221040952113534 1.5076612068496829 0.6481490150522826 202 144 70
0.11964723957071496 1.699802494203742 0.36140181018582435 210 161 129
-0.08904775250197265 1.4966513058822064 0.40763876963222145 223 180 146
0.35671715342995947 0.9629913535167325 0.39307892818538037 147 105 73
0.35671715342995947 0.9629913535167325 0.39307892818538037 147 105 73
0.3838942756063634 0.7420187655232896 0.5717884621845176 229 164 82
-0.014726155009640899 1.2842560533179672 0.08433134767646147 187 122 56
0.11348860290833732 1.2673323255236923 -0.03415106757535401 191 124 53
0.07496517354326211 0.837243007027877 -0.013454282580806736 255 189 123
0.5326607722929266 2.349355996216599 0.5508579385967328 240 186 126
0.16606430550692158 0.29669532820856476 -0.2141646506076098 241 170 97
0.3059825415643879 1.071931965149876 0.5981729411191287 199 134 52
-0.08160321778980494 -0.4776908456857904 -0.15287223644422038 201 145 96
-0.04108556552603826 -0.5769408958805445 -0.21474548695372583 198 136 79
0.08161302271304646 -0.7513918116785114 -0.3356858384047843 255 205 148
0.31092950473887054 0.43764903808192757 0.4740025104787075 171 106 48
0.4363804235938942 1.6900645489944717 -0.11966926485320399 209 144 78
0.13123441707000486 1.2442933965100116 0.0013445303072200446 163 100 37
0.05746991756820017 1.249923575493067 0.1794488491572483 227 161 116
0.3493156559119222 -0.092039994746909 0.46569252731680594 203 140 73
0.005227374787115111 0.8722683772621415 0.07612463927574026 253 178 110
-0.05789046464077008 1.5036448510600977 0.4259967980322094 249 175 102
0.03844706511258218 -0.06653442339783668 0.01294597395024828 159 98 31
-0.0535479798492635 -0.4915664880257117 -0.16848220020300017 96 42 8
0.5914024459713291 -0.6169422745623895 -0.264725685809682 177 140 113
0.26736702467363804 0.985910921538753 0.4949025700287765 250 171 112
0.10584718700274749 0.7811304490974927 0.46589973557149994 179 115 37
0.025913258242640368 1.2819968891751912 0.04652666080315285 241 163 95
-0.0303911151733339 1.280537682431735 0.26787310410908327 232 170 119
0.042092515842817944 -0.1464090326415031 0.3305418851999485 234 167 95
-0.031869549952231666 -0.17756250859552045 0.2781270712064382 229 162 92
0.5406625762499868 0.048342595304259106 -0.04716419134720059 238 188 141
0.3418402754872821 1.748332697201967 0.5765475148471291 117 67 14
-0.0542744426445184 -0.6213496823876732 -0.1944952154651529 163 106 51
0.3538346283642497 1.4287564092721206 0.6315382866776158 231 161 98
0.03919164917234426 1.2673714482419198 0.03305581704222451 239 165 97
0.01117073914253964 1.2291941595726834 0.4041543608873114 207 169 133
0.32840364531637545 0.9908832952396743 0.5053387957108607 255 184 125
0.0638112236553001 0.9612356073427943 0.445066029990582 253 176 106
-0.044676771624531236 0.5693771503848429 -0.03560285981485312 144 105 84
0.5611564531096793 0.5984134907798759 0.4826671892956859 206 151 95
0.2053571883234525 0.14695508856828682 0.10422089562970827 147 97 42
0.1160145046258611 0.08443315232029036 0.4434005321549211 179 118 48
0.43980014281634905 -0.08517204235230487 0.41195415558373566 241 180 119
0.27054798175659245 0.01629115821851049 0.0374197088414966 214 148 98
0.021462379551661054 -0.25106305333632545 0.24170599534631865 255 180 102
-0.026159454913383957 -0.37435167741856235 0.08180564426139156 255 180 105
0.06124879508227006 0.8153504528416695 0.3466013307027077 209 172 145
-0.06277166809675701 -0.5066253281232361 -0.022991622684709837 161 99 37
-0.03528030300376353 0.5621361091700737 -0.05408855605360532 139 95 61
0.25036822887217375 0.09023001276629239 0.05797186817841903 188 129 71
-0.07140656640092456 -0.0867606054833613 0.1945340527928376 253 205 144
0.6425559742567934 0.1036296286692062 0.3052053505681421 219 159 89
-0.004509158491588944 -0.5351267124542705 -0.0692252272948068 255 194 119
-0.062306908998011334 1.3251449966316393 0.16935037539862274 255 179 113
0.319371463374429 1.0310616377079591 0.5493071754049508 231 159 92
-0.0846787995938343 -0.3333217366675527 -0.009694867319333514 245 182 118
0.44724150200437135 1.0059215200090488 0.3727427625962092 126 78 42
0.5628644160663333 1.0289203298447078 0.3814361892235043 133 84 34
0.32961017963404715 1.2788214877003743 -0.13841632697417208 234 163 100
-0.1532116483058082 0.5986496092657347 0.18430976188564763 255 212 172
0.3909164058485387 1.249384923225941 -0.10961805001643368 168 122 70
-0.14566246785919143 1.4332305072779439 0.3528391563978783 191 135 66
0.247938738093467 0.8974034980855429 -0.16598966692505726 235 158 72
0.591546006836003 1.2541491606910549 0.5921122861253019 180 121 45
-0.016148859036589122 1.4861403897767866 0.3441626236462083 253 209 167
0.6156607090396989 0.4204995135040261 0.17280772958806062 183 131 91
0.4020311697243649 0.11314462612003441 -0.16135596800740692 212 160 112
0.08466180160376567 0.332960543728998 0.28151625737474895 165 103 46
-0.020313260847910103 0.9763046887706578 0.03436546152285522 204 133 66
-0.03694051793172075 -0.4739204346992004 -0.15941752121598324 97 48 7
0.6943442917112014 0.7759282633112965 0.3994866892845929 255 233 203
0.04171896454168565 1.374764112570792 0.5351892938899108 196 145 92
0.27542953375077284 1.6764477650576162 -0.05706482435971306 177 119 63
0.5398823551263788 1.1841729152259042 0.592822292082503 217 141 55
0.22615944645151828 0.4288922237221863 -0.2701576549346649 216 145 67
0.4492759467637563 -0.9097977572436997 -0.04145803928131115 134 97 60
0.25460048694056103 0.39000303905362876 -0.26177000880310186 249 188 134
-0.09001598336654408 -0.3123766085077105 -0.04058393175233159 203 142 76
0.047164263830831235 1.5164551388732483 0.5979425637653699 227 172 117
0.38858083088614104 1.223371914031724 -0.10165420868940296 182 128 90
0.6154736669869901 0.5325671532276144 0.3143462545886695 164 108 57
0.02420062365304796 0.3294549689282626 -0.09586855204019828 252 192 140
0.17423713712243674 1.257612696318549 -0.034603958490702844 169 114 57
0.480047533797571 0.973248967757681 0.40627785051128046 129 74 24
-0.03535609973627352 0.026156058868098162 0.329331507966492 191 146 98
0.024059761562198703 0.25160409217104945 -0.031225661888195935 255 183 123
0.1950631997225042 0.7705929878102539 -0.055264605014853085 255 189 133
-0.07023174993752822 1.330058335016871 0.19354385703047502 252 176 110
-0.00913830952535625 1.473266386591019 0.47504668264149086 229 162 92
0.4589152803604806 1.873609694130936 0.5045136768708677 215 148 70
-0.05127041852694249 0.35030400570557485 0.08214117620497664 215 150 79
-0.046136117376402434 0.360180742766193 0.14739919751651798 255 189 120
0.3676245538108377 0.9570666423344666 -0.21803530902120516 254 202 145
0.19907988768101634 1.8511051982648892 -0.077529415756819 211 167 126
0.028093608190037415 0.322348868512354 -0.08939812633761206 242 176 116
0.5256432997993358 0.5313792716811317 0.45079468765009145 254 174 105
0.5944698306814347 0.8163344642667094 0.5265502447060295 192 135 61
0.018701002355777763 0.5389121042141609 -0.13439690665589432 144 78 28
0.06308131833266398 0.7890448013691975 -0.02255255910144363 165 103 46
0.17702990826293352 -0.5091395159271742 -0.07842717563899938 192 122 62
-0.10086204245421314 1.4093386106749048 0.3349393886566554 191 124 48
0.3330554437817964 0.15887428659398486 -0.22247798439170552 208 162 121
-0.08254382799985535 0.4369835655069846 0.16308479988747704 186 121 51
0.5649722869135754 -0.0389303647816754 0.4377651805686507 255 200 136
0.0038360456249496317 0.5123165971893071 -0.09871182056801205 172 101 47
0.5284443818446515 0.004265779409465766 0.3804237243115355 255 212 162
0.16593029348926042 1.283912844742877 -0.09011986470114945 235 161 90
0.12451150422161311 0.9837458862999544 0.4809700481457239 230 162 91
-0.018353557862260138 1.268920395563814 0.0025770528222512712 255 193 136
-0.06226454862320302 0.3814835430218608 0.06454384283603533 207 128 51
-0.06904364281290248 0.41134768949450135 0.132707113356548 170 91 35
0.013641663391588479 0.8993266373168368 0.2556925183821326 197 132 68
0.4548158380939799 1.215679368957618 -0.08062243269666203 159 114 76
-0.10896580083505539 0.5534573308586757 0.21931935860651164 208 136 64
-0.08923270123670876 0.4479139453126553 0.24497908245634503 197 129 48
0.10485171699627678 -0.7328942051100066 -0.1653348268114929 238 177 123
0.20490299536894155 1.033333237774438 0.5001197674062197 248 180 117
0.43903562125646145 1.0459363029279864 0.5191075452746099 191 130 67
0.19299501453043127 0.8575500926418983 0.40648240891805965 166 127 98
0.6388973515533404 1.0771502655267742 0.28647823308333076 181 133 97
-0.08591248716895739 -0.12247383766936282 0.0945761389670697 165 100 31
0.15576591882614185 0.9445849517724273 0.4360249914217873 168 110 58
0.49846572348474855 0.9761361930213783 0.4000364210316164 127 69 24
0.5813754846209002 0.5214738866808083 0.10763161160686234 223 195 173
0.43698436105975685 -0.03377510340340778 0.3892860707263972 254 216 177
-0.007916272642571364 0.4069912963296609 -0.06285461122672138 177 108 49
0.7996269865313415 1.6430412378323993 0.24285901442238528 232 184 121
0.07449147293118723 -0.47409588001851544 -0.0448130414529077 213 142 60
0.16738642791771366 -0.7398364511132707 -0.1976549182250023 225 159 85
0.384268834114466 1.218206693842421 -0.07014482643230817 197 144 104
0.5534809868197761 1.434690092368385 0.5448998019200048 120 81 44
0.036321889603856156 1.2740535854493216 0.4106841284688964 174 128 97
0.5806919867486022 0.5574165755233051 0.09375926454874338 106 72 48
-0.024076463845093758 0.2902497808197673 0.07397099505613074 189 125 54
0.21352202325005176 0.48819224041736525 -0.25163657042664245 220 147 69
0.548073365620476 1.0687057162347378 0.4583412231824221 185 135 82
0.10689166863930437 0.8414764702299783 0.4008998035078279 122 107 97
0.6418516745665359 0.7256076356658961 0.47051890540764946 253 187 116
-0.021309923313973723 0.4777077542012484 -0.060217775967578366 202 131 76
-0.032876210601050976 0.3317515068760968 0.02364086953355834 254 178 108
-0.011408587029923973 0.3074657118140435 0.003570789446601293 191 123 49
0.058683156758674554 1.453277138144419 -0.10359804172224645 199 139 71
0.6334264409390846 0.7126468088549994 0.45801198162774254 253 190 121
0.3970355557051737 0.796185435248775 0.5668544174030917 191 122 50
0.4005271655635233 0.9649351294549394 0.42358470806097454 142 89 47
0.22967525749508727 1.6756899622846528 0.039068978283385854 188 130 84
0.007134730645635332 -0.12055010333893453 0.32628305430792365 206 160 110
0.36423778459685685 0.3893189171256403 0.3205873808741845 144 96 62
-0.04280507480470112 0.8981173838989902 0.1389119705224752 254 182 113
0.6387237996157981 1.1037679127031963 0.3604434505902625 177 125 74
0.7040030947410725 1.2403016343848217 0.4604022696478397 180 112 33
0.6218962295693735 1.4785999279474697 0.5245224255519052 184 117 46
0.27065364063435265 1.660503759778471 0.04063951619799315 198 142 108
-0.09496071799523892 -0.3483801151002482 -0.01846416596643605 229 166 92
-0.0713088181573613 1.2909314800955884 0.18124991183630246 255 196 146
0.768867500078105 1.2615680162256653 0.3253185675270787 217 151 81
0.07050378135660527 1.2778317017652743 -0.011149029422558136 230 156 93
0.4385343738324793 1.0504504531385153 0.5372355696701783 255 191 125
0.02838668709292706 0.8003884055444124 0.1543346447590499 160 105 59
-0.09924036432577346 -0.305375667897454 -0.012538383524332635 167 107 44
0.5024537473237146 0.15091047567863472 0.4783523613006766 205 137 56
-0.04691531622382689 1.2938963034380908 0.3079575747809229 236 165 93
-0.07997992069815034 -0.29157383391406044 0.017135696563764867 245 175 105
0.5040678608651119 0.5354271113475322 0.4719441435689508 223 155 82
0.569478203222326 0.6625826028834553 -0.03537282271807531 209 134 49
0.7317566855991684 0.15070763182903008 0.2600177213892956 210 146 74
0.5345309942638509 0.15588884839630968 -0.17246960446107612 226 149 66
0.18732243127931564 0.7131821877744281 -0.04635065709460221 250 194 140
0.3919935155549272 1.3448823948593351 -0.14797217842370025 209 143 73
0.5752056622272747 1.9033690711896905 0.11843761521542163 254 253 249
0.5008376329485756 1.918059378130533 0.22371032354118522 189 137 90
0.6004492577749624 1.1469713200355687 0.10830985712557997 138 71 26
0.6302798971701202 0.5501838313617334 0.18650560175994843 165 109 60
0.7130726511751515 1.586829150886745 0.0049645502786531395 255 213 168
0.7287502954791993 0.7691523055285664 0.3837502823408991 219 151 76
0.6009083150484826 1.5899843329613603 -0.07149469961129196 249 170 93
0.48210754888886864 0.29755986435053916 -0.26822171396936184 254 219 190
0.5894648908356837 1.2098516564001838 0.0005049945368689502 217 143 80
0.23544509616117382 0.9489808042191289 0.45589665638315585 204 140 94
0.5242447635371501 1.2815458037730048 -0.1036264329280296 227 144 64
0.5985556586750038 -0.03809923953110496 0.07829342155979359 186 148 108
0.5717624403191188 1.360372940934443 0.48576415271392603 176 108 43
0.19711309883692582 1.4983841698624463 0.6379669175632924 254 197 145
0.7326317229075102 0.8771746555749775 0.34950016984998167 246 176 100
0.346307558509172 0.495204860612172 -0.26097712596043704 215 153 70
0.6374276434726018 0.633067242640811 0.06711227275952664 156 97 41
0.4523288313693722 1.5836344695848683 -0.07676959866245683 160 101 45
0.2933803475332937 1.003663779627527 0.5270185984994754 202 141 90
0.35406282713439263 0.4118953334285694 -0.25849743560786687 232 161 83
0.6865823701404432 1.5260412434132897 0.12318049776593971 201 132 77
0.4001281035256871 2.3923192933500856 0.10491302326510747 177 111 29
0.508812476230893 0.5924396907206709 -0.1414471919334473 169 148 127
0.4116574553997941 1.228120069918419 -0.0761027760540076 161 105 56
0.27797490606949343 0.45548651266750034 0.47569184820377813 253 181 114
0.05340250072204396 0.825309263486899 0.05076972024392188 255 197 145
0.6754491945300147 1.9108453412427202 0.2627187266999056 255 250 246
-0.104914250921714 1.076308818874638 0.24228597930763973 245 188 125
0.32546249433166363 0.7367417707677225 0.5651253176151266 226 150 63
0.15864106143391474 1.845539362926732 -0.06690397858085476 250 176 105
0.13017993029240155 0.16736810395045726 0.22943266113262806 130 71 0
0.38635268722704563 0.464982144011551 0.45238896441887155 209 145 84
0.3764941478230198 1.661900086767125 -0.12684942319643613 247 180 122
0.21303141819597934 -0.23034284694002144 0.16443686000220442 229 172 135
0.3259626595405776 1.6627770195684513 -0.11885373639294997 207 135 61
0.03936677997517036 0.8438405995462434 0.24061469442998296 141 90 43
0.14706545287324232 0.11402703578573883 0.4476603516374126 200 136 72
0.30038002530204433 -0.1073383609870992 0.4467526536265383 197 130 56
-0.0057453092378103015 0.7081868741682555 0.047855371766088645 141 73 12
-0.003911985255894855 0.31132965039091703 0.13253039343310466 229 164 115
-0.015691872898334985 0.9767108234798606 -0.00814969058499299 208 129 50
0.6118745822677573 0.5254198546556874 0.18117643990846208 254 253 252
0.48922136443665837 0.5219987038265264 0.46483594909578635 254 187 121
0.37308724442754143 0.5642026525480508 0.492149571962458 255 193 126
0.12607516498173574 2.573505923412005 0.645381015513913 247 234 225
0.3180476634736574 1.0632304978842304 0.5813776566016082 255 199 141
0.2817706636491559 -0.06236239315030156 0.459313747091114 230 163 84
0.5472901019360251 0.5399225598831394 0.4354757699567631 244 169 101
0.10250674198758448 0.1197056973177578 0.15831257269728127 142 78 17
0.7396506121691622 1.2067748407503571 0.23282959221651162 198 154 122
0.13125225782764902 1.0691036517892705 0.5500710758692416 230 155 75
0.4723741360609963 1.1988283706200185 -0.07930075674368472 164 132 104
-0.029769778370181556 0.4420160268458573 -0.06346520576427325 152 89 34
0.22846344649504838 0.28158106322241383 0.4262117302334647 175 147 126
0.5093118990078137 0.4828668051915427 0.39036798961146707 199 140 85
0.24560714360980435 0.9170795375906763 0.47901770088068807 127 73 20
0.3903553515305389 0.8208838517245336 -0.19575887610112938 255 195 133
0.3790315860125826 1.2609807787381095 -0.13591845689179052 238 168 113
0.36050436468803604 1.284767867681802 -0.1398867929021689 209 140 80
0.20769724951360816 1.2652795795964467 -0.03365232533498151 236 162 106
0.4125263385786272 1.328507811135275 -0.16892929092427125 254 185 128
-0.027351623217774033 1.2827118245046232 0.1237348031136473 186 119 51
-0.040424609746352154 1.3077471472603093 0.1394086831720226 244 165 96
0.324312238056446 1.627925956658718 -0.13029420906653727 197 126 62
-0.05776502670285305 1.5553405828191353 0.43815472617290163 167 128 87
0.4325658169610416 -0.9104029502193494 -0.04881426336491584 137 82 28
0.19793572699544265 1.8731379556486223 -0.0641918130956981 168 121 75
-0.03288200552742782 -0.4987593724616007 -0.04557780949115643 217 147 66
0.04830609122382606 2.1250374155006293 0.1707988510774588 178 110 46
-0.08104958635593838 -0.09900549159702178 0.17472732398654073 255 207 155
-0.07739162439133243 -0.07638093058435665 0.14637599336252127 229 165 103
0.48976794448545674 -0.02516650807893969 0.43783889864176473 213 147 69
0.055345592608696925 0.2715887022047992 0.02827827091125247 255 195 130
0.013951705170857783 0.306096156845368 -0.07300712272887276 254 198 143
-0.032298150839936667 0.33107329586223666 0.11881624103442134 180 142 101
-0.007494546613878153 0.2968537195530318 0.06664810759494098 255 202 155
0.1960101532496314 0.42278376339582113 0.410515321977958 244 164 102
-0.023160905735218118 0.289164864264321 0.12499095356257349 178 117 53
0.1954125036390471 0.926363798297085 0.39605097777422194 139 77 28
-0.04177202085721985 0.3384789531759723 0.09353646047394266 255 187 112
-0.07119474897404944 0.3412277494646771 0.03113909694308009 254 175 101
0.0001607685611317508 0.6257730595056311 0.42753851884873484 188 145 102
0.5641628328772601 1.1609198347941054 0.5355367903258761 244 176 91
0.39074540318625095 0.7721459429029727 -0.17267742674514133 188 132 72
0.3386417459570113 0.8420221752053614 -0.19536820594865084 226 152 76
0.04406392741410636 0.794886698074407 0.1313034498883949 173 112 64
0.27481322775798356 0.9906769719217119 -0.20987666388482643 255 186 119
0.1952540646164156 -0.13340348536629332 0.40966055496899934 255 192 128
0.3629113980802857 -0.09308907637893733 0.4400393671483976 214 141 64
-0.004322264892310098 0.9526518575205017 0.008906956062416153 246 168 95
0.06439355451849928 1.035471631007131 -0.0742731057770633 216 143 67
0.3464542027336754 0.36079443542168976 0.3028747701145873 114 66 20
0.34104174349565314 0.36894963621940174 0.36473551131162113 137 93 58
0.009325556919526176 1.26496443798592 0.0907190823591443 219 146 85
0.5480654734082848 0.7116012457710041 0.4907638338864621 255 215 164
0.3339681420670106 0.7610749357397094 0.5797766890074085 244 167 77
0.048484187485463556 0.891216846764257 0.2972321829870706 202 140 86
0.0011091417986053217 0.0883464182938157 0.32524874006863175 202 150 102
0.6124441508285706 1.083428763270117 0.2207077846655183 169 123 95
0.18148627182351232 1.0226843801630985 0.5742743870658635 240 164 88
-0.021303062431185432 0.3203539867125007 -0.010650982021055133 255 190 129
0.39778558802788705 1.075386915362422 0.5782625021941544 242 165 93
0.6874207586863811 1.4533469259291472 0.35103542802129817 149 100 60
0.2508119181056103 1.5813970802406143 0.690664666878194 215 148 70
0.011962509036465294 -0.6857328094318661 -0.07920995924501618 251 191 124
-0.034218475137058724 -0.47210767679816085 -0.09935040673303887 254 207 161
0.29894958061989035 1.2072364536765516 -0.05994351896020068 186 132 100
0.15465095103913834 1.2659824177749124 -0.05282569869006411 188 121 54
0.5315943899594601 1.0477026060274806 0.44868201035400607 249 188 133
0.4355810860082944 1.0703062453865997 0.6478888922416047 253 206 160
-0.05529005709798043 -0.5442647025588541 -0.06075521800574683 188 123 59
0.19721080156174625 0.014639066014430262 0.4579641667362008 229 160 82
-0.025508763063900444 0.3285719506673679 0.07587217748718185 199 122 44
0.5007044359808052 0.6595056989941754 0.5129636119595189 221 150 68
0.12986436486927022 0.8473680915429168 -0.01937985115501729 214 147 76
0.10108373977994857 1.4092895928214029 0.6230885934454895 254 253 249
0.6178052095307696 0.3436415752571172 0.29164670725138897 180 112 41
0.10755037735282569 1.3933076478438593 -0.10706749610152792 221 148 64
-0.051437455464585294 0.41192458016821837 -0.005890946719376838 200 125 58
0.3212274692750697 -0.7202962729626966 0.05361412994249088 222 153 76
-0.07607086583547958 -0.3538934734352612 -0.07798192062395594 209 146 79
0.1451732546396187 1.6537354697586923 -0.1085508683227426 254 205 175
0.10337050989728683 -0.7448790576869365 -0.19392687823927435 254 202 152
0.03087144033837142 -0.21116431140176514 0.038172946482548785 221 151 81
0.3676056069121873 0.603086038167712 -0.1776388520540336 213 147 89
0.41769576485743853 1.032589881127903 0.5302793235311476 196 127 68
0.15469136359623006 1.0128451477888964 0.5856342804935241 250 181 114
0.3405069051119249 2.177672004203582 0.5386695918911014 254 224 180
0.32075147534853643 1.1829871552030196 0.6322046350283274 0 0 0
-0.043041384916779606 0.5826471626674471 -0.04507164915357965 134 99 75
0.14621341982579697 0.9070919248341152 0.362453166383764 178 114 46
0.12532561335238765 0.40879180125026365 0.4116247243703026 212 144 73
0.2952559444830004 0.13258035340222177 -0.15961075339066816 218 153 96
0.3145136179624768 -0.11244600981269569 0.41448153123593656 241 161 92
-0.011009469447506878 0.9787439338349788 0.014837073033666182 210 136 61
-0.0506141740521522 1.29486921082329 0.14880860319240227 232 155 94
0.14379124460680442 1.3988498872797228 -0.12851319903947053 188 132 74
0.6548488030344993 1.1213407914269613 0.18431156844965726 188 167 140
0.5629583600449974 1.0680692344787714 0.4396413697449194 182 121 64
-0.06530721974083362 -0.1770184041860022 0.04233720770372849 169 105 35
0.22977101686429524 0.04651845576479616 0.06688820867692898 160 100 46
0.2612850995075158 -0.21077484441789518 0.14738808971736733 167 148 134
-0.009852689953922881 0.3031860164580415 0.0878511870870486 255 181 116
-0.048740612137717916 0.3427980375163889 0.06303517086088081 255 177 115
0.3229647285951923 0.4268693446048198 0.42808581664603296 178 117 72
0.44848245508766427 0.508307866264691 0.48510347852540603 254 177 105
0.1046042958204527 0.8564203676005417 0.37123198858416445 202 165 141
0.007804324319156811 0.8592215214761771 0.10854759944792461 171 112 42
-0.014753599969915062 0.8759450494786925 0.21656906420084715 181 122 58
0.6499680378543446 1.0600130396428096 0.23124765656083562 168 140 121
0.03128871810963081 1.1150225716089486 0.550112432330652 233 200 161
0.041150706467639034 1.3724359423027477 -0.0767907556215396 219 158 101
-0.02632469652816987 -0.4596429096050892 -0.15139696373150022 147 88 45
0.17584326306323206 1.3650909907623128 0.5945685786687658 169 107 48
0.39417064451787515 0.02741236431595397 -0.08894463724137175 141 114 92
-0.03369011332245004 0.006865880728117618 0.24469079653555745 166 113 53
0.03809674141347705 0.11481614089332913 0.37967352160917994 250 200 147
0.42361368538655053 0.22617309792582369 -0.24581639013501497 252 207 162
0.2940841944038281 1.5710548431249425 0.7048991541167634 193 127 49
0.40438968538483827 -0.9267614855595095 -0.04508332805885945 116 64 5
0.33760282052790175 0.38096952707487974 -0.27256389352210936 254 187 131
-0.045970044287541624 0.3398576581141119 0.07862372827853469 255 178 113
0.37730598273376076 -0.08085466832541882 0.43732220459377635 255 192 124
-0.06903997710491759 0.5945408532724848 0.3149714275838722 243 183 123
-0.024139062069831393 0.6594616691385355 -0.02458235744752722 128 69 20
-0.019472419414444074 0.6587126985167535 -0.022366581769423865 128 69 20
0.18090426311680877 0.7768264196335657 -0.0019345898322501902 255 198 157
0.01908410411594698 0.8683871700808012 -0.026746134843388055 192 129 54
-0.004156053895026534 0.8761073269756875 0.05919556688007455 211 153 98
-0.017007256766682827 0.8866908437567269 0.09234048636396949 255 195 133
0.3124505572326455 0.42439510230594035 0.4270843484049144 123 64 7
0.2922353376398545 0.4437815464751313 0.4751830361503343 252 177 110
0.34212979411999295 1.214393222269577 -0.061024107163475096 164 110 62
0.431569436123545 1.2599236495793813 -0.11082038276451485 215 152 99
0.39426156595474854 0.49681986939129813 0.4798189348261436 202 131 51
0.41760410774389 1.3025460366333987 -0.14620809619072972 211 149 92
0.1117732180243001 1.392652946099441 0.5981953036434277 195 159 122
0.5631857168265234 1.0556382187146323 0.3953444360064282 215 149 96
0.3636676985426815 1.009622587672361 0.5226323091469491 255 189 130
0.5806988618867017 1.1344212918665435 0.5197791578131242 225 152 80
-0.08654241990848625 1.436590098094039 0.3782935685744006 255 204 140
-0.08020169939752884 1.4386121125170297 0.35248892300431656 246 183 114
0.6127182706489425 1.474813578472898 0.5708494481539316 236 159 97
-0.07703858811134391 1.4408927309687387 0.35553744717766783 246 183 114
-0.0848642955913564 -0.5677545738741946 -0.15315410814345923 170 111 56
-0.08858622951681557 -0.18746257237612884 0.0423403858021076 173 115 42
0.41687506809956 -0.9060115073577767 -0.02713724993642461 233 161 107
0.3970254357997649 -0.12434814162855459 0.3888308196569946 243 163 90
0.408034864467065 0.11822718894792462 -0.17695421432179123 170 137 102
0.2923077193812212 0.1482747171678707 -0.17439441970882805 234 165 107
0.1650431610781651 -0.12424516221565926 0.40862944592186456 255 191 120
0.2417307442854056 -0.11287382680306411 0.42307699316354935 255 186 110
0.2755990091820325 0.28332503207504056 -0.25387904254053206 240 168 94
0.6233158335535635 0.114803538217352 0.36744601671741717 255 202 136
0.03336136930763514 0.11303018723127613 0.33864650328974577 184 139 92
-0.040529104547003585 0.3299076686647213 0.04372395099096746 189 119 49
0.30819135307810147 0.4080125924127319 -0.27776212515351445 253 178 120
-0.018376792599389964 0.3851960288026953 0.09835183481465466 185 119 52
0.36248558484559773 0.4417373382929158 0.4137515923278041 243 168 113
0.2263522090932466 0.5056307368343497 -0.27524617464229 223 149 77
-0.034424667745982296 0.5128423390343918 -0.04757331202926646 47 13 0
-0.12472710255233078 0.6136356323053559 0.18579064981806792 187 136 83
0.25365507331948983 0.7096258365870094 -0.0805855397577118 195 132 81
0.4382497967773249 0.8296145852213959 -0.19427512208469785 199 147 115
0.12909214422304657 0.9244379511879974 0.4353836362583554 170 111 56
0.514195790407104 1.0660920016863762 0.513766336008182 253 183 113
0.30346143268832826 1.0532473915128746 0.5818055778592449 226 155 77
0.07290785129369726 1.0968425706721783 0.5438263654231769 187 122 38
0.019999499145421488 0.9070714593781324 0.06392295422518915 219 154 88
0.4360966631228546 1.1732871911235812 0.6978984713872929 255 199 141
0.5720232588571464 1.4493947144078223 0.35225160016689255 136 84 33
0.7586591503024832 1.5963451830427386 0.42888745958120383 251 193 130
-0.0013778998856193003 1.3702201106898093 0.47047342351654475 251 190 126
0.22394026684425655 1.0041624198938228 -0.20379516080207496 233 157 71
-0.013868701981172482 1.3652465468919852 0.46312897820910276 251 190 126
0.06380689777670517 1.2756680318329034 -0.05255529709141754 255 181 113
0.017245834308851616 1.2988201332505303 0.37301459437780315 150 87 39
0.19867573155537166 -0.45862922912123294 -0.10516239725775185 219 167 119
0.03242880335974771 -0.531943918866085 -0.038476147727312365 247 178 101
-0.0663418482108474 -0.25647769878219057 0.16507106234469995 216 161 94
0.09279559201310826 -0.5171875942581287 -0.04432087356757359 188 119 46
-0.06872988453948652 -0.05355931602927029 0.23984592702282795 216 161 104
0.19602735322331655 -0.24335502295976255 0.1727927797135585 239 178 133
0.17335165541072414 1.7218637152305576 -0.02914489052314946 179 112 42
0.050076615636133484 0.268395998822585 0.0013819569661065187 230 165 100
0.09684840426042152 0.8929385421746175 0.3365281120804864 141 77 16
0.38807229174277363 -0.13481412319938738 0.36144955992326455 196 129 59
-0.027498052939919915 0.38672767950572734 -0.06515036282955917 183 112 46
-0.040961605597389386 0.41758876174119763 -0.052627643190223165 207 132 67
-0.02596437545892631 -0.7453837019737829 -0.151130585584726 171 106 40
0.09979257232645311 0.7842289858706374 -0.01911018549892809 167 104 50
0.4738882093543013 -0.04245414766344184 0.4337857514287582 217 149 66
-0.06320473565174517 -0.6181417224951045 -0.1942987270314995 181 120 63
-0.04606317657962615 -0.4718824217598592 -0.1630364638460092 102 53 20
-0.032273791738357344 0.8877647715415712 0.15946172087403976 200 134 58
-0.0992142022541874 -0.2668797239849994 0.006022887019373335 203 142 77
-0.10443439541706667 1.3887201279073798 0.31664519920115985 203 135 58
0.240731876691046 -0.07905509941150247 0.023290216790504668 136 102 75
0.28507568883776124 2.0416405189954645 0.41874856752075085 254 197 147
0.02607280614823384 2.1397740100334857 0.12439717417598482 169 107 46
0.28558525598344925 -0.6914945497489091 0.024054500708513123 195 125 63
-0.0675039627309078 -0.23993485089641273 -0.023268273691556308 143 81 22
-0.019236812411084117 0.30800703341039365 -0.06369423633327408 235 162 108
0.23751606729390556 0.11651875598610259 -0.012037268927303496 162 105 61
0.099723651716452 -0.1513848481996962 0.39980020166686575 226 151 68
0.33636171657325603 0.4010103103339721 -0.283036330707713 192 134 76
0.42359740643278243 0.5063982548874232 0.47503621138912366 254 176 102
-0.038841039317943325 1.2982823153057816 0.05033330704011576 234 171 104
0.24475694677923446 0.4325007126688605 -0.24383769365754518 246 175 105
0.3792900944798777 0.5123159776920029 0.4859540056968758 243 172 94
0.1802537866937643 2.364491065001813 0.4603691961404712 224 157 78
0.037905627103068745 -0.7031231915953258 -0.12563258397141727 226 169 118
0.46926459524741354 0.5713136299223283 0.5056233708018414 254 195 125
-0.0634680199685803 0.6324165555308857 0.2095893007316414 255 207 154
0.11629051354601995 0.8635845198904152 0.2643928350545421 199 130 61
0.14678762686964889 0.7955599397138186 -0.026294737267750546 218 152 100
0.0002867894128221419 2.2788210481904736 0.2544725965739596 184 112 38
0.30567174969598515 0.8748038005376504 -0.2022390852713905 231 157 86
0.20017888628619265 0.9621084623027867 0.4396638634091137 171 108 46
0.10728614550360108 0.32064804125302704 0.35923826795058655 255 255 255
0.46198148992194077 0.9982728661245179 0.3835830756099721 171 131 98
0.2582160817293399 0.8820322003682174 -0.1954267090187178 255 185 114
0.08951211856226012 1.034922385698024 0.5027005397845419 255 189 121
0.0589042349302179 0.8503861800179197 0.3824839718429908 191 191 191
0.2064048032407389 1.1445937467105936 -0.09038926377900158 222 151 97
0.4561904498604213 1.5646696065936434 -0.0761525596458473 146 98 59
0.5694297937423398 1.1220964057550245 0.5276824002669865 174 111 37
0.0031464273353929376 1.385286226921752 -0.10416634169097416 255 217 182
0.2522338744700121 1.682113365987628 -0.043537966269972084 166 106 56
0.02274412739717501 1.394545408609679 0.48849753549837177 248 175 105
0.10875814291081345 1.8659737314541094 -0.0228893202907673 179 111 40
-0.061160899596573295 -0.5500001993949554 -0.1715355887949698 163 98 48
0.6533378261022261 1.520598341414989 0.5716057650058775 255 219 173
0.1084579395327403 0.2529792394884775 0.14439201330256604 189 129 79
0.28729433984207436 1.4935876865261717 0.6811410690664218 255 180 105
-0.06165385983670227 0.5236799154174944 0.0031236032899288574 167 96 34
0.32569963607414204 0.10041042214740013 0.4931706027615541 218 150 69
0.2675950992455815 1.115689106625076 0.6253259896014576 251 181 119
0.07003727805441877 -0.5118855131237212 -0.03485768656280535 224 158 84
0.09043613303928359 0.8341294356476976 0.2528734910432603 146 102 69
-0.08301776320340651 -0.18794959098386319 0.03279158099036596 202 137 69
0.3825379203279798 -0.17122142350579578 0.32566163443965984 162 119 76
0.6129936579021835 1.3919886473726515 0.39360052019121744 170 110 53
0.6500733441185669 0.5651186578708792 0.1673813846426915 255 243 231
0.3498763805238925 1.2510934114132872 -0.08993040161190892 172 117 76
-0.008131994796602026 1.2754471131423502 0.10359280127429234 231 154 86
0.07571036940221765 1.410954280142526 -0.13120850480856833 255 188 112
-0.017579080557014334 0.41240029797621286 -0.07465740815655031 217 141 79
-0.020351625689917635 0.4339885694110244 -0.06885976252054352 217 141 75
0.3783246987445396 0.769710660161047 0.5795099838488817 241 164 83
0.018891113327577723 0.9560620182012969 0.395048940409564 197 131 69
0.3818656818904814 1.0070751990359388 0.4991516660497905 247 171 115
0.5707322116217944 1.1958812131591932 0.5195089952812795 200 133 52
-0.043868513236606115 -0.14341825534813976 0.1727736971248243 253 203 146
0.10657104209293597 -0.08299540557932199 -0.006764751331042849 166 105 51
0.28130029377643034 0.1383021298101001 -0.14628867216944025 188 121 63
0.09696933755695503 0.08361939320037694 0.4196862471121215 184 140 93
0.2008836838389642 0.33992423073008304 -0.22818342237488118 255 199 146
-0.07464308089633137 1.3271357581706562 0.17930483787167448 248 166 100
-0.05323083767820061 0.35257525236113746 0.06417185594726439 232 167 103
0.3555428563934494 -0.1621372565020732 0.2958810886446963 224 166 126
0.079230406201947 1.9471359058117017 0.10787424960502856 253 177 117
0.07963366883689696 1.9475297895326784 0.10797325214975567 253 177 117
-0.001770382091306746 0.03847969994417203 0.3561165945928815 240 193 151
0.017013111121421527 0.31729115158758703 -0.14167749451127803 255 205 158
0.03506552937529317 0.37796286219597897 0.12558165066091542 255 187 132
0.5382211801277109 1.0194354326347281 0.3548947292258383 217 153 106
0.09684840426042152 0.8929385421746175 0.3365281120804864 141 77 16
-0.08661460333523446 -0.12402858511579193 0.09749619956852609 172 109 40
0.2047137234845409 0.41058750406927985 0.4139681996896072 187 113 48
0.4884234775058978 0.714980416146097 -0.1272822363163948 177 142 108
0.13925639113410745 0.9300654042822707 0.4481605418890422 255 190 138
0.40903853726320755 1.2832599093833246 -0.12893196827761133 240 169 110
0.5322175366882715 1.4413496106679542 0.5595838371709125 181 120 55
-0.0891248200484151 -0.1176028474310139 0.16038293785594324 253 204 147
0.37195528008313283 0.7403849669973702 -0.14927254890895927 222 156 102
0.26017605176239583 0.9108530803642596 -0.18887877903894415 255 185 116
0.37462699087243084 -0.9833801188334154 -0.11463098349743427 150 111 81
-0.06895907921997878 1.3156040851809387 0.17600578811055836 186 115 35
-0.035145351060822706 0.45505524792113355 0.31178186261096436 234 178 121
-0.04478723231378648 0.46105653729422535 0.29433710998571144 209 141 76
0.6336633625967281 0.7414861974728595 0.4602938109022197 255 217 164
-0.1041899437049416 1.0708809830802484 0.1576832188769578 239 173 102
0.5527992673686474 1.4253574718401678 0.45683940678095675 127 78 41
0.08719067072953857 0.3187641316356202 -0.13359109574781194 255 204 159
0.450656817256318 -0.8981066507529382 -0.059164700563567076 139 92 38
0.04702845571912408 -0.5438373341833896 -0.04241711708206734 184 119 41
0.024994806186630077 1.2732876518204388 0.35753725045581913 208 158 106
0.22347541479788247 -0.12674773847914653 0.41534350278264986 205 135 51
-0.06633309487177763 1.078406188406595 0.2849755098804137 193 130 51
-0.07882372597150107 -0.5736696165678113 -0.12617342792169875 221 164 109
0.4914500022217922 1.030524022587948 0.5099807411257791 181 123 54
0.49882654861545084 1.088459005026577 0.5376196039934599 255 193 134
0.6147615241521959 1.2541282555722342 0.5782206380145019 191 137 72
-0.025980509575891396 0.46247705534751 -0.06650888326162464 206 136 80
0.5478772143905017 1.4235343755009464 0.5732798676357007 255 180 124
0.5452645282084115 1.44531077821268 0.5419187893635238 255 180 124
-0.0846606244427714 -0.43252808864421516 -0.013996241562465045 223 163 95
0.56001845850206 0.5096506600899463 0.3775566558108801 244 175 116
0.02300575946693222 0.2724016121479246 -0.032446780363899606 252 174 104
0.05201311639049962 0.30049680572175147 -0.12004763748298357 254 177 110
0.12555286526956727 0.82232783722934 0.44332207381118416 220 157 104
0.05897939372337295 0.8612793264674934 0.05461520240305642 255 186 122
0.4486085155249278 1.0596817519813053 0.5552814928765102 205 133 57
-0.01022574250133283 0.8494250850494146 0.15662245146242204 210 146 84
-0.09113946578091804 1.4471169666588908 0.35461350809268466 192 133 64
0.27726199478315916 -0.9060924895340698 -0.11022588797505661 255 203 157
0.44267675500058046 -0.8704500359479067 -0.03996106484961252 245 184 117
-0.09365429719253901 -0.11439384092245473 0.1720745879527676 216 161 97
0.40389128417325043 0.3961185387648386 0.3277161807597086 131 84 54
-0.013084513393346464 0.2974483874432358 0.09437039678914134 183 122 56
0.36028498701645134 0.7729339609399435 -0.17035468777188573 235 160 104
0.44512396999644815 1.0374914358143692 0.48697073964966536 241 183 122
0.014979934111021826 0.8316576497419532 0.056782736914596406 242 172 113
0.3695356780154962 1.290396821625088 -0.14998334743313216 235 169 117
0.22382033129530315 1.3536221272098528 0.5674428133562613 191 165 148
0.6685526112183444 0.7900139915422768 0.422094754168071 222 165 91
0.23677120803292503 1.717795307357129 -0.025512581644742297 167 105 48
0.0006813450641490505 0.020101096497395134 0.35606248503075455 249 203 155
0.1800444325813813 0.24310850496304873 0.1921457367854029 149 102 58
0.7777927688754793 1.2564084143637049 0.2842617926466578 237 183 123
0.5717669182597478 -0.7727205839742 -0.2289399754369875 225 158 78
0.010047208971745596 1.380625603353274 0.45552314194169424 253 184 113
0.5523111437838882 1.1625560520900018 0.5721686540459645 209 140 61
0.3463587617470649 0.7050084065029348 -0.13025286311499104 144 91 41
0.5876282734333562 0.5145436782923996 0.13008986064514363 203 176 157
-0.02608273665849692 0.7000539653459243 0.014719025335833974 135 69 8
0.6259330220356354 0.5065968643384892 0.1796119769281728 145 145 145
0.04651506272660181 0.7680440921016712 0.05089746741522612 198 133 80
0.5793953849973218 1.2793465528656607 0.5941176038891597 159 97 24
0.042832965023430224 0.8111434322543909 0.01061653626819188 249 172 126
0.01856985546693686 0.8475192202041721 0.13979729276591016 255 197 142
-0.02080476026926982 0.9864928288939611 0.015216871421130426 215 140 71
-0.034448430077558725 1.2792470404679164 0.2831178879251918 255 174 118
-0.09807925748596506 1.5271024355807283 0.2933113259916479 168 117 51
0.3387492619029893 -0.13416492249056744 0.3815304125977667 233 155 86
-0.06848669342641532 -0.06120253944742545 0.22577059380973996 224 168 111
0.5580541325717425 -0.07854856596401034 0.2720644561155472 189 144 108
0.1909800219961809 0.21391402076750668 0.2021595255606938 134 74 16
0.23500954486100306 0.29755481157573394 -0.2500152441042517 252 179 110
0.06129082024871527 0.3057217478125975 0.23528295435857796 191 137 89
0.41611916156043816 0.4550327784302943 0.4068486811369479 203 136 81
0.2376761672866124 0.41679553066767366 -0.2548259257002331 255 188 127
0.23953873930378392 0.4167128887992687 -0.2540962718616936 255 188 127
0.5584052424087419 1.0801585030445404 0.4504484792314417 191 131 69
0.014987764209459804 0.785193616958116 0.1622926500783809 113 58 1
0.46324247667922397 1.015579022560998 0.5001515012982981 163 101 42
0.05708587787656259 0.8357563737148809 0.3218075096037178 160 117 94
0.3649017560845097 1.1364205251543857 0.6159925862046784 255 202 144
-0.01952707380787823 1.3984436867576853 0.01889775425204539 255 187 102
-0.07162422639869065 -0.2727643484180253 -0.014373874962698329 210 149 89
-0.04635504480309986 -0.13213257137026801 0.26124638864658806 195 143 83
0.39525310076987513 0.4856925912530139 0.4659867628814069 201 136 78
-0.03769144824826054 0.4642456060728654 0.3462849629480777 193 131 61
0.0533504914163002 1.2861723058027035 0.39695578368455664 184 135 97
-0.009334042494181799 1.3107720940594452 0.3951578565613923 212 145 90
0.054964486158549354 2.0059233487363213 0.06021688746186283 233 165 99
0.5995152080646208 0.5355545442864765 0.37651615287469054 255 200 136
0.021272839243220473 1.2676103619975243 0.050494641808901286 186 117 53
0.1274203654402526 0.9265116249541021 0.4268214898835984 171 113 53
0.02031716204386741 1.453939269412544 -0.026384661661865934 240 169 91
-0.04919452793968611 1.438812352543191 0.3279313700334071 248 196 148
-0.02347009396356113 0.8907988271787171 0.16350982403601172 202 130 42
0.037040650362677896 1.3647890530676587 -0.0958419404366877 254 215 188
0.06404101799920259 1.3842809289656965 -0.04713980202517022 209 138 58
0.23096701489051716 1.781496134082299 0.471251480972893 150 100 47
0.20676720596106202 1.7512020156562165 -0.034260058661472186 231 160 91
0.16752015654612096 1.8729081851424945 -0.05454534641133266 219 157 91
0.06991672676998636 2.012876252929094 0.09616946623907936 186 123 52
-0.04906858595643509 -0.1361263483125172 0.06331723040777529 210 144 78
0.14105743761222694 0.15801660443987958 0.030224613222516104 147 90 45
0.3854263805972774 0.8821777624135904 -0.19168722245063405 243 178 116
-0.07219429956480217 1.0136113979855188 0.08705618918526346 213 137 59
0.017311579034980346 0.38604228863707146 -0.023286294928968602 193 120 59
0.04505262458638558 0.3761711502025215 0.16097860694217853 255 196 137
0.6650170237081492 0.09065075828468186 0.2944011939354571 255 194 125
-0.013535466931251636 0.464132356415579 0.36128959515320785 195 135 67
-0.03505766082155661 0.492068820421259 -0.0443201285918393 184 119 63
0.18992278921228076 0.8593300128893994 0.5901383805443052 182 123 63
0.6048499356911917 1.0920618530421218 0.49042597072126304 252 174 114
0.23513725870311541 0.14405256738118133 0.06377868322941373 141 83 35
-0.02505702710133697 0.3944497964942339 0.14022082684195977 255 186 123
0.5290872385977551 0.4797803308048434 0.36128890625075666 137 90 44
-0.06418492132713158 -0.036628966884078774 0.22750841021222032 167 110 46
0.18496899205246264 -0.4842561654952998 -0.0681645070293417 158 88 14
0.6246122178910702 0.5753627042454864 0.3578908447062767 202 132 52
0.2923815133296748 0.9687397947126836 0.4686912235586461 224 161 119
0.1656239907466315 0.7473375673387601 -0.057482431384279324 211 146 88
0.43080244320240907 1.0714353466426425 0.5856049983819935 217 146 60
0.1262023359801263 0.93924558752694 0.45452733683937585 207 173 138
0.343798188008951 1.352020652898988 -0.18438084352188253 254 187 132
0.380135181801108 0.43501069612883486 0.46127568462088797 205 140 81
0.009109390799058838 0.8990652643232463 0.2876704164552877 185 127 79
0.2950652525038889 -0.569425492124911 -0.3828891417619346 177 145 104
0.27623446036375593 0.09119011642330882 -0.004369113270502153 168 114 70
0.4233043303156793 0.5101004298980936 0.48687322768636554 252 184 105
0.333072581591749 0.22893255581297264 -0.25121666545313276 251 189 136
0.03150106256163422 0.24540933063342668 -0.03979287342381281 255 187 129
0.40877857205355544 1.0515025578814006 0.5509963964293244 248 175 102
0.3649470778634917 1.0117578430540715 0.5356615693932885 191 150 109
0.5893790690812599 1.2681933699050272 0.5928620866843889 201 136 68
0.0719030146847312 0.6721794691116717 -0.13705772140492437 153 90 46
0.0719030146847312 0.6721794691116717 -0.13705772140492437 153 90 46
-0.18748001222619753 1.0368219299713193 0.23815337585062424 255 210 156
0.05504599662116181 1.3464197879592816 -0.07002720195469905 254 202 151
0.14941740013509316 1.3966460907114386 -0.11614935202261627 255 190 127
0.013554484234077555 1.4216145145366128 -0.06957857254402706 255 196 132
0.2733016525232366 1.4663480064857282 0.6712753750995594 204 128 34
0.05829415832079171 -0.8004344332100897 -0.11349797655115755 228 163 105
-0.04513251646564933 0.006980352089510077 0.23932328601017225 169 114 50
0.5169571713777358 1.8357499589286892 0.40464650944213376 207 154 110
0.17762857673656188 -0.5084668780986908 -0.07595383500209593 194 125 58
0.5385753612757517 -0.08151697549243138 0.23832972767670363 192 146 101
0.015315226079741765 0.29631355496122574 -0.04210926289197981 180 112 37
0.0681922646994392 0.35640532814838255 -0.06355740289141586 255 202 156
0.5263326813801802 0.5078911102107476 0.3936028645016996 189 127 60
0.49748810183249614 0.5499842330039834 0.48327611678461463 255 208 157
0.6393155990598997 -0.011066561196818762 0.2215552333525824 194 146 97
0.4380388235237268 0.498638398616972 0.47445773034562577 190 121 51
0.34833050450564584 0.8184613153977303 -0.19520552761828058 218 153 92
0.5032830820608079 0.5279849908656126 0.4556906876612509 255 187 119
0.6369685707840673 0.8383256782175037 0.42304483267576976 255 217 162
0.021659433404094482 0.8519742810854827 0.05642371419966804 198 136 77
0.03789314594029993 0.8700373404095392 0.32665384503623784 203 142 88
0.06413003485265518 0.9116496839022156 0.40569399410920326 202 160 122
0.7199722113130947 1.5032161114824978 0.13169067891398967 173 144 114
-0.10610905100862442 1.0881548531601812 0.2975084492000762 255 207 152
0.7771332399672909 1.535088218504001 0.2530466136908399 244 187 120
0.20230182169344987 1.383730088187872 -0.16293021893675452 207 139 68
-0.08655653516167927 1.3104450556583676 0.12500617508754444 203 135 62
0.007355471873754695 1.4890842618297335 0.5514442240437414 254 201 145
0.6099528996508005 0.016439513373073176 0.33587228735509395 255 208 147
0.5562195743589663 0.5382487856244931 0.4293572772291833 255 194 121
0.0730456802631399 1.4513206068990319 0.5806054702411624 244 176 108
-0.06389927443993187 -0.05391308618435698 0.2756298368026129 208 154 90
0.06896550166038357 0.45548394079862603 -0.15868190958023948 198 129 62
0.7855952116018535 1.5602552713751618 0.195759321131798 208 162 118
0.21483198540255996 0.8558936791587728 -0.19767621065774088 227 153 78
-0.0519399291582103 1.0157123232076541 0.05286235875691767 255 201 151
0.45056847934630606 0.543197895394698 0.5110613291330571 255 196 122
-0.10479411301486007 1.0896396532069876 0.3271776228250921 255 202 145
0.42544571949439347 1.037815392090406 0.49562188164231447 203 140 83
0.021305464317549455 1.2612100904478833 0.00314997614607023 198 126 61
-0.008345506383494313 0.3405355808097522 -0.04259377109379034 191 116 60
-0.06305784217756136 0.380586917713677 0.11189548839673266 236 180 123
0.31394537095694686 1.4385426377083 0.6714451580648603 187 120 49
-0.07205012788048029 0.4109247274026684 0.1313429755943704 170 91 35
0.5331963451361288 1.1278010763617319 0.5527886582117462 212 140 48
-0.06728544171769653 -0.3062854412425671 -0.07269397025783243 158 90 41
-0.04153821766252749 0.011392400404378937 0.2836025249545125 159 111 55
0.038458093471466635 1.3627027019602982 -0.0957616282388322 255 220 191
-0.05330892545805582 -0.5848696245870885 -0.16039698686149056 169 111 64
0.6311808325284655 1.4670927435726677 0.5446025405286558 179 113 52
-0.06697120629309601 -0.23938682309998868 -0.023214260583024053 152 87 31
0.5805528152784437 1.232597840741351 -0.07786163911394733 254 254 255
0.42177199947143934 0.648762260235076 -0.03130487308838942 204 135 82
0.038900238921431705 0.09186837173330552 0.2922348608265136 211 149 95
-0.04047551043614193 1.2939018430516973 0.13767003171941303 124 76 32
0.36417180431461427 1.3965178805338898 0.5763544228733519 211 149 97
0.3017854931291731 -0.12097757540290435 0.41401379671434546 201 123 51
-0.02595184529336502 0.4186169085166387 -0.061224765398471034 230 154 95
0.3607241836256115 1.0379371476072479 0.550772212600793 222 198 171
0.05056682098773239 0.9257050987818817 -0.0705711839895137 215 139 77
0.5813035756311149 1.2915067325750533 0.5720058741937731 154 91 20
0.2494148144659093 0.09463633155550873 0.06678674509877143 82 42 0
0.30361909698440603 0.41925480297744455 0.4261723585907651 162 102 54
0.455891213638561 0.5062965646361358 0.47402265795744386 204 128 55
0.5437310877415291 -0.0826591906597449 0.2027503467581941 222 169 127
0.5336330674539762 1.0794268891783674 0.5295380793066086 234 166 91
0.0872939776531769 1.259972311005234 0.12666961927767853 239 166 121
0.0670315410943682 1.1106032868685887 0.5180264227862381 207 141 67
0.6643967589281027 1.476377874670117 0.49174842840755667 232 162 103
0.07513458198242412 -0.8352629690821097 -0.19713706441468085 152 92 19
0.5607643375563028 0.9606139561906741 0.46117548608183234 125 64 8
-0.025221021125589535 0.02879416584819107 0.29307824278444616 226 163 109
0.6569627941021896 1.2686263278697612 0.5397510458359593 184 129 62
0.6084879565913297 1.2759456388270383 0.5723606906840135 197 134 62
0.33949167127240104 1.3921152064617999 0.5657721542550096 178 118 76
0.1959273611676597 -0.246966965193232 -0.039824241637017394 203 154 121
0.23802254722349342 0.7625221733169902 -0.09621174461732958 171 113 54
0.5606618546436603 -0.019942971772564818 0.44321119831128264 220 152 89
0.5014403763864231 0.5153052035921644 0.07314564753520747 254 215 184
0.11424679482967336 0.8360973043712805 0.3975051194224115 220 178 156
0.4983359968514365 0.5157924730844496 0.06553330047820018 254 215 184
0.3386565266502787 -0.09203961151376011 0.46303227828148996 255 206 161
0.5215105419514153 0.17756634385561787 0.4694966912038252 210 140 55
0.19806939769625972 -0.8923021920927137 -0.11279414564312376 255 206 160
0.10303450269654699 -0.4917922954531395 -0.05453626268144629 232 162 86
0.5570993025665922 2.109501634129385 0.34354858115580333 250 238 211
0.6113089063183582 0.5502057058497858 0.34121115786437234 229 160 90
-0.08093246079129686 -0.07829675445896517 0.14947798905414533 230 160 99
0.6899472826318979 1.4438547514799251 0.35942539849876765 128 77 24
0.05951587491475438 1.3879614117967773 0.5014934545366375 200 125 57
0.7060993506528457 1.4601889511462034 0.2753747327814247 154 99 58
-0.03917688033507357 -0.46582541337047545 -0.12438322175745388 255 204 155
-0.005720437589448365 0.46223165650346115 0.3343259581697422 224 159 101
0.48233335170129626 0.49937558591190406 0.4581824970954652 189 124 60
0.37930891761580265 0.9982015024981268 0.5072709543236551 184 123 58
0.39581629745054026 -0.9221175981010046 -0.045915234452665966 226 160 102
-0.08683715973327315 -0.1255985373551623 0.1336562190617601 179 117 56
-0.06951617822603538 -0.02117115516421619 0.1852420383693938 247 179 116
0.06140337566004344 0.25546107018934977 0.018396946496989027 201 129 56
-0.07974877782187993 0.4306881520072428 0.12608776608348604 255 211 175
0.4012322500494949 1.0096273782113412 0.49999753577726536 208 143 88
0.18996771941273408 0.7430529944691335 -0.0153758596858427 255 183 131
0.3410704850552395 0.7817249345674677 -0.1660702059908264 191 128 69
0.12375360944715119 0.7641932585692945 -0.008733563462364443 144 91 36
0.02103710110141506 0.7755433441894743 0.12143673605169289 123 62 5
0.2747493814047038 0.9102527964064578 -0.2022104511145233 230 163 93
0.04186496432246344 1.3343143314997854 0.49754963708876454 212 156 107
-0.11415210965319071 -0.3269052417072451 -0.033831598262533305 191 132 69
0.5322795671624693 0.8106804692317294 0.5411377818312009 202 138 61
-0.054710189858294 0.9050677765921891 0.1469067179365363 245 172 104
-0.04816633207100654 0.9968603134796081 0.3260620608362328 250 184 113
0.6396477983609742 1.459072817342095 0.4968506701877495 199 129 77
-0.0314782399628404 1.4909590386088893 0.5031929444817733 255 229 193
0.3394970002325078 1.1988903509201378 -0.06670912164329555 166 111 65
0.28537029802761377 1.2075408462626458 -0.06373449087542657 189 138 105
0.5479159503609382 -0.08561458067394577 0.1817036000229477 141 120 101
0.3403213764347633 0.1247861710468477 0.49558205918865356 252 183 108
0.5348902508726573 0.4942594242350392 0.3886585484597933 241 170 109
0.13031803095761532 1.3440768888671477 0.47713907529487226 146 94 58
0.48202372493348167 0.5657050008925507 0.5250393340810549 254 202 145
0.10485171699627678 -0.7328942051100066 -0.1653348268114929 242 182 129
0.5041777058314896 0.46810597164489304 0.39395281250490316 155 98 44
0.6485302519617963 0.10193347080111215 0.325579968866316 222 159 89
0.010358045493495036 0.9258798888054909 0.010433030866753365 207 138 72
-0.056275395716479146 1.311699988350959 0.16620053083869143 85 57 25
-0.05847551436411984 0.9447266937275771 0.2106409425448992 233 166 91
-0.06772692370338816 1.0627003859605944 0.12272263720371461 164 116 61
-0.0903357037248935 -0.28661737135235893 -0.029546329869150182 177 118 57
-0.02367487303319204 -0.008665693715080879 0.13667895018479506 180 118 60
0.05762139406752524 1.9967593480194317 0.1193394399959424 254 201 149
-0.054902718956697044 1.3026779093313567 0.15517969651303667 179 120 54
0.1675789066240688 0.08167063248392371 0.4551597210854385 248 183 115
0.2398023556194314 -0.06911786485771132 0.4662669655249986 216 144 78
0.2682601764941795 0.21386539403660726 -0.22595845550394297 233 161 82
0.6648373059462555 0.09343050127938249 0.2946680204861708 255 200 127
-0.021509136991615198 1.329459299298055 0.3582619885456168 243 221 202
-0.07277340679363929 -0.18029808675669678 0.0981379710769223 218 174 131
0.29045402684257676 0.6624331466841584 -0.20505081062950012 217 145 66
0.4427220030199121 1.0028643212380715 0.39016712698073414 122 69 16
0.3172358000947135 0.3771197837938931 -0.2690563953504532 213 157 100
0.011324077313563346 0.8561245766041751 0.09868198475933448 246 174 106
0.3839508292554825 1.0089137594814006 0.4723167845663848 241 165 113
0.6492907375953593 1.2984668585718677 0.5420003597102456 126 69 0
0.5441310119777345 1.3958659119627153 0.4909880883284839 145 95 58
0.42103106889020664 -0.9553311747949398 -0.0806959504026998 175 126 85
0.2749473255608336 0.15820000498133724 -0.17820962092871398 184 130 70
0.30949753432688726 0.42790029855481876 0.427963424860974 123 66 15
0.5968110364037339 1.0741454062699147 0.38971582426445484 255 186 117
0.6905605931417765 1.3059635891395767 0.4865214924058533 196 131 73
0.6661308724099602 1.4762637557693021 0.4918383447980874 254 188 134
0.30896494700970084 0.12986743237669898 -0.1896348229568094 182 128 77
-0.0018121292061258412 0.2927873445022376 0.021864804784033725 255 182 114
0.5557475046771863 0.5710264365356472 -0.062362525259717395 107 90 70
0.36036509536609274 1.0400225228946698 0.5441979406465066 187 124 57
0.4853432860527908 1.436092382429888 0.6031340745247433 187 118 51
0.656014655098912 1.481196142748277 0.5214101676783095 190 115 50
0.3085187554020129 -0.11929030379891155 0.4456788222915478 197 123 44
0.45926159593696864 -0.07439200758531762 0.3749583193946273 199 134 59
0.05303732920552786 2.023971414938382 0.1286263267394296 253 182 126
0.6120757082812818 -0.010639738787849226 0.3357718875650846 233 174 108
0.050728205752848116 2.071805157582815 0.3795009057469283 252 186 115
0.6043130005224335 0.6920556342842386 0.47297144757535065 221 151 79
0.12192578062689152 0.8998283969177894 0.37876637571248895 146 81 30
0.12161488227965757 0.9011106704219917 0.3783063178395328 146 81 30
0.23356725590422767 0.39990838981495785 -0.24863621426899948 200 143 88
0.133759119785601 1.8835703516834157 0.42242681523898035 221 160 113
0.29383036255793715 0.8127763645003083 -0.17914130959848784 203 136 73
0.08414971092700503 0.9200522882088491 -0.06141544956493634 175 119 58
0.7046671798018734 0.70856494083638 0.38902880123772715 208 138 52
-0.041273915750399764 -0.19491238105101125 0.18829182101250755 228 160 95
0.03809107161739866 0.01403586260173454 0.38826958248790283 201 160 107
0.4361079285972643 1.590226800889247 0.7047957737978305 237 165 81
0.4829726729442329 0.933772470422812 0.45827650085734095 79 49 21
-0.09857602556861561 1.3069046334199852 0.19560509226670159 255 201 153
0.016556385797501325 1.4950389778775452 0.5573821344410101 248 195 144
0.09742886770232802 2.2938580758956593 0.17669328535616458 255 198 133
0.26772437397524146 1.3484824777558226 0.5888661638424888 255 251 244
0.016912204351547753 0.38922029664774 0.2872244573865861 194 139 98
0.15627932137179468 0.9206439310396186 0.39668201469537573 204 139 85
-0.11294289972452785 0.6240989763997432 0.2595863147267863 202 146 73
0.12904541073530282 1.3433281810513913 0.476680857043899 144 93 58
-0.0748666664508697 1.36200346256359 0.32868264040908624 223 159 85
0.3917697561236353 -0.9287704069262228 -0.03862482915868869 213 149 88
0.2141742005833475 1.826254218181147 0.5397247556463409 206 159 109
0.18750856135221364 1.8225115428063445 0.46635516729400434 174 117 48
-0.09790766068584583 0.4650076991493836 0.11382887408109987 206 138 64
0.05184099400829476 2.048506670823638 0.10052459736340325 183 115 42
0.016034819052555715 1.0655386076667785 -0.05924830727963376 205 136 67
-0.01111917403647235 0.31506680694700534 -0.04090092563279077 243 166 103
-0.007708237355140415 0.00017200875822844875 0.32318318099663323 215 165 106
-0.040538170238465676 0.3339090221024886 0.06669371246066574 175 106 15
-0.018715620107624287 0.32435609931819775 0.17669412003453971 255 193 131
0.6793226121506358 0.09177215817902001 0.2330882272137797 201 135 59
0.49673809111018963 0.5273361936198507 0.06705414755928149 100 72 50
-0.040028058416199656 0.34387856630350044 0.023560051057213698 211 147 81
0.7024120123847075 0.8503405560976169 0.4034983000067095 255 207 142
-0.08091046940387171 1.4378289526071975 0.38803084282795625 247 184 116
0.5742898022500854 1.1092327764981724 0.4844074473192944 180 122 49
0.10728313030010424 1.8633900970249442 -0.02385157968714694 192 125 48
0.6712202434834164 0.06152688293992064 0.27585048751844954 218 152 78
0.3923318655415913 -0.9418006245305726 -0.042610746452924245 223 154 94
-0.01947165434440347 1.2775119265855739 0.22623251385753826 196 117 35
0.19047519645799943 1.1378435453084867 0.6169021340059554 215 165 103
0.6029804920396168 1.2953982892065246 0.5638004917314957 151 89 20
-0.04813676705399138 1.3105038435385252 0.2142050904316652 244 183 128
0.11219981081396811 1.8888421229659986 0.09068719359223049 162 98 34
-0.09831973316081738 0.4934987999213165 0.06061747347852705 216 144 68
0.03819452976820231 1.2545469004370362 0.055065981660465224 227 156 97
0.3775472886839523 -0.0816438581615857 0.43998494888060585 255 194 132
0.041049525724501164 2.2096056920332128 0.1622930408962366 198 129 67
-0.055007931172666016 0.003299714263064658 0.25688110445775797 198 139 79
0.5778994073440926 0.5741483326779893 0.45525235642652084 255 188 118
0.7609816461214908 0.9593979286655232 0.1210805571408427 210 172 135
0.05182928243328149 1.2683100971299004 0.05501532188207861 172 108 47
-0.09469780976550958 -0.13623692431320186 0.1155026147835224 157 99 27
0.5547584309238861 1.069452209088465 0.44669822651189506 249 181 123
-0.0776852809656885 -0.2616121995266464 -0.009413251037688676 220 154 96
0.6643139695063361 0.1244188048957258 0.3048125768728256 255 195 129
0.18831863465929236 0.11725578875169601 0.4851211068018887 255 189 118
0.032834958032182913 0.4054110904823458 0.33813795531907864 237 175 115
-0.026020788327991817 -0.0016391782466394552 0.1669763032718539 158 97 32
0.5436807131785569 1.4262252957685715 0.4591902130842088 118 69 29
0.46330483309122644 -0.6803561057342593 0.010323640542090881 166 97 28
-0.03713063760119355 0.03666493139691188 0.27714608635533466 225 170 113
0.30596938702689774 -0.07823923030313314 0.44365704430603997 217 144 71
-0.03494320598129967 0.34507871264465856 0.16057486632868126 198 133 67
0.6980709858082432 0.15086414209989132 0.3321620333621648 210 150 80
-0.04187428959830716 0.011329977018905625 0.27384436990846983 157 100 47
-0.06274171212248464 0.38347327015418403 0.06163551116396258 213 136 62
0.7679063807828638 0.8967759833324178 0.2082139024830978 230 175 110
-0.011867809011866596 0.2872781494236898 0.044190422760588655 226 164 107
0.6467419700078457 1.0566948381917034 0.13147480298336434 153 104 56
0.6426328519091815 1.1212049880407002 0.3928651823554766 251 179 115
0.22645646957408577 1.7328927905932798 -0.07845756271752938 212 135 76
0.6842662755185752 1.1464831645528228 0.3817506440395477 253 180 115
0.5918020950326459 0.5417225736060434 0.05488961234971119 239 162 80
0.6303528093132814 1.299784675940831 0.5661176119255219 176 109 46
0.6754918637582449 1.1632970044372917 0.3933590792616752 205 135 56
0.12515864768147233 1.9117054158845295 -0.01011930058293883 216 148 77
-0.05984331242064826 1.3167334173933576 0.1569825052341741 173 117 72
0.6547259183237055 1.4573592256864476 0.4800242511349503 183 123 59
0.6477826981386087 1.4951446971833637 0.5466362767641979 228 158 88
0.15814397474807676 -0.5425656177600626 -0.053872086361372855 152 84 2
0.22990380388933837 0.03173012060287426 0.11541300541031035 169 101 36
0.5358027798365353 -0.051458397555564375 0.14931078535085496 173 132 102
0.14393275169882758 0.35806302943517515 -0.1989227793346272 196 143 97
0.3317371395379137 0.5174342673454505 -0.298322354437795 236 166 89
0.6774158690188974 1.4906722390723508 0.43236924813736416 181 119 59
-0.07613270589992349 -0.29842896974526484 0.07695869431082375 212 154 94
0.1507976017936131 -0.3197094207230766 -0.01151705345416111 255 193 131
0.5507239841889431 1.4389235506652722 0.5493000863904183 235 168 110
0.7057202304684196 0.1682293242439733 0.05525973517086928 216 146 71
0.5323343486141615 1.2974565070482367 0.5761311774905856 199 132 61
0.09534318274985831 0.7724492196000797 0.06380632318704635 152 111 81
0.5798052455376552 0.6090946251839376 -0.08267818580115381 255 255 253
0.5571782211722942 1.0681397327124744 0.4526152998397443 254 185 124
0.6273045759912046 1.2896434384133768 0.5571195449889113 139 78 12
0.560912175917174 1.4298489618646542 0.5390946100080276 125 82 46
0.3444898838319907 1.047748196970965 0.5680799384067309 236 162 90
0.5203736932606503 0.7506533791619481 -0.13882778095814877 165 107 55
0.5076052605347418 -0.7097627151793163 -0.0029639851557619534 253 186 108
0.7441249602824556 1.2474788509596628 0.20256152101490715 184 127 80
0.39940231915999524 0.4728818541526034 0.33158682917799887 160 100 43
0.5326665372780153 0.4791668599608988 -0.2925468246363867 233 152 76
0.3023234502393575 0.5177325781439678 -0.26727245052314735 227 156 75
0.19647718094860017 1.0184056796213046 -0.1565087085804401 208 141 73
-0.014159594817972616 1.4439448012531984 0.0886540151689366 254 253 248
0.2479902882679148 0.005147722721130166 0.12333325189369782 177 106 40
0.5143468178658855 0.7124271029876369 -0.12965527503598684 135 83 44
0.43737866855791613 0.7951679528754544 -0.18102110998005075 182 122 67
0.7471051439175709 1.286617996023475 0.1290253903468921 189 127 68
0.5693059543506942 1.0789603387303328 0.4476455720167747 231 160 97
0.03451617435716594 0.4922421947366474 -0.11112344092808567 222 179 144
0.0906244214116108 0.8514153135877783 0.015721472251816682 254 254 249
0.2933426278184953 1.2918179491831654 -0.06842486268685803 154 101 61
0.5792813928349229 1.2964942528925 0.014272415975250584 183 127 76
0.5276447162863777 -0.09786119796162748 0.2270994300933068 248 184 147
0.38585190668811586 0.47578023521862584 0.45268112901110086 120 59 0
0.4460575458867558 0.7788365635844365 -0.15535924523006805 172 112 60
0.4270555597737654 1.5983367332667227 -0.06993252780128009 168 103 46
0.599075691832836 0.5367248714019642 0.37192912637931486 255 192 134
0.5151952434808046 0.5530031092832439 0.4619947125872413 210 145 65
0.5245066370799241 0.8006822284907241 0.5528480892321371 255 181 106
0.5939955029106521 1.1219043658088665 0.5037429443178861 251 173 101
0.15640969251910558 -0.5167078794462154 -0.06377199166576726 201 130 66
0.5693532017593688 0.5450915526572628 -0.04746505017073067 224 189 167
0.5391573715792717 0.6011787601138597 -0.04881036381385975 255 229 197
0.07087821146648708 1.3835038905791954 -0.030353627049487485 206 139 63
-0.02120507005673366 1.2771898883682822 0.31718498824588554 215 180 160
0.04816599667286524 1.4548652139881968 -0.021669771696001445 251 193 135
0.24654809634800884 1.4116280254617088 -0.13876736322487318 254 190 126
0.5473079266860018 1.0179544562030354 0.36940928064437223 175 119 72
0.7361433749950743 1.6545714447188506 0.09831930109879104 227 150 70
0.4500230017440686 1.7217630130124857 -0.1397359373147682 202 137 57
0.393126842127253 -0.12372232932845054 0.38652475459218005 242 161 81
0.3953213795935432 -0.7885776214802981 -0.3639763559191711 251 180 126
0.1556128197208828 1.8716678787510885 -0.02506816857091365 222 165 103
0.10286577360780352 1.403780880578732 0.5469873630488009 236 156 101
0.7289384373961236 1.5569491476261954 0.06318527865291322 174 139 105
0.5410909794032169 0.39769289123498525 -0.25256028962209665 214 143 66
0.5522334907293998 0.4683519434799805 -0.2692726253340624 253 177 95
0.6428229843772231 0.6220000557792714 0.16025060659374027 205 152 112
0.6179522841112169 0.5240794348406634 0.2767010950611864 187 127 77
0.5708952806886547 -0.024690500811415602 0.11942739034180096 230 178 136
0.42719754526526327 1.7801514109575587 -0.0736331697884839 218 149 71
0.5168754272733447 0.5175011870145926 0.45647103336127226 186 118 47
0.17672671418525765 -0.25769596405432205 0.06140631974485905 221 159 102
0.5867572102174791 1.1271573884414354 0.512974000176128 197 136 69
0.6352065904720258 0.6189535401563268 0.42116258398229167 255 201 148
-0.0192422403353859 1.2865382367809999 0.2666302927737719 184 155 137
0.6330815866618182 0.6199730344952668 0.4176631624379534 255 201 148
0.010219502162558866 2.417093492468326 0.4187844737121486 197 153 116
0.483901879405328 -0.06886151816212502 0.13534077261560482 241 188 145
0.23606897084894346 1.0191855638594787 -0.1740914347055253 227 157 72
0.584515259092629 1.3042436878999004 0.5696792277899266 182 117 55
0.6846085466892261 1.212481611569338 0.4811411735650676 187 131 50
0.43691913555126455 0.7877018638491083 -0.17360240979679115 231 159 87
0.032291727029524764 1.1971859529962565 0.13218586926203732 215 177 138
0.4860185539402112 1.1585380207164793 -0.022116298768754348 141 77 22
0.359850855376915 1.2373848046752336 -0.04989929126725205 255 200 141
0.21785865499288873 1.2629869573837718 -0.061802406157505825 198 134 63
0.11469683976531697 1.4721886667547328 0.593183186417885 215 146 73
0.4614699454732192 -0.8770219255317485 -0.09682480638692709 255 205 145
0.44090433751586455 0.41366611970945555 0.3144345097974292 148 99 67
0.7056264680282244 1.4656015406998406 0.24790901237008656 138 77 33
0.22145470783685345 1.6658205036808549 0.19758473468688365 139 98 68
0.5278127083907329 1.5005118074553585 0.6506896299074689 226 148 53
0.43216810030479896 1.701542816908112 -0.06489065164239494 235 159 79
0.6021662490330613 0.07552062552939547 0.3771563226972551 232 168 89
0.11031495435165221 2.270488189266411 0.22615012610162774 150 89 35
0.5296549271982185 1.0613737218979094 0.49362136006281293 189 123 63
0.4877270406559523 -0.08292251527946724 0.2038273212972757 148 120 90
0.7342090862757634 1.2259710461049156 0.23680135517308 208 145 91
-0.03784594719211978 1.3135947002973771 0.17350042645456207 194 150 108
0.6864753529553853 1.3278384532645482 -0.03141293357726259 255 188 119
0.44196862894937883 -0.9232736451382212 -0.06550865021895654 161 121 79
0.04677826417687051 2.3338739544076685 0.2607270768807533 255 240 226
0.4521985608922928 1.2883117989707653 -0.11399808166674924 222 150 72
0.7081316453235793 1.191038423243685 0.30171125885123257 236 177 127
0.566967233810951 1.165480393910206 0.036663144774402606 139 79 22
0.700050696362794 1.1792950931395345 0.23085951308590755 178 120 74
0.4002375451310738 1.0146199735590045 0.48163459803047726 224 154 95
0.5880813025417964 1.0211032560846414 0.36423880285617183 212 152 115
0.6494600594262488 1.2885965391663725 0.5380599416213503 194 130 61
0.43328062112661 0.7308546554230555 -0.13101574306320132 207 138 63
0.3940005298271331 -0.8043882103710163 -0.346009873796078 113 59 0
0.5823408196806954 1.3065532897526186 0.5658767673454413 182 117 55
0.0035512326069996776 1.494882462600024 0.04311973322295832 219 182 131
0.36516005497424064 -0.04374284815213609 0.16480816517975908 193 136 89
0.7052912540849285 0.14141684419121467 0.26108521891528097 254 191 112
0.5745457225368522 0.5063468693748112 0.3617263384089577 171 111 48
0.47468977935848994 0.7177090136656902 -0.11637247792363083 252 184 115
0.5840397543292787 1.0652809981146925 0.3861518055547199 255 202 154
0.6016971013319937 1.1118912801939942 0.4542622274898066 255 183 120
0.5740075030591564 1.1212932854715767 0.4963008342200172 245 172 100
0.7347442573874124 1.4954143509082274 0.3060132441896982 178 121 68
0.5773939385603003 1.654366468669102 -0.0945022850258788 223 146 58
0.5912680517115865 1.8488174477766242 0.252072603441469 206 157 117
0.6777217340936995 0.13896140107779273 0.3252665665635634 254 192 117
0.2087535635197536 0.9811017493679262 0.4866822652592349 172 111 47
0.6010670755907157 1.0908016754395315 0.37573510091868456 254 193 134
0.39813445587161755 1.0364012401109084 0.5967863978108342 247 170 98
-0.06883905616750341 -0.42963275293324227 -0.08415097478847856 198 154 117
0.5316457636543854 1.4915937400882193 0.6271597135617762 255 202 142
0.4744769524834911 0.12742163928303205 -0.15854292093371086 238 161 91
0.476889310796944 -0.8962031603394495 -0.1707951706458217 226 173 123
0.3155774424665392 1.0231584256248898 -0.19437620282261905 218 148 70
0.6345910090485058 0.599595941088766 0.40588571909178084 231 154 74
0.4895516895720496 1.1576141915413767 -0.016705532003386463 138 72 15
0.5885730314534706 1.1034261457970558 0.4619944767522196 246 178 105
0.6399705234921754 -0.007217441246979573 0.23237410424075086 208 141 73
0.1686074495453817 0.40060797239164564 0.4027428146173898 225 154 88
0.009299179050855592 1.4503288511942267 0.014377632511812904 255 206 150
0.5985184133443868 0.5503666347020851 0.4035809379799809 207 136 56
0.17747146771496247 0.9617320585217028 0.462516596095622 198 134 76
0.6789890906798136 1.1682311356495947 0.2121898617358878 201 140 95
0.7019337114159511 1.221752025905024 0.13911078682394745 243 169 100
0.7155175789086948 0.1593257569074057 0.300938915174982 255 192 130
0.07992298277464126 2.2825959044163526 0.2227698364803148 154 101 44
0.6775122868780167 0.17009016554136955 -0.04746915750894379 217 149 70
0.3645053905144094 1.3041965894631127 -0.1448918376335202 213 139 66
0.5997172083571068 1.6876269893576692 -0.0775211127443673 248 176 102
0.11063841253613733 1.531753132334268 0.5974166560128763 236 165 92
0.6412993439828438 1.356120130887581 -0.11942233679847984 255 187 109
0.7151421953331467 1.5393575104719521 0.1573437911043368 178 114 48
0.6930853019128312 0.08340474970878604 0.2460936988467467 254 179 101
0.6170915456213951 1.2790478054632144 0.5642089758006558 153 104 50
0.638624100519286 1.2872256875026449 0.5468053697603023 189 130 65
0.6091096418826005 1.1296617557137023 0.47786218665643965 202 135 60
0.35626618754171263 0.4001273172788521 -0.2727102896405006 198 128 58
0.5626392370578444 -0.6800628340815321 -0.03211401960450863 214 146 77
0.4982791571067041 -0.08001596084681895 0.3673487290781569 186 118 33
0.7330751709589569 1.1771590181726723 0.32181907304264884 210 146 75
0.701912812608324 0.0769990912230687 0.2348511322668841 217 142 66
0.6233979874785062 1.0748746400085676 0.3298843296235187 189 126 85
0.7608921960875312 1.2624566787847582 0.08155921062354438 255 186 113
0.1735956413714409 -0.31256342280058946 -0.055793136780057 255 202 148
0.5526090126333844 0.23902642450591294 0.46381308094666523 246 183 129
0.3959807371501463 0.630921061005897 -0.16042764684197278 186 151 132
0.7684147982943774 0.9312607484262434 0.1681500143072058 248 181 100
0.7749922962662515 1.2658111884509538 0.10901126356190782 236 172 98
0.7642737079459213 1.2015941353878326 0.38645245836866565 254 198 147
0.32982469173026174 1.4196339278466614 0.5967727212788141 155 105 62
0.4633280892756383 1.4826495883368966 0.6398688834501918 248 178 113
0.6303167504849821 -0.010339944617306238 0.10837625161104818 196 127 58
0.7366986388876828 0.14894268650823467 0.29093200089016596 231 158 82
0.775907608987814 0.19997670867074682 0.10506582889329871 253 206 164
0.7646817143875965 1.2369040026929083 0.11110733241366176 253 209 162
0.6326437275214967 1.2476882874611452 0.5792225956265399 213 161 97
0.549300914341672 1.5130098020405154 0.6116741898378163 247 177 108
0.7358353038803831 1.706851046599358 0.32032083254858973 173 109 35
0.36389721630010846 -0.10359829637963218 0.36959846469752905 203 135 65
0.6216303030448591 -0.043046338221813626 0.15913698100610604 216 147 74
0.47470429425338667 0.6210508254717133 -0.10595264334089084 173 141 121
0.6169356321209611 0.5247002662835226 0.3335232170769384 187 117 49
0.5407133709811628 0.5384465508285925 0.4297798174586477 244 165 86
0.7150692086886844 0.6506876732062852 0.10795939319970745 185 119 58
0.40070035620404837 0.7560787924260758 0.542151983132034 228 167 112
0.6812994134490911 0.9283307246787329 0.0231081978850767 254 186 110
0.37129975176938623 1.1792798919251681 -0.12078558944136421 157 105 59
0.618886618690218 1.153380243017377 0.03290560069276756 130 76 31
0.3197221323147406 1.9017300259424 0.49749001579076485 227 159 98
0.7055570931509435 0.6202710485599418 0.23514727115433015 222 155 88
0.7849019826201501 0.8080025031002428 0.19777879143891203 255 189 111
0.5299641201146902 -0.8574263337212901 -0.32725160350460564 251 191 141
0.84284974332824 1.2655975794838425 0.18232332548990485 255 209 153
0.6557663552690449 1.4281600520849504 0.3642607378730754 169 111 73
0.8080542192052518 1.3037010049420186 0.11219912962047054 214 149 69
0.48457482167792615 1.5640204650398701 -0.03210888564887272 124 85 56
0.7116560119285796 1.7155822746212956 0.09296416686381967 254 199 140
0.7180650966605421 0.7018142745349677 -0.0007847084267328456 210 142 77
0.5976598870185365 1.452794180129653 0.4966099966350086 193 127 66
0.7444820408550139 1.540360260004947 0.09716819751080946 174 115 47
0.7502221346957122 1.5300155264618673 0.21439388597827647 194 125 56
0.5709186346050128 0.5148320971892522 0.23445801405088168 128 73 33
0.41727120284430586 1.5983404283496585 0.6690573533463835 242 170 104
0.17725625719841429 1.8629569564418422 0.4065994672025944 240 163 81
0.3977285864047044 -0.8831302424793495 -0.1299270591790323 245 173 97
0.710475528498133 0.6215578887879388 0.22255731244791443 252 175 107
0.584328054048014 1.3107927446599805 0.5520259876477749 207 154 114
0.7382752494994793 0.741590863800301 0.043119581615517884 255 206 151
0.7448804603962594 1.0842380550873059 0.2724940835225527 255 190 134
0.49922217605670544 1.3248188267582535 -0.16086548049668029 217 168 120
0.4089112299094104 1.932434625421537 0.0559020842540258 221 183 148
0.6097241993437511 1.7747668275412565 -0.06617794259194289 170 130 87
0.753038055292321 1.1731509776229239 0.4059423728409163 255 199 146
0.7158771579182487 1.1924484864262288 0.09960028877065746 193 129 67
0.5504403182147652 1.5091462801608666 0.11441987587614136 253 204 164
0.5896700043744219 0.5179851314837761 0.1336351596596722 134 84 49
0.5810003329593034 0.5193370988044926 0.1317948620921714 134 84 49
0.5329022164852373 0.7004350683861611 -0.06149640548487375 225 159 95
0.6309106664820504 0.12593096714738727 -0.14425568391807975 244 199 158
0.4133415291746843 0.6258345800078186 -0.19051854623899017 163 138 118
0.7971453390698271 0.13929715701484174 -0.09097671959063844 208 149 93
0.6767180467694422 0.14988905088108784 -0.06954972093700877 255 208 149
0.8475573705287196 0.164764629173183 0.12163563130420067 241 170 99
0.6813436069805794 0.18036260345214236 0.214355891261836 255 192 123
0.6681582903128456 0.6094793085603326 0.3234417386032115 255 194 133
0.6364277926685019 1.200816460626463 0.5071015762028126 250 166 93
0.8595205326890334 0.1739474548680651 0.1404069176780406 254 219 176
0.5399507359717667 0.4772059869633621 0.19128574834744788 114 59 18
0.5920338534821992 0.4870475107287928 0.1670247865050766 120 66 30
0.6305650360310453 1.0925353262587907 0.26802426468362855 150 92 42
0.7643611954696017 1.4630652713519925 0.3029252981446908 214 145 86
0.8045240781163865 0.8178338204710534 0.14978739885602757 213 142 57
0.6817875472672121 0.2808949444356133 0.3311451896510016 248 181 108
0.6255047338240827 0.7224129018804708 0.04435559558557822 242 166 88
0.7810086604454588 1.2265130849019317 0.23759685959766008 254 184 124
0.7830779859717988 1.2311693725347266 0.24294108149029317 207 142 75
0.7812522699588705 1.2317584967280897 0.24223826379818253 207 142 75
0.7712318452801941 1.5359083152065518 0.3337700682189642 212 145 75
0.3972899128694241 0.4916330230319055 0.4665333569765009 248 185 125
0.33458455571856044 -0.16476434867491258 0.2825957711737889 176 130 81
0.49485077283131884 -0.10772013358695821 0.1730388786635861 206 153 109
0.25133342102895745 -0.13940706195237015 0.37571819110772714 169 147 123
0.6752521609596057 0.08587094197188934 -0.0494501710698549 196 140 83
0.442236520597951 0.47089626100362136 0.38352925297519025 150 95 54
0.6107812418902168 1.1257111434816958 0.060436065659003835 191 137 96
0.7027262456175146 1.1051536276691507 0.27769907222365886 192 132 78
0.3193172149118492 1.3825657709930745 0.5545819161222765 250 181 137
0.2269698187575611 -0.20880511342352986 0.004729970618736748 180 115 47
0.40268587762200775 -0.14776655136176137 0.14459922289132146 196 138 101
0.3281288195016452 -0.09369813587611026 0.40018927085694406 255 204 154
0.6565840653593414 -0.030444409900353676 0.11855131327185689 232 158 93
0.5738123421612049 0.055514972749638354 0.36549341795095724 255 198 128
0.7917407723133941 0.20645719865374826 0.14407721921133765 255 209 160
0.6823041512182173 0.05841863658182836 0.2855898699399001 220 153 77
0.7485203480135866 0.14800016473283584 0.13452301333202538 255 214 176
0.4774797680878485 0.2025784646937091 0.46009374399835096 254 195 137
0.5025180701509115 0.6181613860349167 -0.06949071912948517 127 94 63
0.20003172926109725 1.085756588387851 0.5472770213841879 220 168 118
0.6253654707317555 1.096600089561067 0.3635239600766927 170 111 53
0.4352114980633482 1.4812369084639767 0.6194409265027468 212 140 72
0.6687742573358305 1.5237256305626703 0.0543868376477162 190 130 76
0.40438154473889815 -0.9560933205814042 -0.0708534606109769 180 136 92
0.7966604016246065 0.14274272361416968 0.09904546247919542 254 198 137
0.7192079305365638 0.20817141741237333 0.29723326758506097 218 152 76
0.605923065445864 1.1396680461665998 0.11016125814318721 136 78 19
0.7477691206927266 1.5148453506081794 0.13301455119283062 171 112 46
0.508964996325983 0.5062010964674045 0.439989194478111 180 118 66
0.44933909886680184 0.8720386208976759 0.4871579459039383 209 155 108
0.48066485191488917 -0.9028278734276756 -0.08901188027336687 225 157 84
0.12995055556754795 0.9706282350056048 0.476389157857427 255 255 251
0.7013226146542803 1.2111288068404822 0.048133262322524274 185 125 63
0.25304926409318307 -0.9145796465410617 -0.4691744918120211 255 255 255
0.4787021259222774 -0.8613983410643874 -0.10988324511989857 233 164 86
0.5635887120862536 0.5884480917710652 -0.016719015295290903 208 144 83
0.6957005811890136 0.61271969672933 0.2190366264409999 190 126 49
0.7032671836914735 0.6183595659485297 0.22550756075774292 189 124 49
0.3204826554778931 1.0329798504831968 0.529232662080603 252 176 92
0.44985766186686976 1.5943278714261337 -0.10644213500981704 253 253 251
0.43852407991369563 -0.10831753351812883 0.3311029586616131 252 252 252
0.5877816080831977 -0.0195904153312716 0.35039995463636925 184 121 66
0.6941101387752108 0.02934470357775039 0.0982939022693953 177 113 49
0.40746670393807394 0.4970226884046249 0.4579309939054046 242 166 88
0.42597236911924485 0.6629127364985756 -0.13732004968047481 132 90 73
0.6960206442420009 1.1934029526903076 0.34787533505311885 163 98 42
0.7646006993173593 1.5274715349745966 0.25226347374446434 169 118 63
0.7414543958463059 0.30623134527006074 0.2836895066659451 243 167 89
0.40962266486249477 0.5793353939454368 -0.15455677999178272 145 93 54
0.626496362486417 0.5566057444250294 0.303819131711345 222 154 73
0.6506127151774095 1.0994098021879215 0.1342305078929093 227 159 84
0.8099635242223997 1.2407242624888066 0.2174579709734853 178 120 69
0.8001490261006861 1.5430817630226794 0.2450560361973396 255 247 236
0.4333034826894542 0.47669633024382235 0.23673698517695985 229 152 72
0.6239982721916999 1.0871769689782569 0.15476755244325352 228 160 87
0.7385578143614074 1.1952081385613107 0.09048209803737864 194 157 127
0.2840672507804815 -0.18836409100679707 0.08268245299813934 167 149 139
0.565694352202161 0.5100710865734771 0.37195613297883207 241 163 80
0.7729812835645864 1.2243925791003958 0.16287274689631126 161 113 68
0.7590020880249784 1.5561104892548707 0.07169269250259953 253 252 248
0.6555987108547894 1.3500402697730856 -0.11840654511567263 254 254 252
0.687876387334309 1.6530804319553698 0.4872642979367202 217 145 62
0.525877305196447 1.4661447152304452 0.4611819184557574 255 212 177
0.520224356113089 0.8101546805776033 0.5367829500850979 136 111 87
0.6638316299481727 1.1523679777661848 0.11457794760166189 145 118 93
0.6682240138067529 0.009713681327022723 0.1401237916743424 227 150 78
0.42095131097271526 -0.11113871931744655 0.3450210109213912 252 178 119
0.7348847469356445 1.24725196835471 0.21741192071168453 255 203 144
0.3654810704084901 0.47519123866043217 0.4404294990529227 171 123 82
0.669683678501853 1.309710775185939 0.517133844403164 143 79 10
0.6640755381196312 1.1261659184435837 0.16142524055817115 201 138 89
-0.014478677342897902 0.8183844657004694 0.22347555586010237 253 253 252
0.3809120430775329 -0.9508575525950574 -0.051001826514829054 168 135 107
0.45851267269751206 0.17572933553869627 -0.1691062852922171 235 156 79
0.615210978283413 1.1253637625086998 0.4850753444099822 210 141 66
0.5369713283115471 1.0021812621014075 0.3649364247665601 131 71 17
0.6228994920774169 1.1266025159729363 0.4548307597549456 255 184 111
0.3646867157670349 -0.1449246442960564 0.30709538272687364 198 152 102
0.628969890009566 1.2879339339203082 0.5593216603725213 143 77 2
0.5786757666480702 0.049796827158216685 -0.07687626496566789 246 189 147
0.6195531233397262 0.5202139733243198 0.15319411631366356 94 48 15
0.6021541959839489 0.5263528525844855 0.1601614561414733 156 107 77
0.5982362811845575 0.5653046473602684 0.0006733599169787 122 74 41
0.45090584638848585 0.692698688252535 -0.14189011925285275 187 150 124
0.6880804604469929 1.2874355893668694 0.521924326058024 203 137 66
0.5713186619056109 1.1736197900461331 0.0607047150189519 163 107 50
0.1723562731950063 -0.4848713740150582 -0.09220088356011673 166 98 25
0.7296784391999801 1.1807469251130707 0.20063229813303593 240 160 89
0.5149100400780422 1.4972890422808924 -0.08023576567831829 150 117 85
0.5271455910844411 1.0692869963359477 0.48273852186835003 183 117 55
0.5423328642733634 1.5878972052690203 -0.06196831788080778 239 163 84
0.6327518196459451 0.5657967581415934 0.3900024550201834 210 138 53
0.6953816589971196 1.4946718422246006 0.46835620257413707 224 154 85
0.5491927818592742 0.6039592542296591 -0.04598988503096274 254 208 176
0.7173672923735926 0.8479164395044407 0.41824546670344986 253 186 117
0.7596948858134854 0.8711456074937979 0.3898970031592769 194 129 64
0.33250933710714176 1.0661456649626897 0.5950155082048793 215 138 52
0.6833102628444693 1.1591987911018853 0.40299109964338337 216 145 63
0.6219678331692867 1.1299543663581249 0.5242318964684043 249 178 106
0.6097051404304142 1.1735195807276786 0.07071725617184407 255 192 137
0.43443321111350525 0.4980125414761773 -0.24665292685481194 160 91 28
0.5204349088849556 0.5350088125224752 0.4591305141290949 231 157 92
0.6043628036911713 0.0705012022683277 0.32646732708364645 255 193 118
0.6903176299745647 0.2725845175794595 0.38132433731096327 255 201 137
0.4902832297934161 0.48157782818172423 0.3831093735919577 199 137 78
0.6631477624731582 0.5921874782851378 0.17651106968598962 177 122 62
0.5506793052447494 1.1500354753615707 0.018059181963649105 208 138 66
0.7071344315571394 0.6628222578879402 0.28666183569733233 255 182 100
0.7527250707690796 0.8568833222091594 0.09973007168894375 217 148 71
0.6388838415809128 0.9854941982918928 -0.01418047517744785 255 249 207
0.6086171524555422 1.0811144499909389 0.35538395680371876 255 198 157
0.3766779309681212 1.3561084119566016 -0.2618610317779683 123 69 31
0.50582859047096 1.128230326846819 0.5000697136306967 227 151 73
0.4894118822546291 0.5458297165358892 0.06327170675830904 95 63 38
0.7381710024485141 1.151699595893811 0.2760994068907707 232 158 91
0.7183318405717791 1.1847956267741155 0.2709058541985178 207 142 72
0.6968038171883989 1.2639874486055425 0.03806099968074506 255 192 124
0.6968038171884011 1.263987448605542 0.03806099968074552 255 192 124
0.6071666487215377 1.1535559711171701 0.12288249633923093 226 162 105
0.22476298134495026 0.5180031404119477 -0.20134067435243877 166 99 22
0.5208201095648713 0.5858073908348812 0.49487966129037436 225 154 78
0.7067441370388781 1.6602945042956234 0.5039466691247579 165 105 42
0.5170053162515968 0.5892759898697828 0.039195881401969876 189 124 57
0.611109427860679 1.047118134601407 0.3078852658761016 167 114 76
0.42746746565251764 -0.12232047714086547 0.30854738165976675 232 177 128
0.33274968236667785 0.6520346653137741 -0.23156422556656844 213 146 91
0.3700571088516597 1.2810120409187398 -0.11437735123080088 252 215 177
0.7389400250433718 0.10381366955802504 0.17287566824342493 231 158 80
0.6841240498349747 1.1962979199326809 0.16068321349910447 252 254 253
0.7638471818572667 1.6360403187763477 0.42164782606134005 255 206 146
0.444857695326994 0.555446217198534 -0.14577574300838744 178 121 71
0.5585781609304947 1.2195989453745542 -0.010446182671741588 228 151 67
0.690998476754385 0.07663761073846259 0.23259401011020367 218 149 75
0.4393667648317458 0.6090630346548316 -0.21618267986283074 187 160 138
0.5025755877249942 1.2641612609876072 -0.09797018373302012 255 187 116
0.5299363495493022 0.6150577691304921 -0.06379905125892973 131 87 65
-0.022324081569666337 -0.39545523811940686 0.0299844140882523 237 171 109
0.737320601793454 0.8271128307763431 0.13109412031128648 237 167 100
0.4770635523840793 1.2155475020491027 -0.03929138956257352 209 139 77
0.4320728485040681 1.1941005518495775 -0.07633727004382976 175 129 90
0.7361123730620981 1.315283893662011 0.0033675114733027244 255 195 127
0.6671758109675472 1.2994539207772482 -0.0627677179190877 206 142 80
0.45606810636399275 1.3756445565106978 -0.14430599441768163 222 151 63
0.747127857207078 0.14756733791387266 0.13462598034117537 216 144 62
0.1275488348244526 -0.21299462264436658 0.29629470023510146 182 126 77
0.48823566191209333 -0.06479005208219747 0.3843561833113538 253 169 93
0.40731777242190237 1.740598534757117 -0.1429807606138188 255 223 183
0.24863757183459206 -0.0804790582554995 0.4310691602413865 255 187 130
0.7541461932540879 1.5350914195823724 0.125072805075801 222 152 90
0.6679288042680275 0.003238142117556656 0.20461662937356262 253 180 108
0.2572299198943423 1.8216861147366583 -0.0685479206631315 181 118 41
0.48131804324335287 0.29772365433350156 -0.26887172273358784 254 219 190
0.3890087538615543 -0.9401858427498413 -0.03855346303142617 151 116 85
0.2008534830491429 0.42454641819674954 0.42989486416546246 227 170 118
0.6566532010191336 -0.7015411555643523 -0.16336288989983438 226 155 73
0.47139422364546346 0.46731213061821836 0.39080936223845403 152 92 38
0.19282192191384387 0.9529771677076957 0.43941741675150314 161 105 55
0.1879668165495262 1.2277678880970064 0.022735614449706204 167 125 85
0.6132286648496797 1.202313744190644 0.03504939801179301 183 116 52
0.09712558209859258 2.284504648542287 0.21036039989319913 184 136 87
0.6760369736146135 1.2359826801802494 -0.010679203580086553 255 198 137
0.47743490881587375 -0.11177644258532986 0.14837803815822342 193 136 93
0.7115863216503379 1.1610322529415038 0.26699988775086747 219 149 87
0.41814665007415475 1.257158131323607 -0.09647138229377974 182 119 55
0.5937472788974657 -0.005041720628922949 -0.011654105972647334 170 135 104
0.5293155565575353 1.3820773796970536 0.49495971388815946 136 74 20
0.43867263240451376 1.3252468541122342 -0.13706233333741263 223 145 68
0.6410068169995333 -0.02242452224556391 0.20154653720308607 234 154 81
0.466603502142979 1.3424296556233146 -0.17845042452037452 255 213 172
0.5901512685173426 0.03983784668721064 -0.0394220185763111 202 145 89
0.6370970750551287 0.029078496326295517 0.30056042157275503 254 185 107
0.722964226146774 1.4463096489262424 0.4029552561336691 255 193 142
0.06532809326068649 1.4536130269808456 -0.02377885244825413 240 188 138
0.2683686255010243 -0.17864463302543887 0.09440317852907974 157 99 37
0.20209119711664134 0.0824593512199872 0.17217661014879046 180 127 75
0.5999296985980325 0.5355572360754753 0.25236125163738826 205 139 81
0.698080692214291 0.08405106618539233 0.2164801246887544 255 199 131
0.5031626317062754 0.21436425694356417 -0.19926312232924995 223 148 73
0.6503222414191779 0.16000030621306371 0.3176810940374879 255 199 138
0.753264904677332 0.6735279465243603 0.09806918384748291 255 181 103
0.5029232834643125 1.0383373010474817 0.4676399399310821 246 176 124
0.6464531739950574 1.0871699598286346 0.13610814686247755 128 76 28
0.646715779248938 1.0786991180738497 0.21343692193929267 168 118 81
0.7224491022352314 1.5519346223681048 0.038842113770421745 253 252 248
0.5262512484039724 1.4140426766977334 0.47856487480124327 177 119 81
0.35074595180921214 0.5039520565250802 -0.21539409184811084 253 191 123
0.6518091568048923 1.1320210708637182 0.13984740171730248 255 184 136
0.4833459736781345 0.7768941379482864 -0.13747046035703536 218 140 55
0.4523002763272289 1.116498183404486 0.5556248995542378 248 171 103
0.7245326696446351 1.1690654695438305 0.26267708118198285 247 175 110
0.7594117810523252 1.2320047833111814 0.1789309949955881 253 175 99
0.26087763697057914 -0.20085273122759095 0.12086018437690597 141 71 0
0.2548038331902964 1.2740050198215187 -0.02002571849093447 219 154 86
0.6467120848972058 1.0890038441358503 0.1947758503141118 210 158 119
0.4784808519400549 1.2435418140594183 -0.06577512800300234 186 124 67
0.6367137070786213 1.4643848669179107 0.425063347813738 232 149 97
0.6714459912611261 1.4664841614289215 0.4269741905148977 169 105 44
0.3380130570721086 1.6396465504414275 -0.017399391755367734 157 106 55
0.7805724115915816 1.5542918872003215 0.14129606405915124 254 187 118
0.7704126615605094 0.8158061794913216 0.15609476481766565 226 152 79
0.5176212528625035 1.5399968972692852 0.6278630049591678 226 162 88
0.6072905448372896 -0.03419432633785866 0.2801341612225407 197 128 52
0.669092195925096 0.5956665747542532 0.10398020126684969 187 123 52
0.4523425476301013 1.3380405697883946 -0.14911907479158376 223 156 101
0.7289663913099393 0.2522631804520006 0.19033778691867803 249 185 114
0.6688889752595306 -0.021296896095462776 0.09759837608567991 218 147 80
0.5979426712904999 1.2666852678218559 0.5037179023147215 247 197 124
0.7180115807564876 0.01622338577628336 0.11006815471740683 238 159 88
0.6315648098270121 1.502264731810283 0.33350092036882395 148 93 46
0.7035673585355229 0.04925708151140617 0.10578374361712899 254 189 114
0.46874619876643653 1.4298153961065885 0.6171246573305939 186 121 64
0.7055033673640508 1.6315896128841403 -0.018278095958476043 239 188 140
0.7849585554911296 1.263362439804443 0.1334781297450841 255 218 168
0.6487607004833831 1.6724084558283885 -0.07996338653117127 239 179 117
0.5980428823461811 1.1023098759846885 0.43803670473387973 183 124 53
0.4522447720146505 -0.11004770152143498 0.11168783089117468 182 126 79
0.28180682721628303 1.5959034000279773 0.7018161185161255 228 158 88
0.20377004675476898 0.15604392816314142 0.04842085266470253 147 91 44
0.5071705068532871 1.4908468368156846 0.6237420224560775 219 146 72
0.5380521854614819 1.0089851481651968 0.3777438559490256 164 113 68
-0.06666929781055593 1.4826182451983898 0.10590600116037342 222 154 79
0.6539062713904243 0.07649875396660588 0.02974887178183934 252 202 149
0.1292772391745562 0.38667819835986655 0.3872809059858455 255 187 125
0.7520694651874335 1.5622889076471311 0.09557676880398547 223 153 83
0.41024044076435534 0.9919774726414513 0.39176873302729964 197 142 102
0.3211597042020877 1.8874522595831231 0.5411490295494379 222 164 118
0.5823376534592576 0.6485729323257242 0.4644006383995148 255 196 133
0.50888940641445 1.3274914090066239 -0.14615781773700845 227 151 61
0.3952164462016155 1.090127123769261 0.46910382949415624 175 111 47
0.5739725323836516 1.1648936801105052 -0.008210205081372953 162 132 108
0.7404680782361378 0.1364322309446537 -0.06843065787626197 202 142 70
0.07206297161272615 0.2560933476382918 -0.10582071205836303 255 197 144
0.38438721952621857 -0.15121303472099373 0.3032455156771141 230 165 110
-0.004306007463903775 0.2987248666832563 0.12285969220882019 255 190 125
0.27491412124084574 1.6168010613798776 0.13185404087696778 182 143 119
0.6555482739044076 0.657788681069715 0.06560913572284037 217 149 76
0.49494425409398396 -0.10388145981072704 0.2430455121584419 241 190 145
0.026037905901520636 0.32278360840051373 -0.09240662084971078 253 196 143
0.6946519139053846 1.1554629036806408 0.25279353330061977 169 108 50
0.2933227303318701 1.1293972369907879 0.6656207439453208 222 144 59
0.021539288339791737 0.2850375490972747 -0.13368350344993396 209 137 61
0.5984099552231444 1.1790459184265913 0.05044407911488793 238 170 103
0.7164461322804963 1.262019083222539 0.14427724400125316 255 190 120
0.1001177243298356 0.334312294140919 0.31089147999490424 163 127 86
0.6953858743853731 0.7206678038242342 0.007019243138193396 172 112 42
0.7865364811379907 1.2310692422719147 0.22639646806205618 255 203 143
0.03970984156306905 0.41925596589319153 -0.12987165186460572 255 185 134
0.6414021146209331 1.0983361416659847 0.15225340677919486 194 139 99
0.351985972104261 1.6006609031351862 0.6801786161660713 236 163 83
0.11967871300276645 0.8256570503953675 0.38301764416606704 141 88 48
0.6595976230565646 0.7464564121818839 -0.03769834098873511 168 104 42
0.640576970464658 1.377628934236313 -0.13425152352164596 252 198 145
0.7477360036740968 0.1466255761477451 0.16611897215058224 219 147 65
0.28753571213077456 1.836562413678956 0.508872208119876 223 160 116
0.4533865689932339 1.3734868184322235 -0.21409952587487052 216 178 147
0.10383801986531876 0.4710308094504701 0.4243146914813704 255 193 132
0.5147071069195304 1.3221291036802836 -0.16011311359357308 185 117 46
0.6323267092963294 0.576384770796874 0.41043273623332044 255 184 110
0.6125067548710397 0.7246367109904029 -0.05765178282553807 188 129 59
0.5315929210139443 1.5902871799112424 -0.1083559760954988 252 172 99
0.6128721315057597 1.475039065713854 0.5698091504060827 239 169 108
0.6574270498738627 1.4833316718984948 0.5593371368399924 255 181 116
0.7221496831532583 1.3326202796155415 0.4578401612123678 144 81 10
0.5843308508031303 -0.6257121750277475 -0.17317207141800525 202 141 73
0.4361286164908432 1.0262443218534134 0.49346104610035063 217 156 112
0.5884179534041033 1.4715729305466732 0.29582871974761366 160 107 65
0.4090198576401903 1.1832781818214237 0.5823601744734757 217 149 79
0.6192538074859041 1.47791343655734 0.5473386724534491 185 118 47
0.007930007314700572 1.2754845951779008 0.13066916426153957 179 115 43
0.7169520852995425 0.28929070094629994 -0.12007469962223596 219 147 70
0.7865727532571717 1.2220403629507095 0.2686864086031577 255 191 131
0.6449777323986908 -0.0002654719552936252 0.2623647994428981 255 199 131
0.5623806404957935 0.5061209847976451 0.1228554207259514 191 110 32
0.5323716624163601 0.02604270119973514 -0.06515832710253386 176 110 49
0.05159927948448761 -0.14924487519388757 0.32563998118844817 255 192 130
0.01970407811054072 2.1617182053462356 0.15474346198326078 255 199 148
0.18379189593718492 0.5461980327761738 -0.07617026674567241 159 93 19
0.6230107224759805 1.6827058281209708 -0.061047199200151066 206 142 68
0.7424039415737097 1.2356456916570662 0.37442380258126073 248 193 137
0.5483778101591675 0.5069334399726254 0.41828557994787813 215 152 102
0.44159660486917346 -0.8919901321041089 -0.04538435453317361 219 157 74
0.6747943709205185 1.437590997459058 0.2193143393008401 139 84 40
0.319054215390325 -0.12511446020147196 0.4395876676595797 184 115 40
-0.04749348512847117 -0.0460131524777522 0.29841459032807094 255 197 137
0.5410764895116581 0.5660459361289931 -0.05470028889249719 165 131 99
0.6542357320854936 0.27406641866066234 -0.0779311645132657 255 203 146
0.29658422688236996 0.42751702717436973 0.44617633649102506 202 132 70
0.34254898276435747 0.38023476313696264 -0.2708126535741268 248 185 126
0.6104730423884668 1.1438924153342527 0.18390761317668508 248 222 201
0.631999331663882 0.5604953946528853 0.24448125565266027 222 154 93
0.7013001524919068 0.605506104245736 0.2640338943455109 255 198 132
0.5997651851070054 0.5081890022598701 0.15761635620336 142 97 64
0.7447730423636678 0.8682103028292129 0.38142249153946006 255 194 120
0.19809014111265275 1.2862000777668128 0.1540914180379903 255 201 142
0.6933449003661253 0.6042771014604786 0.21972675711390696 195 132 65
0.7297189698781419 1.475077103387173 0.3883688429061078 169 123 88
0.5166398442223656 1.0877804013875993 0.5493888968391468 252 181 115
0.21497811503430914 0.754342045807859 -0.014141161557999998 206 155 102
0.6395232352926574 0.5630820214321159 0.22946710423937866 225 150 67
0.4694776631337345 0.1292514088198303 -0.1622468134688944 221 149 75
0.47815679484079177 1.2803571119303738 -0.10553809830861251 249 184 118
0.5321986402583199 -0.596495842963062 -0.2717751069652328 242 205 180
0.74412522191354 1.2000757529168073 0.1725003299232806 228 158 89
0.5985473210954825 1.4471696324540249 0.5325422223090698 234 158 89
0.40057315011837313 1.3314251844947393 -0.14241076083122767 254 219 183
0.4301789631197509 1.2903397795363187 -0.13652109632778225 199 139 79
0.7410324317619532 1.1811753629105621 0.24807188714815678 255 182 119
0.511175567550234 0.7020748880884088 -0.13695055557267358 197 160 126
0.32751745607793087 1.5778130627613232 0.09223450673203595 0 0 0
0.47428044391025 -0.906271334191103 -0.07918745518188942 248 177 102
0.35909180491732734 1.0584425693193862 0.5392854795375299 248 181 129
0.2534565009285604 -0.06729535770833849 0.10831746301914864 203 142 81
0.7442852878898487 1.484325494183915 0.29213709775811186 239 166 105
0.5919899989849692 1.173122905219059 0.055801930497602945 226 157 84
0.6278382088936554 0.3064621565998436 -0.1683647249473093 216 143 64
0.7167434203887977 1.25423896209658 0.12855645071365168 255 192 128
-0.07817672741409717 -0.19297942121002226 0.02577653810178278 180 116 45
0.7072794056008477 1.5116766188946096 0.08463599471405174 163 102 45
0.4837136014330557 1.0481354033528822 0.509985622850423 255 190 122
0.46534646181528744 -0.8894720121541642 -0.0679417791071632 208 150 102
0.6170963414972199 1.1242291198234902 0.06064988135272286 169 120 78
0.7824110879887234 0.6911039130539586 0.2754347621877065 255 197 135
0.4088102663660361 -0.9390696082181083 -0.06109299952861514 208 143 90
0.45103734313555993 -0.8975784806721612 -0.05957947674580166 98 55 4
0.3095644644801557 -0.656954395606048 -0.3784203108863002 215 149 73
0.5852568262675475 1.157658481785447 -0.05266785768484446 181 180 177
0.623882184610715 1.4774727928604947 0.22102561651828959 184 137 107
-0.08042582588487708 -0.0997261264638438 0.10907576539323639 235 173 114
0.5446849651921202 1.1566932402527121 0.00028076334377816865 190 146 109
0.7306583085539132 1.521967643555274 0.10091462877078995 186 123 60
0.7847986407845072 1.564058363455623 0.14004139538349816 254 193 131
0.10021614291426706 1.3515443277699386 0.5721673769006681 255 252 247
0.6468904361621401 1.3243484877929483 -0.12401706136172991 0 0 0
0.4290961040956101 -0.15065697102899595 0.2815380147748976 235 177 131
0.051938853630630735 0.23964040472043135 -0.002275097643953195 184 115 46
0.5027286536852633 1.2535604204818618 -0.12103097938504123 181 140 101
0.08184439451903085 0.9713689791917322 0.402863388251383 169 110 56
0.6607524100089308 0.585910271355342 0.2727398497662409 172 115 53
0.5349169036713587 1.1830254668256786 0.5593915216652653 206 138 73
0.6140778479988974 1.1318273725329304 0.03836760629732577 173 120 86
0.22579750024993248 -0.17917682913093658 0.0784832066041656 193 139 83
0.7198668329636866 0.09155256523780202 0.2177847412119258 253 191 124
0.5650304727489428 1.6162765043949903 -0.11721176754115506 200 146 97
-0.07736404805227079 -0.0909334378096507 0.12522909763690018 255 194 136
0.5446849651921202 1.1566932402527121 0.00028076334377816865 190 146 109
0.7631870260023287 1.2104702887917258 0.08743839785588525 255 213 165
0.6865605157908159 0.6082915949226838 0.15636260598024065 126 82 40
0.3844231163209303 2.066047928857524 0.45156733347525124 244 165 86
0.5377737016431887 -0.055601652972092665 0.33653919901702944 195 125 51
0.4591463414457445 0.48093331913346693 0.4024972051380312 199 142 97
0.57064377345505 1.4600785290976757 0.5940808051896767 183 115 40
0.645313641614111 0.07353980966404415 0.2953969002108769 225 160 94
0.5640608216060667 1.5388661566575792 0.6304971379860718 225 161 88
0.47338456578392346 1.064586567062877 0.5141278732563551 230 165 100
0.6723185654778074 1.604217747414207 -0.033861667298143695 222 150 68
0.676849335188088 0.5912492676140068 0.2726662433497862 177 115 54
0.14361375161496603 0.448105509723909 0.4356930727665656 255 180 109
0.6494606585861563 0.5875083705052294 0.39049912499948974 255 188 120
0.6623074989577952 0.5806109309082503 0.15389066216838587 164 107 49
0.8080788801298846 1.2797575304806574 0.14736883586404534 217 150 79
0.7028020874726717 0.040439719733700745 0.07467316641822759 252 196 136
0.8045240781163879 0.8178338204710531 0.1497873988560277 215 143 60
0.3182963103944031 1.5629672074750425 0.6910308415828018 255 195 140
0.7630639538627341 1.5423427713446956 0.2543177357033381 226 155 73
0.6062622039960858 0.028533396436958295 -0.04091757346269402 243 190 146
0.32266106735699135 1.0126655925969659 0.531186283902202 198 132 78
-0.09267925815777878 1.4891747623022875 0.41089093805735905 227 167 99
0.7357677190721926 0.9270091805848244 -0.000952893573256255 225 149 61
0.713319521511669 1.6019060074463984 0.4893285897192512 255 204 156
0.6569460737558155 1.2936641879056232 0.5283801905517964 190 126 65
0.5252358992340492 0.9861980592189195 -0.18659217991336466 228 156 71
0.613967639987125 0.5444386640919532 0.19838267893310807 191 133 83
0.4849218567517996 0.4711770394858229 0.4413757171631489 183 147 121
0.6260017855496992 1.4503385919057805 0.507315473334804 202 140 86
0.6328399491385247 1.2234508867839993 0.5202439417325188 200 130 58
0.06752962648640692 0.2848318386940392 0.1682447508906762 178 126 79
0.7900178304426287 1.2614172018383425 0.16802344267314306 237 169 91
0.4789398716603053 0.8053348444330045 -0.16948591464931784 244 167 91
0.4053383508892128 -0.12976582971105005 0.32693126787932936 192 139 89
0.46916478317961857 1.331657630812785 -0.13433566142626413 255 209 161
0.5103012219703896 1.0449676807858301 0.4582010627039866 170 114 67
0.3242713824765986 -0.09174779500304578 0.43433435589250835 249 194 138
0.5998513758576447 0.6006287743117852 0.1172637283225268 247 173 134
0.5659772950043471 1.1541990981216113 0.5513285224498793 251 175 99
0.6871102865474765 0.052912652549374155 0.21077553854950742 208 141 87
0.7617309923752669 1.2311279271148512 0.3181369231829158 255 200 151
0.5150937399844131 1.5078942060954643 -0.008631210493910522 136 86 51
0.6352148499599638 1.1240175908290928 0.4373361153138232 195 126 55
0.718893355106727 0.8151657642386356 0.12778836123786616 255 191 130
0.7716146561600636 0.20083432654418212 0.1049368503116838 255 211 171
0.5424374993168971 0.6618341695444026 0.5065473736699464 217 157 87
0.166366145921365 2.164801161060259 0.1561368139884585 144 81 10
0.5846651724813619 1.8446199594497983 0.25572852602296947 154 101 59
0.08499203690340275 0.7531735655903704 0.032743804969105283 139 77 23
0.7383880203897236 1.2569794460808779 0.09761456721359368 255 201 143
0.4009082679212712 1.3962896902953787 -0.18803257012222613 118 66 8
0.5369747857422572 -0.08172761980831794 0.1524864169003958 175 111 55
0.4719248335586249 1.092236924413046 0.5246148435990567 239 164 106
0.5234799421810067 1.157703126150326 0.018781337247322106 173 120 86
0.4659821482852802 1.0358289996283538 0.4850055581416649 176 114 64
0.1514580322661438 -0.23446274774777598 0.1767304239107248 187 139 93
0.12025467854118826 0.23137587271865784 0.08641539550726281 189 133 80
0.7003087552879346 1.5238446510925416 0.16301772879056084 206 146 84
0.42798182392014134 0.7516079557643124 -0.12835024803237724 255 182 106
0.5299641201146862 -0.8574263337212912 -0.32725160350460697 251 191 141
0.09825616984950307 1.2763470178648282 -0.033060747331120494 241 161 98
0.48940598610718755 0.2069698113006539 -0.23069381585741244 229 156 81
0.5353056623774132 1.4435642535482824 0.5806440032337719 187 119 46
0.16326192831991518 0.1681907220700218 0.20065294596574204 162 101 44
-0.0013391465789831334 1.4489518154204668 0.061586518572961386 217 158 99
0.004474485808206256 1.2235220456469351 0.1982505639458657 177 143 121
0.4910543155707145 1.0683127805401227 0.4760200395189897 175 111 57
0.4090650690126746 -0.9191249527863767 -0.037878938531923624 198 141 80
0.5556925673141447 0.5841252857307144 -0.02453526752518043 143 99 64
0.6696655490421793 1.6203323099260982 -0.06186478296298216 194 154 111
0.3093276322430041 1.3153523064291373 -0.19104918338717297 255 211 174
0.5581854560548071 0.5079209867507588 -0.2372912294211081 206 162 115
0.23368696784367507 1.8693482796491374 0.556199384529074 0 0 0
0.6540566737315316 1.175599446952578 0.08113674362730093 183 122 68
0.4925058154043229 1.594447846617614 -0.0976555033039587 238 161 79
0.45586370444413243 0.7936729859336886 -0.18236758133280268 211 166 131
0.6539786265897986 0.2954755185301417 -0.14981960147840093 230 178 126
0.5745856944177067 0.562278202220843 -0.05793551098447055 221 186 158
0.562509954543837 1.4464612817557985 0.42930223754214036 195 148 109
0.33189936953705157 1.2394310826108732 -0.0887905281759135 248 181 130
0.701602659533691 0.6122040745678049 0.2340144984737028 255 186 117
0.09763025026557189 1.233564388988393 0.08881287548606068 209 164 131
0.4336560222583346 0.49690135816715153 0.44615843674864913 215 153 104
-0.0575611263775966 -0.4653714371399069 -0.15532575768787196 165 107 67
0.5284337196372365 1.1789013217705122 -0.045960673095726816 137 88 45
0.04524069427467073 0.8443049145703758 0.032355525069943374 230 158 93
0.2740280810330763 0.4474577004195489 0.4545900996836089 240 166 101
0.6871426472859582 0.02974920613897197 0.08005316471207972 210 142 68
0.7435393054704034 1.1885352663171043 0.18630973491417274 234 161 93
0.7146803485980855 0.20829336345558483 0.3013695696046531 213 146 77
0.6161376761113901 1.449374310330362 -0.06399617085260235 212 161 108
0.5670809606789872 1.2916363394526422 0.5944879577155487 109 73 32
0.7170985083535145 0.22689797325938268 0.28347084091933417 189 127 53
0.4257089307124727 0.6716053074182806 -0.18090713669917402 254 254 252
0.5825690281481114 0.6123485492809494 0.008682142224159814 242 181 127
0.3742580732473119 1.4031424314338456 0.5825173364706893 196 134 81
0.01423291435679095 0.5230639668291281 -0.12575625769502652 201 127 66
0.7023085797068822 0.1803449283629889 0.30700334072371727 219 153 79
-0.0273816023115925 0.4773345821769935 -0.053767629909414874 136 78 23
0.37501522401694776 1.395294768824864 0.580372395309145 150 93 47
-0.03177522284101827 0.45620835494355605 -0.062055583152005836 130 68 11
0.5082975665928893 0.6818474448532277 -0.11168291823650081 172 129 90
-0.028299664415605844 0.7707436786478861 0.23459926196599273 236 167 98
-0.02802994776764959 0.4572239567109705 -0.05992854771315392 130 68 11
0.6590163478330393 0.5872589888018542 0.13791387197514685 181 122 68
0.3167785026787647 0.44267693625606036 0.4053243984612328 197 146 113
-0.0034058225094223283 0.31536494659585534 -0.01011656666128703 251 170 105
0.4815994651050656 0.5838160193649893 0.4786037088951435 223 153 77
0.5654801997245026 0.4167409174667343 -0.11155691360107489 254 212 164
0.6764342748732276 1.545100836933925 0.5049721400355617 252 180 96
0.7880377465410809 1.220439947155685 0.22823295840171923 216 151 87
0.5827541082363783 -0.6729926992179396 -0.0569626906214666 255 183 107
0.4892710642515865 0.2625986543655507 -0.2587937569444552 221 152 81
0.6095890373306325 1.149841197606989 0.06904016833389189 172 116 67
0.24091637604152305 0.12663050943880974 0.06610953145931486 156 93 42
-0.09690960137131854 -0.3167369531009388 -0.00936589617097189 254 185 122
0.6641565390737962 1.2003590137973708 0.4522486140979886 215 142 71
0.6280723581270173 1.1704020737866532 0.4740772437027824 244 170 95
0.35621759461573044 -0.16930901262770398 0.2806435437357321 164 127 91
0.7185629091119151 0.8657756844841163 0.024060896771251547 227 160 82
0.4796917904078809 -0.05354591062601498 0.09725463342769408 253 255 255
0.5067365183580057 1.2585772361959653 -0.088729157451205 255 198 146
0.5904124536601362 1.1315653341325502 0.0857967367757346 174 113 66
0.46738374740350314 -0.8916928997964392 -0.06154062588541392 239 171 116
0.7697466637186535 1.5791727939089328 0.07954488278086884 231 159 77
0.2394530923585887 1.5631662415648235 0.6764579353676531 218 141 73
0.6654911582519663 1.1454183304066448 0.31888763738160136 210 151 108
0.6796844173110903 1.4532964073365402 0.3670578191116411 155 86 29
0.5146459375668254 1.4178892036510993 0.47951938174497744 177 128 95
0.06614216754252515 -0.3929754347477163 -0.11049869890547354 255 198 144
0.4092037955723546 1.428544366741021 0.6044522186765369 203 133 68
0.2037360464505921 1.2683190003797729 0.17764471987027783 206 137 64
0.04974052577559974 -0.5456463667382813 -0.06360188730058543 185 148 115
-0.05892644261434914 -0.06388951165057254 0.21013504311878747 200 146 92
0.699553135647941 1.1389961312637196 0.2888836378508901 222 150 95
0.6060431236114551 1.0797037004571173 0.30327994187995366 146 89 42
0.7648461246254344 1.2522039870668376 0.13239134894932403 220 148 76
-0.08507443175809062 -0.09702853054447125 0.12316965287055068 192 131 74
0.43695603484802 0.25982477177204744 -0.23320469666852295 204 142 69
0.5396816881119052 1.1265178272542158 -0.05065511051592877 157 100 49
0.3312853748937967 -0.8182837075886442 -0.3534198558753128 125 71 1
0.5736746605481782 0.7400077217034093 0.4946544391853433 238 165 97
0.6636438471179159 0.5615915225007637 0.2122461699632724 222 157 96
0.6566350126454635 1.1411119930637537 0.2870985349234921 255 254 252
0.3555290281316265 1.4028748316272603 0.5351640294956809 152 94 53
0.6391008165004138 1.8772261951102112 0.30434654975237774 193 162 131
0.2301590872980873 -0.6048063954351786 -0.040097864700334995 190 152 133
0.13834247767346947 -0.19399897257773124 -0.08433322513737347 149 106 61
0.685111608944774 1.0781888809335136 0.22235604045600205 255 252 249
0.46052206908379606 0.709548038149293 -0.10730314238525587 242 166 90
0.7658018305467995 1.2119759685959162 0.2831357894492664 254 194 129
0.013280670735208071 0.5430843684231347 -0.08560141778804951 116 83 51
0.6022445498732535 0.5314934543617368 0.3253014185343296 178 113 44
0.27761334809301863 1.2486159696274342 -0.0945239232066371 254 176 101
0.5225544606805114 1.1528577764904684 -0.0318108347786843 131 77 41
0.5872741661725674 1.1034176620397635 0.4617782354584863 253 183 123
0.5942476477036749 1.2582940392433801 0.5471870716521674 253 186 118
0.7364314850177359 0.21434850762111607 0.17274294398758705 228 162 84
0.6469247356785428 0.10834700241572814 0.4134848084965059 252 197 139
0.48425832234322364 1.6114259169893654 -0.09842369072389369 172 124 76
0.2550416342211311 0.06941821182219088 0.05501838169653117 208 139 83
0.6990121448047636 0.6567833541530216 0.36556805653122476 196 128 45
0.612238319458404 1.3144617035144301 0.4234211190123387 253 184 107
0.784896629529273 0.6435966847831259 0.24316537874040778 255 191 117
0.6984232605077456 1.1647488246273794 0.2049200171287699 187 119 54
0.14106835815572538 -0.6401943697287455 -0.019262449478448518 200 132 58
0.09567774945766352 1.2992750959959622 0.498358791108003 254 248 233
0.6507122175569467 0.5595071129610472 0.17818849312807292 168 115 58
0.5269356211068127 0.6630763288065051 -0.10263331471079655 255 197 150
0.7256094345866505 0.6697802017177468 0.1152667901072093 255 192 128
0.660332758587043 1.1599598113349257 0.46311937483295307 227 150 80
0.4590263417217649 1.1988022766724469 -0.12001925316360197 255 254 250
0.5423720128151313 0.5220150064985609 0.4024932073849853 195 128 60
0.7490012824234799 1.3175792573446816 0.01521132793189513 222 170 119
0.37371662578344644 0.19888707294439492 -0.20542625521818583 250 190 129
0.29030772926199666 1.1391323092332817 0.6469944317869258 221 149 65
0.08148158453675063 1.3365096651931676 0.5116721345806305 255 252 247
0.2751792909708188 0.45389911945887496 0.43802336146161 158 118 85
0.6548148937043575 0.062192523955050046 0.06313239436060947 243 178 110
0.18619990260321886 0.9589736578523155 0.4722448783495214 194 134 84
-0.02773496744392326 0.06271603236013594 0.3023746604296261 209 174 142
0.6593783417485447 0.22531653631193158 0.3898784262026958 255 190 119
0.6838091570116255 0.1592189395086046 0.32028641209935066 218 150 75
0.14063574188432554 1.711166848880296 0.4367202405019583 202 155 109
0.13744273388056935 0.5354063921978401 0.4602072784411159 253 188 122
-0.038235146646142956 0.5086232170373454 -0.03839439107797761 142 85 25
0.5021130939421995 0.7554230413640424 0.2870277062405508 238 166 90
0.2275174663254056 0.04544326045743108 0.07738823202638155 203 154 110
0.5395148757455134 1.8965860260289156 0.12830920696274614 200 160 124
0.6938694934247586 0.6223373950492695 0.2040829356383593 204 134 65
-0.0860376537915583 -0.10818994480101587 0.11123416975988558 255 255 255
-0.03140695958202662 -0.40335721964619803 -0.0015324835763902058 183 124 54
0.45536911451273226 1.8423163722751725 0.4945618155768039 223 157 96
0.39043545119032047 0.40290107423904115 -0.0769638591829136 254 219 189
0.5671957471700824 -0.6750915416730641 -0.044697277513657284 255 182 108
0.7090436147834382 0.7427832153081143 0.09406323688541399 254 254 254
0.21399276211558987 1.0396813881152407 0.5618971235771585 254 193 128
0.5123246099649454 1.467119928737921 0.6015267576076526 225 155 85
0.6022336181929465 1.0978361038356403 0.5091483912706165 208 137 59
0.5267139808328781 0.8333930458422797 0.450421892558708 253 209 155
0.3743558038703498 1.5662967314242735 0.0792191278724457 201 146 81
0.5070064094037156 0.18474622248881262 -0.21161404657614447 255 201 152
0.7396850334669061 1.5081425579185674 0.09694616211786068 240 169 111
0.7126248910291471 0.6439459961415956 0.06752486452937911 248 171 103
0.20417510873372222 -0.1010226693352386 0.05357957107900606 183 119 48
0.40526462727186074 1.2669610486688552 -0.13882823915177647 254 254 252
0.18043392046643736 2.219417447777196 0.17229873537253657 177 111 30
0.6105695076613584 1.1158352473711333 0.39751016223864244 213 144 79
0.7450805619893511 1.5317453698490817 0.21566994594505798 195 127 56
0.7789669784459454 1.5920873484803366 0.283136648009866 227 158 93
0.7745810316392386 1.541139487361448 0.3302474342337382 255 189 136
0.7451473821704511 1.2299405165558455 0.09743832444328598 211 143 70
0.4448753813674283 1.170318148026735 -0.03457430193660095 140 77 24
0.38388550594884796 1.9626718244940828 0.13858958140963493 162 122 86
0.7470743622352076 1.1740978618875693 0.20115888711585742 235 157 91
0.6766502116806561 1.1199214169410063 0.18415678521635276 251 181 132
0.7311285088403303 1.495446945894026 0.3583096084537497 214 144 82
0.6267885246972081 0.6090853418868436 0.02079881080168153 241 167 125
0.5538580863822767 1.0822465682756168 0.44975829756385977 191 136 69
0.6731219240382357 0.08440092722460185 0.2817064168608799 252 188 120
0.7170550650782301 0.2081529041855497 0.2972354329772497 218 151 75
0.3782345553476219 -0.6191345132464875 -0.29004323027420764 183 143 121
0.752028636014145 1.4871836434106651 0.21900201161852814 153 117 79
0.7865718606922255 1.2751294033583007 0.1529891162152031 254 183 119
0.7611864469249495 1.5629315319353434 0.19840782529272807 245 171 93
0.5379241858926964 -0.7114589571654577 -0.10343119076551929 246 192 134
0.13627212650561754 -0.31093905791725446 0.003048204012030086 178 114 50
0.3971423851926757 1.9807441258406238 0.14729812903209522 133 82 39
0.538273912756753 1.4243882593932298 0.5442769352729396 174 106 46
0.7684021269902045 1.4951656778547286 0.2301223748142044 185 122 55
0.5836329686408063 1.8993499299182874 0.12689523240502149 254 250 243
0.6526639268574291 0.5234351672606653 0.11446593822885529 124 77 37
0.5213488948173497 1.5795083373881262 -0.06099407666946671 105 67 28
0.746083550285218 1.2047212001249656 0.1903245774889518 201 136 68
0.5465996416956982 1.3359893128000506 -0.18189188275304566 243 188 142
0.6563659895761117 0.5936019374048299 0.13155518544072312 180 121 62
0.537723186852985 1.0952260193979368 0.47323786611453655 221 153 92
0.6705460756509352 1.1380316304527516 0.15378901677474216 177 120 64
0.48641046707885344 -0.9006503884065844 -0.08706875475356562 133 93 50
0.47999174078939455 1.5659891576230434 0.6434792186067744 158 120 80
0.2141219686267013 -0.2067929576649519 0.22503124851237138 189 132 89
0.7598109068677692 1.2214814534574634 0.4385405667414344 203 131 52
0.5425805176253883 -0.05160406674353918 0.33859158143230705 209 136 60
0.646160703501512 1.4752700147744195 0.5340581044233064 184 114 41
-0.003353345710054771 1.263445185160667 0.2838552245771098 227 163 100
0.6920867142435946 0.07509611593409089 0.1818172484038888 216 147 72
0.3553381186563812 1.241076544401114 -0.06821969061455462 106 74 46
0.6738951770796157 1.1621995518621588 0.3182574203147812 255 255 255
0.1765971562879129 -0.13745580272218658 0.08603194569675109 189 125 60
0.4197771718031879 1.6300667613899726 -0.08024069606062847 245 169 85
0.7211405591693316 1.4710853409019484 0.4052949783166863 183 118 52
0.7225248028464857 1.469981825054616 0.4072284689146822 183 118 52
-0.04694574508280434 -0.28327037479845407 -0.02503027811005559 214 169 133
0.025399519117047 -0.48302414595844834 -0.061053456916407255 196 155 117
0.3910734275367063 1.0501952411125421 0.564925934421515 253 178 111
0.6571350060933495 1.181376429414394 0.04817911117867738 219 151 90
0.67156221098257 0.034303666245529114 0.2033932508649652 213 145 71
0.6816508130012012 0.030755451896361106 0.21431094014480756 213 145 71
0.6957239474257536 0.6109250879970418 0.1568410444599785 175 114 53
0.5360586746084949 1.2494646723788165 -0.05152276276559439 228 150 52
0.7235230491211873 0.14111963295899158 0.28323190467078146 223 154 78
0.6496848932854982 1.4722679926120057 0.3295856347374737 151 97 52
0.7345710953757475 0.8745720121274082 0.05854852923688877 253 253 251
0.6949442937107723 0.08960403391549242 0.26175539580428714 221 148 71
0.4821009617964711 0.7768066258911898 -0.13295908615606403 251 178 101
0.4044008797115914 -0.1556521047388113 0.24945921656141395 232 176 129
0.7666546135709343 1.2953610590209443 0.08353059384616637 246 192 132
0.5642222903835687 0.75140967140638 -0.04688793309210405 232 162 90
0.3003578431272043 -0.1811117338285395 0.25085400219242243 190 132 86
0.6343774664334252 0.635498186545851 0.07486342274663227 255 255 253
0.17181078507356423 -0.8324992212310962 -0.23428206568404814 255 255 253
0.7174742291975037 0.7897173587402331 0.36629664937414796 204 144 73
0.6769807976838411 0.14210284633059353 0.32567449159436346 252 188 123
0.655442691313273 1.140985848191331 0.12567160170456187 255 197 151
0.6203854451812301 -0.6825193614557022 -0.09073368960685936 254 198 123
0.7631116533359369 1.4382846267004112 0.3004049124493992 254 253 249
0.42156384858372165 1.1258698886883727 -0.10106171530402952 192 140 92
0.6401199564294565 1.3314393883547588 -0.030907282989991455 213 155 117
0.43867263240451376 1.3252468541122342 -0.13706233333741252 229 161 90
0.6753369105191105 0.5947542284777463 0.3119127004794861 224 155 83
0.3351402372753903 1.0299567305977742 -0.2059993034546477 156 90 36
0.5202857100448962 1.1602835931528677 0.5429865289619806 255 187 119
0.543520667410382 1.0569002618271375 0.4007604566857856 205 139 87
0.7559181650734608 0.7163327747810138 0.25262600293478543 255 204 146
0.6553028435119059 0.06184116473505024 0.3011600997415469 254 189 124
0.608952690961566 0.07358426631267863 -0.08614832833934956 209 159 114
0.6548327574632057 1.127420061508873 0.21724845100892287 221 152 93
0.6987784017344543 1.1023764857541454 0.2457665905859985 185 127 75
0.7149022269234051 0.6364881743616742 0.1740184769484064 253 180 108
0.6108619780882449 0.5189134547554655 0.26292037225125897 184 123 76
0.6369951615210329 0.11707966330524387 -0.1263326586942548 193 148 101
0.4013427866972031 -0.10503584087317418 0.3912141018171759 206 152 105
0.5985908751020497 1.4914043867516005 0.12498918488214518 239 196 161
0.3444535328309757 1.4058586291359212 0.5895350567585184 152 89 36
0.6290910535017001 0.05772803023618376 0.3496982864855717 210 157 101
0.637013803286083 1.0343798337010863 0.3549876960182521 0 0 0
0.44738053947796985 2.139710674741713 0.28476914133110903 205 131 45
0.5273807212005348 -0.7056345749306235 -0.07901120534420465 251 203 146
0.43457771831094694 -0.9164973703792213 -0.04851181338629141 122 74 18
0.7209663274038657 0.6616345544161212 0.1652095139033977 237 173 104
0.44571375209212394 -0.9521559725636246 -0.1147665237521979 177 120 53
0.6610064925094534 1.4816437277922747 0.5227570108692027 184 114 45
0.5696657694682374 1.4787176818045318 0.585054102971136 194 123 43
0.7362433438221788 0.7917122136344705 0.0008757356416755311 216 143 66
0.16555367833613577 0.3877930770013212 0.40301730346565595 255 255 251
0.3680611570051331 0.31984906340025887 0.4196726282931254 189 133 78
0.3786180175054703 0.6822819127966456 0.5255570925660207 238 176 117
0.7415467045603278 0.6584983540094451 0.2632780633979867 232 156 78
0.6926994315119982 0.07613331623807404 0.2566105880763006 229 153 65
0.6099085186073304 0.02519854171086767 0.3196088741836875 216 146 61
0.6576361955649087 -0.6719699464805418 -0.1658091562124814 225 156 74
0.5190182244666154 1.592136511816325 0.6490923425347822 255 192 136
0.6113632945086743 1.714817970953799 -0.10968995431560145 223 173 117
0.7224040983258988 1.4917619386982781 0.21987664250517874 228 162 109
0.4572385488504431 1.547657953716741 -0.056609186103403535 255 249 239
0.34092862819484965 1.206505992945295 0.6154875719587162 207 149 85
0.6538607207222574 1.1580283755411211 0.14909543782284712 187 123 62
0.5917745675638275 0.5744055417583953 0.3748861909632819 207 137 47
0.6832872204179014 0.6260891384799587 0.05161078000815777 170 107 54
0.6031599505863804 -0.0009046058299488368 0.34932416470699357 255 197 134
0.38208002960618404 -0.6851930684090567 -0.2851017565644058 255 212 163
0.8006363541855794 1.6494853538391545 0.15278145123027065 201 135 51
0.7836742085323734 1.538524907659653 0.2281881819203671 234 161 94
0.48939123354026276 1.5723670289352962 -0.06604988025206238 137 100 73
0.7410591201573759 1.2797968129619948 0.27229701470994716 255 207 160
0.7637824119732769 1.2244919404166357 0.29995576547731145 220 150 64
0.7474015757742459 1.2438912794854022 0.08249690003749446 217 148 69
0.6895660679127987 1.1390562687553145 0.2174376700069715 174 115 49
0.6581081185265641 1.1336535280878965 0.17678451972503503 241 170 113
0.44476382577086554 1.0534843604987436 0.5312343383132949 198 128 58
0.7698653999517655 0.8460577058584637 0.21821516350921688 204 139 59
0.2184435342767434 -0.11261306051450852 0.0027986997552326776 216 156 106
0.5678814402819442 -0.7517479414626367 -0.29648193548111984 253 213 164
0.4367668801626831 1.1172897181630126 0.5716386375395257 212 143 71
0.5635768201364032 1.0372908401502474 0.4359396989658305 199 137 83
0.5887530772168217 1.0833306465697627 0.19099404968173778 128 68 15
0.35004366095624473 1.2155333709828464 -0.12743593652561552 255 247 236
0.5321381561656728 1.0327524759636646 0.3549925039248275 165 109 73
0.7170641307314856 0.623414501571704 0.30953145730750004 254 207 164
0.4899828267998081 0.5044495797171809 0.1806514254808544 146 107 78
0.7404968314433391 0.08910869041183984 0.11974398355036739 255 199 144
0.5530499737866083 -0.013973905937089526 0.32313282762618073 253 185 114
0.3320603691942361 -0.13122989172259272 0.3663850878574253 250 191 147
0.7580042339154413 1.2034527548646279 0.16377305729282413 243 169 97
0.6901592905874773 1.1557945478992973 0.2092656403118693 174 111 44
0.7122507033285834 0.632834290220965 0.22645818168418871 209 141 70
0.6073394833193428 -0.04051097604948505 0.19812566882987162 189 120 51
0.6836392539675422 1.1349889250353948 0.23580112129882602 247 178 119
0.7321494289216055 0.6415471487974528 0.15851782701318426 254 194 131
0.6558730380732999 0.5817652829466393 0.15116273392163623 166 111 54
0.30208950234880977 -0.17235451182481026 0.30250731848945944 176 122 63
0.3629032212351413 -0.6189327839743763 -0.2546645615680731 142 98 69
0.4210126675767527 -0.6729137680470717 -0.3173801531589439 255 216 156
0.6293818446974943 1.1501169146168926 0.05962573007747792 194 135 92
0.6558645229526628 0.6074203929859487 0.07038542786360236 163 108 50
0.46067154539409283 1.9360325632017756 0.18715336242962038 184 134 101
0.6854631841136487 1.251909572595616 0.5000353595587785 244 175 100
0.6690203394137396 0.00035103572900139655 0.161183940060019 148 98 42
0.504023578071529 1.462567914709572 0.0704204708699633 253 205 145
0.6330255828168745 0.5660704762856427 0.3369109793680745 243 167 105
0.4756953640644434 2.1084644390024607 0.20908293466549058 248 202 154
0.6750416542885752 1.3349906791286135 0.4668375772687976 151 92 33
0.7630044625473851 1.5224003687357188 0.3405997880316186 234 164 88
0.7545197529550605 1.5365900062368891 0.2503296848317708 229 158 81
0.539285907023806 1.442653321360011 0.5453123962733517 204 130 65
0.24314251467171183 -0.19440096691464648 0.11263868478684474 150 82 33
0.5844073563514989 0.5974520156386391 -0.009024700266157246 100 56 9
0.461765658345104 0.4237702709941155 0.2184550638007517 187 117 54
0.6666084951461754 0.04888156630648671 0.23251911475955395 252 196 139
0.5916201454449296 1.434174744616121 0.3984623524970694 163 115 79
0.3121489723739533 1.3979914788022945 0.5640588128985486 143 89 51
0.756410238428877 1.2156004143556978 0.1765924652534547 201 136 52
0.7300204383437564 1.1728121412438708 0.2283191821418562 188 123 60
0.5831386583783238 1.0781888644284934 0.40672915444795765 196 127 72
0.23969936276133155 -0.20753538732912735 0.16804730704025342 189 124 68
0.7406632894176205 1.1764872032354172 0.29309674106149 235 164 102
0.7460484618380993 1.1896556207419706 0.1576799681613769 201 132 63
0.566129978697142 0.6342528935916593 -0.02403961576661864 190 130 79
0.16500100574278875 -0.11982383201481599 -0.04625935446145264 208 166 128
0.4215033133102105 1.0196303991967237 0.475297929908036 159 104 47
0.45272159444182625 1.9243814894934512 0.1684253301293883 147 100 56
0.7713944071630674 1.2138284501900076 0.2466015862657523 216 142 67
0.5959274783206442 1.0567735083907945 0.3491235635388529 131 73 21
0.2908249972184287 -0.17760897753712282 0.16811359607485432 208 151 108
0.1538537235106622 -0.3572919454946932 -0.12175395960507085 198 136 65
0.7172692658268057 0.10622867103842736 0.19453576560303307 254 189 120
0.7851822724182168 1.251091792157411 0.3244462553302835 225 157 72
0.32962574975080033 1.0153400207260748 0.5014267017892753 198 141 88
0.44883264014086666 -0.921144275342116 -0.06323107065831404 218 150 89
0.8095954325661717 1.5096109044689798 0.1846937665380303 255 203 149
0.5860156452622497 1.503405239883788 0.020735061029929773 213 168 139
0.7208499265326672 1.1963253491296388 0.338916704589622 210 146 72
0.7042687722379084 1.160182234994234 0.2211634879252144 215 146 85
0.6709101351720445 1.1327336976641253 0.1741000057094024 254 187 134
0.7183703135669363 0.6494665956495078 0.20983389161165628 214 145 70
0.6810319499081273 0.5905380400579076 0.2921615264604272 250 172 97
0.5073969790698034 1.912609473935761 0.19155279038534595 192 144 98
0.7089820886960607 1.1602053654404267 0.3058813935301994 227 157 94
0.5234886829027753 1.1307975088634101 0.21340578165981663 148 90 31
0.6714118414204251 1.137833445225163 0.38602642002615 237 168 109
0.6343727065704036 1.1180882427920977 0.19485418257004525 145 93 46
0.6521440684768157 0.020936696204994196 0.26731613517475655 253 190 118
0.680981509632588 0.08805495241485072 0.2721904890730006 255 190 117
0.42141048922549745 -0.9293886865751004 -0.05854560513653907 200 142 87
0.23752303036679748 -0.5679006548183285 -0.3616348036244686 158 121 94
0.09384118962311844 -0.26519284210003585 0.14984895483830446 212 140 81
0.7376987116248275 1.4945912353538404 0.3267210644075561 170 106 42
0.686975271872318 1.5015467384427286 0.46711070150401535 232 153 86
0.7367671602608743 1.5812757183861192 0.021095202622395292 225 167 105
0.40734283769837903 1.031755964714602 0.5190989644359346 180 116 53
0.7671915447564407 1.1885993194968396 0.27690612456616076 197 130 59
0.6543880171066802 0.03989236879647419 0.2768794905693656 254 206 150
0.7740710150664656 1.2224825662294188 0.2505413647033266 203 136 55
0.6664758796114715 1.3226443101135972 -0.0829944209703522 244 194 143
0.6452276993396606 0.04951179419417553 0.2039904633490881 254 196 129
0.7866248974768358 1.2337937715695626 0.2564528098107896 255 183 111
0.6589800052846438 1.6051085212933764 -0.0647268720208625 242 194 146
0.46319716487470936 -0.8880840819651931 -0.04523132678055532 225 164 102
0.5431601901364195 1.0915676202049198 0.46651556504128044 191 123 58
0.565880070268053 1.0427621127282536 0.3877355013330901 97 62 34
0.4983222982938832 -0.6399362367841597 -0.3218045591729872 175 121 56
0.7490886853518979 1.5655479449179888 0.4892053668188353 201 130 40
0.6775893495558223 1.1920742785492795 0.44604211954476564 228 156 79
0.769931207100605 1.1877470843870257 0.27872708346939384 199 132 57
0.3811395470933334 1.0580379923703236 0.5458884074151173 231 159 87
0.5471345124006496 1.0261142295791306 0.4667419877767462 233 167 115
0.7842978337051495 1.234299233289669 0.2844981939060385 220 146 57
0.6270246199674409 1.2889178238984396 0.5575927993856764 149 77 8
0.3187144811646594 1.1339289592941952 0.610038406196773 252 184 121
0.6105066910599427 1.1188621397912248 0.09239884419698245 198 146 107
0.6105066910599427 1.1188621397912248 0.09239884419698245 198 146 107
0.648566487716205 0.560054919311455 0.32100848798728004 255 188 119
0.2970922627637491 0.42766806571579896 0.42038900913410654 131 79 33
0.1624870128263118 -0.4705692554704811 -0.11661946251581366 215 147 86
0.5036872382322674 1.184191079576877 -0.0736041961402532 137 116 97
0.7298093794928083 0.8475559786979935 0.3975915423537023 245 169 92
0.6355289289598661 0.5896082294105588 0.36298843230621214 206 141 67
0.6857098123911552 0.5926759594078557 0.26618280767707087 181 115 55
0.6213853113629938 1.1061834646536737 0.13608945728379765 186 133 91
0.7006564817859008 0.8588208876991227 0.42831490020581325 181 122 46
0.7074426925744045 0.08676472153566406 0.19842995815284536 255 185 117
0.5612645116851732 -0.03350159867803874 0.33626306737320466 254 185 115
0.37025782826223036 -0.8194815583221066 -0.2678260318906016 254 222 184
0.16959253745014558 1.9305901078138965 0.006560042174777657 213 150 86
0.6438235350239186 1.6171560006995724 -0.060511088658831425 254 183 114
0.6946646518735962 0.08829799927611796 0.2521840678897317 218 147 65
0.746618272205383 1.2531207144350618 0.41706403842212 233 188 146
0.4582332097118036 -0.8816808405327625 -0.057392561303361934 234 168 97
0.1906230626308015 1.0671515597365868 -0.11352047178889792 237 173 108
0.6489069439942763 0.012133386616022226 0.2336358494171505 126 92 55
0.716379444825506 1.4784008651573808 0.42017473090665414 209 140 77
0.5682481171707643 -0.6635904562805368 -0.056246385348458834 156 96 36
0.47080598184923017 2.114654365776329 0.20855321393653695 250 192 146
0.6193495925704239 0.5761194166905161 0.19407358045988202 188 127 82
0.7636109986139484 1.6216017594495205 0.4677008181882276 224 156 69
0.5984805211845118 1.6123206648222288 0.6067006493374146 252 190 115
0.10913741913127696 2.298764269169689 0.2364347616298201 198 135 81
0.7485485580667053 1.2224490878260181 0.2995625164832485 212 147 83
0.5356422841334092 0.5308911822225683 0.17838613489367058 121 71 38
0.5080541104858337 0.39984905994239195 -0.06141144327479896 232 204 167
0.23748965316570808 0.6962598238455342 -0.012152775292222537 175 130 88
0.5598328298737267 0.5187220731119454 0.14434520821675884 191 154 136
0.3327552217649566 0.34360146405913256 0.3201838496124412 166 104 41
0.537374532742302 0.3957940009014682 -0.24898950743837184 194 134 52
0.6783210660295917 0.04897670958642772 0.2349888538717199 253 186 117
0.2787057460969783 -0.03947796687287207 0.13442979286207882 246 183 148
0.6845915958350964 0.03943158337298336 0.12639297608388284 212 144 61
0.37995316859266354 -0.8027028279851987 -0.3632697202609933 134 75 25
0.6764849503394722 1.4728267342698282 0.2675400521588139 131 77 25
0.3801018946356764 1.4101232599745015 0.5812586953671087 177 116 68
0.5642525474542397 1.4828955403090944 0.10992147142707466 200 131 66
0.6283233402611705 1.1388483348516492 0.09111469949277921 134 82 39
0.5631614935374847 1.130428265780263 0.07105110031034112 139 76 20
0.6874226801870121 0.6089202960460282 0.3210219778310082 247 178 109
0.5881079520602633 1.133325791000247 0.16250095613148904 194 131 84
0.6528128608764769 0.5926464097053521 0.15098544347023216 170 112 64
0.6024188455855594 1.1193036177213491 0.1724202588353522 212 142 93
0.6448857412289223 0.5762306045380852 0.12872583602371893 222 159 106
0.6346185406678059 1.0839764358910564 0.31406477984063136 159 109 68
0.7032653315478674 0.09518921219465226 0.23702146439125485 254 203 148
0.47772413421629767 -0.04017143344045294 0.11065798278334323 197 138 90
0.5500590688906354 0.567417563839015 0.009571761550414608 176 132 97
0.6907713397130798 0.07650024502523756 0.2564551037211096 230 153 63
0.1295172275888598 0.5189066425624427 -0.1711740609820072 212 161 104
0.4981839642348849 0.19616884651641744 -0.2204605006788181 255 189 120
0.48927379685182465 1.0496485647067297 0.46309203912754526 227 158 107
0.08066576397932085 2.333325093719902 0.26781997150354636 243 181 136
0.6973352350340168 1.1773940908250244 0.42816430960242424 219 151 86
0.62118135758185 1.3571915534193162 -0.14130766399327566 212 177 147
0.6239137005203691 0.606624510747766 0.1117310638184507 199 145 99
0.6778050630781943 0.6057061058778519 0.17638797207466253 244 174 122
0.7376155689637257 1.2158758011133772 0.2632386916423439 246 178 123
0.3975716200016801 1.8021546319622157 -0.1030624751801231 173 110 40
0.46961465951053055 -0.9144014724211037 -0.0758335872248892 199 132 61
0.09651566697959806 2.2882763044451346 0.2340021502065939 206 146 82
0.48814439910430313 1.170708084111027 -0.007470029966296947 161 103 57
0.647023083838869 0.5876138194603576 0.37029501818928495 227 216 207
0.33318544568884384 1.2126530774995998 0.025142811454446086 133 81 41
0.3025814826319269 0.6582237805876876 -0.014167983023871381 130 75 21
0.6038794003075418 -0.670792730730301 -0.06343047208862915 246 180 106
0.583465846836874 1.5819138749678618 -0.02550720945312227 194 127 57
0.5230070225207284 0.5143904316651114 0.351506611532738 239 163 101
0.5111172977531088 1.5903574762792057 -0.0879743302208873 169 105 33
0.6022697141706965 1.0538409213060314 0.35942144438211804 98 55 15
0.7311829559363618 1.2234492512316764 0.41106346880893185 255 202 145
0.22147940110944034 0.5380452213319462 0.4777961557322299 252 176 110
0.7093391414206559 0.6182628970948642 0.25814982099443895 237 175 97
0.5270385756771284 0.13495656092279307 -0.13890413431897186 237 158 83
0.6861225372441463 0.3134589898805347 0.3672802866586163 183 116 38
0.4548944002867027 -0.8859211523271777 -0.10601910178407245 248 181 111
0.7095317539094176 0.6289990645615592 0.21016213656317267 183 122 59
0.659743669801322 0.5661180281517558 0.19843464026053131 244 175 118
0.3360030108994459 0.5128993242024982 0.4885862563067206 248 180 115
0.5199230955262447 0.6100424979076855 -0.04140944137034988 126 81 48
0.6183158465616098 0.4946811195712204 0.13716999248040354 114 67 23
0.6459048143554682 1.1403896753365377 0.41511807800620326 211 144 74
0.6476248524116014 1.1396881942239856 0.41677314879274396 211 144 74
0.33657443283377353 -0.823744767563307 -0.368480976505522 228 162 100
0.5341749465576882 -0.842803428433071 -0.12606344426882202 255 196 124
0.6130309250133682 1.1660437335004052 0.4226359894671647 253 178 112
0.6820036921140558 1.143053108754981 0.2108673988554353 166 114 53
0.6516828810634896 1.1137976757289827 0.1674241104952395 132 79 29
0.6299151201909919 1.1206422566904355 0.21714460665580843 142 79 26
0.3408736799919575 0.4361297917138677 0.4295325600298574 198 134 87
0.6059866475773306 1.1420033325897534 0.09902057606196782 132 71 26
0.2587098444687916 -0.15759747258283507 0.35458866530495103 203 131 59
0.5457402098465082 1.8992827531692742 0.199077813906789 195 132 79
0.2599118669942474 -0.1576974328639529 0.35486630793678026 203 131 59
0.7437603070904739 1.488155467837189 0.3247487488947063 208 149 109
0.23079171437193297 -0.19634966804776827 0.301468716884208 181 120 54
0.24357148092466666 1.2582681091404644 -0.042105995551763656 210 146 80
0.17197099971635996 -0.24522745409932153 0.1708910473143389 189 120 49
0.5757549806453922 1.1357717875084046 0.006956651706644658 176 113 70
0.637936942203686 0.5960401624640488 0.18173020348132266 160 109 64
0.21311758761836883 -0.10413685265398241 0.07444957511463415 184 122 62
0.2705088125125868 1.412022766692162 0.5977092529585045 168 107 52
0.641398667836196 0.5893984931810765 0.211460620136857 214 156 108
0.6684510437152943 0.6080561415072401 0.22555313678802594 198 140 94
0.6407646556499536 1.0755649115515795 0.16638461853080397 136 78 27
0.2819613436021992 0.26548382443261376 -0.07039711880899452 254 204 155
0.5100708137761305 0.01838638002646809 -0.003492267857583661 181 113 50
0.6671044205515968 1.1211832867035116 0.21202523387528027 215 144 88
0.35343835778153115 -0.8597391934192626 -0.3459223919855734 252 178 107
0.5609185066729596 1.0929371634759697 0.48019955419951593 255 183 115
0.617492210594762 0.5334201348897761 0.2563742514092717 234 165 108
0.1407127622014105 -0.17871271451174592 0.34163239381953947 230 176 128
0.6211333756889605 0.5252754456875769 0.2538709286848091 169 108 51
0.4687543207843935 -0.8718232339229002 -0.05002120866643173 212 154 80
0.402396359775413 -0.9372564300118366 -0.048879499177777945 150 107 63
-0.06572099895545483 -0.4775077970291596 -0.07072913012116337 215 138 60
0.7591906293350681 1.5670792887767266 0.49061335047040994 215 141 56
0.3934053370840417 0.7812221103894644 -0.16869855409913428 204 128 44
0.7029377291193849 0.16154815857193894 0.2872023069201732 255 197 146
0.46698864668910844 -0.07713966403189376 0.39364974541118053 212 140 68
0.6352950037682598 0.5660559080871951 0.3901066229875957 203 130 43
0.6669491310765979 1.2199469363762268 0.04923174072989262 201 132 65
0.7517285493197445 1.574664794984049 0.07503856678170488 230 167 109
0.7395996062282999 1.4847005284332813 0.39533417247938296 224 154 92
0.31274418613026156 1.0139295425264343 0.5347807306445388 153 95 38
0.6868119296250855 0.08995116089622326 0.26019931561398824 212 143 60
0.5370842135576417 1.188546871158261 0.5903992060920352 228 151 73
0.5694547280159247 1.5691097178472118 0.6324438635706394 233 155 72
0.6032168795190449 0.5441600909237536 0.14024822694635614 105 62 19
0.2509287517956948 -0.18582356920737636 0.057390615735445835 212 158 114
0.42910676182129537 0.2334801331082921 -0.23848433688521814 234 168 108
0.47511879457987544 0.5235225918411256 0.09146428221315944 203 145 81
0.31235641815203735 -0.8171579840110454 -0.3614082795088014 197 131 78
0.6920236689412785 0.5800422031509788 0.2705260418305154 175 113 58
0.0021335075147822947 0.5254323326098911 -0.06633860398512242 199 138 80
0.11452067750828725 0.5547828898772189 -0.18591457954879542 170 109 61
0.4954170570954873 1.0329445340663301 0.4794489556823628 242 166 109
0.5527327125685279 1.3658027525786287 -0.09123667440013052 144 78 10
0.417507043204364 1.016354157096481 0.38081836678657865 178 121 77
0.4690757987433893 0.7464546666765248 -0.14348264752459225 253 203 152
0.11068180407255339 0.429457463162506 0.39862127232820677 197 135 69
0.37136862191390174 -0.979032217373706 -0.12046711086119141 184 133 77
0.4572153412729335 -0.7225542637374873 0.025356302237054668 252 181 103
0.7657602060087761 1.652352366410025 0.3844598936860384 255 186 119
0.5119794646999043 0.5100845624520153 0.4486179675668123 197 129 54
0.5968653904068565 0.5508520813127454 0.40213634301838824 210 139 59
0.6215730882196021 1.1087102379762903 0.4461467964962363 195 127 56
0.043572381902520406 0.8161924785888128 0.13266796257828806 168 108 45
0.6439063047644031 1.1307378213747454 0.41061305191738057 189 129 66
0.5836991173769469 1.0467423333961943 0.309286885157646 183 134 91
0.03846890860409899 1.4138573014327447 -0.023130370374562625 253 217 181
0.055939755798791735 0.7291118223561925 -0.017068445832857843 142 79 25
0.11205237958675313 0.3178726011461055 0.3208595204946954 252 255 251
0.16441949921418816 1.8451685841293786 -0.06365332738525624 255 189 125
0.3041247432746851 1.374988039848879 -0.1724923909592249 255 180 104
0.17868265759650326 0.225850186092583 0.18882979300634742 246 192 151
-0.025328796422010594 0.9768670305345436 0.023366395379539828 255 181 117
0.054747219904924954 0.2626591409602102 -0.01831511607288712 194 133 68
0.25112788721347634 0.10029458064708593 0.0581977907396759 189 126 76
0.17292870370084326 0.22180985700267755 0.15217686111537437 146 91 36
0.17602683788681092 1.7443398005646844 0.491749092997645 112 86 58
-0.08330326524470094 -0.09007736851020476 0.12079851276447717 255 195 140
0.020244527692292905 2.2137529801715448 0.1345484025741168 160 100 38
-0.007783943617730415 1.5367750150866086 0.31491697572592176 254 191 120
0.10996900105639715 0.1533512488750948 0.22409650865543218 139 77 23
-0.038979233318612395 1.3102248581926046 0.22595670898266612 252 190 133
0.02044526570884917 0.3114400865393725 -0.0769944229298321 229 168 114
0.3628958736611286 0.11797551153464869 -0.1732012268895385 225 161 109
-0.04323386453117496 1.451750264574471 0.018506147701247557 235 163 81
0.17700088994843885 1.7786373422455362 -0.05678241587689172 218 140 55
0.07550162673154785 0.24725512021784954 -0.029070219660360618 224 148 81
-0.08339850795867157 -0.5386962627998566 -0.13445576065566908 175 109 54
0.05530756250237404 2.045648536732876 0.0699425038371752 237 170 100
0.002095899892651883 0.930894927668441 -0.0009434072111369574 190 120 48
-0.035255050958373654 0.8726631015018326 0.18440465507341788 255 192 136
-0.06296510372032967 1.287941911218442 0.05307891213050381 255 185 126
0.2049295877506463 1.2445197844574485 0.10644952344232905 145 80 10
-0.032607070080283074 1.0959900920270875 0.47627510536294054 232 176 117
0.051461137391986274 0.8278494255299366 0.07043685891241414 213 151 93
-0.10084274371281388 0.5263953396319558 0.12083018221477153 195 140 86
-0.04586679896983617 0.5276210322343421 -0.03926079549629328 176 124 85
-0.03156435323791732 0.44971264966717617 -0.07078468831777229 201 130 68
-0.050830711599861855 1.3023654058730894 0.16808066543073302 240 163 96
0.1481524833429856 0.32399700568091727 0.3256400334823603 155 122 79
-0.09117989897489967 0.5554069142212884 0.22861491744840556 254 254 254
0.08625419426457795 0.7691459685029979 0.041836220914151206 241 170 89
0.20424524455274856 1.8744567042871656 0.38061619619667825 214 144 74
-0.028193505176219096 0.5483691195465035 -0.06227584619049204 178 107 61
0.38890089633990615 0.7186651833248235 -0.13243275267840846 223 162 109
0.11546776484661418 0.9195255027643198 0.4033168646331315 225 156 97
-0.034769019937362054 0.5132286952326104 -0.047435946026330104 50 16 0
0.23239486863168368 0.7596440327131744 0.5295794825146791 241 165 81
0.1808485695621822 0.5945810092678445 0.5128956496308731 254 182 108
0.31043931700279326 0.4998967779510545 0.5197798375723162 231 159 77
-0.030642282175891447 -0.3983135299207474 0.05055195985020072 226 152 65
0.03539127314191135 2.2527480924346266 0.12884863244524597 157 100 33
0.5729865862387045 1.4459131087970984 0.4803794816142536 152 94 44
0.5176886236557781 1.0637931984067948 0.4759526225127045 178 123 65
0.3620094724040239 0.4895175463781205 0.49262723707777795 236 170 95
0.3401523668957052 0.12714972212649903 0.49340006913639833 243 174 102
0.6597177733033971 1.457315531700921 0.46996255991055674 166 113 63
0.07365586366360417 0.30870324054076964 0.2420860692613135 191 137 89
-0.041642692462853834 -0.5118554526544878 0.004797776931017236 254 215 175
-0.026480617410070913 0.42668733669834674 -0.06703220755368856 157 91 30
-0.04573933253642895 -0.5558818420097145 -0.042057101693133266 255 198 134
0.3071357225927641 1.069903701752312 0.5703979399958239 255 187 113
0.036029261956502245 0.2612701850909811 -0.08381874737222632 184 114 42
-0.044780307913068106 -0.4523871792655619 0.003501144712793886 255 198 125
0.27237417007433595 -0.9639900512100575 -0.05487214786259329 146 123 104
-0.014600598908987883 1.2905737399840063 0.15213329808622933 187 118 49
0.19288772929054054 1.4713725841878558 -0.09456483765553585 198 136 74
0.3587355802866203 1.002136145081487 -0.21641383229604758 255 204 141
0.34897905422948344 1.251456501496054 0.044993981071517565 253 193 143
-0.019147457570213626 -0.5887482075758127 -0.23019066925265147 176 111 49
-0.0077288345862093055 0.3240046194132423 -0.03878612858352549 100 68 29
0.16129018250191085 0.40568669639393284 0.3939947092206999 233 173 111
-0.10254117490827731 1.0327273197049318 0.01130205172923423 242 171 93
0.216884393295383 1.2899308877812357 -0.08330777290206552 252 175 106
0.12486474487401134 -0.6231852181529105 -0.0015841571732073856 204 133 56
0.3203632722240057 0.7204229744958751 -0.13957476259373003 175 104 52
0.1762414780068601 1.412272117337454 0.5629094640682227 192 121 51
-0.0831759505230827 -0.45099625541988814 -0.09489614758753052 210 151 91
0.5410984550288824 1.031020554427454 0.4075035565334565 143 87 35
-0.05119268338729789 -0.4823639693258712 -0.16537439398888154 126 77 47
0.20159553280708523 0.3872636858278342 0.407429258537413 172 109 40
0.03336542307576312 1.2979974604448727 0.27831169202235945 191 116 37
0.07861759207021406 1.272351635542271 0.4450182275828687 155 100 55
-0.03324828340443261 0.9290884491145268 0.023234384605950075 211 136 54
0.14608046213159898 0.9109178216688237 -0.01241762968739655 255 194 135
0.018808957485968877 0.3057028836095655 0.16494461719567724 165 110 52
0.02402456620197544 1.279781469561699 0.018281291055139814 241 167 94
-0.009656933823501327 0.9637986493510424 0.02325763683755764 234 155 81
0.30765128371493483 1.4047320270260992 0.5576533924899825 166 109 56
0.03686722758843435 1.37319906102532 0.5307643606284581 219 173 138
-0.041648596038771205 1.2970270176251664 0.11756287264059591 236 163 94
-0.1018824559445347 1.0770831021430183 0.24291220531750962 233 178 111
0.28132337677555797 0.681205864232716 -0.11791248925845049 167 107 52
0.27471053982321875 0.6799134154614072 -0.12216240071844855 167 107 52
0.22814162781897282 0.16556172598224633 -0.16191504313008562 219 144 75
0.4392221421105138 1.5778104354513751 -0.09189434845507889 202 139 86
0.3065996437612086 0.7522110277716416 -0.13300726645004923 230 158 100
0.026105385167851252 0.538120962647304 -0.1323665237981532 152 85 33
-0.06183698106332956 -0.01654229345691401 0.19723741088254337 204 144 94
-0.006756537793203005 0.5525780623490161 -0.10359210660480474 153 84 27
-0.03893592188780004 0.47295988411574647 -0.047387468185014825 195 125 63
0.19149915303263712 0.21996208187669888 0.1627160424610551 141 91 40
0.37466943024769095 0.12500044255189868 -0.18163002874540726 235 168 113
0.04196896209328053 0.7627192294114112 0.38029811548740716 179 114 48
0.245273696127689 0.03622623387074061 0.07327540007227668 197 135 88
0.04539614015379032 1.2000861528697413 0.536680077050589 142 98 52
0.2929532896047842 -0.8585977409973911 0.031074839257511033 199 139 68
0.5818248782201145 1.0249148455755257 0.34081144991132106 252 232 210
0.010678899309440666 1.0712564834772558 -0.03805841037291986 198 129 54
-0.002124777177928916 0.279738343079301 0.031870919896297346 255 191 124
-0.0745127353675881 -0.17997175529849563 0.028082240123974363 203 136 68
0.5941202805430487 0.5263874211520951 0.15065698845723824 141 97 68
0.3141023478771093 0.43795644988641796 0.4478361849243112 172 112 58
0.1016477072484507 0.8001144221325466 -0.024541247343784708 217 145 89
0.36637810150453554 0.3978969694993888 -0.2731662989282727 212 139 55
0.27162852971558643 -0.036794000660900265 0.052788444636660166 161 126 98
-0.01037990204355947 1.5038799464800914 -0.0024957819206669818 203 139 67
-0.06013389364122064 0.653775284113101 0.38716910824537143 0 0 0
0.008681094836648683 0.8948095444840982 0.035721155907439524 203 138 65
-0.046460783704333826 0.9745229528902674 0.0634372938650447 205 128 46
-0.004996781799204068 -0.6683540739936549 -0.24892281026236374 210 146 83
0.21229585716316088 1.6456801238052305 0.03638808583371819 176 114 55
0.24691809018349845 1.020737075084471 0.552234747173847 246 175 103
0.2965291456870835 1.431562435562408 0.6416711663693675 231 159 98
-0.09229817055101304 -0.1246263303968338 0.11434349629313138 168 109 48
0.04265834124858835 0.8484042125822304 0.11574759532622267 228 156 88
0.3326324529916591 0.6883782342080782 -0.11865826936592452 192 138 92
0.25014587509749947 0.05201282491080571 0.48929000509219145 254 189 107
-0.009530876287091554 -0.4614831672574059 -0.20413333484504476 129 70 26
0.38260450210319835 1.4381269851712586 0.6063681357003177 170 105 49
-0.07265473679718852 -0.5349641532241624 -0.15132379031874849 189 129 77
0.41519446964781553 1.034889164366022 0.5177570617573126 193 126 58
0.3943589166018953 1.3400616380049741 -0.16872662866235832 221 149 77
0.1729326858286629 0.4358431541269721 0.4222726473602201 216 141 72
0.2540347102738945 0.13065342644896533 0.49545106485642026 254 188 113
0.5281607741233817 0.681982069036427 -0.08305700784625694 162 127 92
-0.0022697574554099396 0.30613666682763135 -0.024813335176246832 177 112 32
0.061618435318274156 -0.6292784621098929 0.006841818774521809 226 161 79
0.03571317053750363 0.2955868742200074 -0.09861787337762123 255 189 134
0.2425011838249595 1.550905502979908 0.686151012156685 195 122 28
0.0831225296858227 1.8978178471840146 0.0002849910192546035 171 100 29
0.00959640213469947 0.8462654352139333 0.13522648496765596 255 192 134
-0.014951394522021747 0.4124272446298996 -0.07350633830380773 211 134 66
0.4409721435178247 1.4423386393349342 0.6532143925527504 254 194 131
0.05925352595905489 1.9983879308190815 0.12013185808194579 255 197 140
0.029673693027148243 1.2584833887489164 0.08276465119319877 248 164 104
-0.04260669775138266 0.6154585924870141 -0.038968730637467044 130 71 27
0.17918254661461072 0.7219687968286861 0.5655907320669099 254 179 98
-0.007492637245334799 0.31721944042470934 -0.02933090078923509 238 160 97
0.06775565773092987 0.829574117947417 0.017002746718308107 182 122 62
-0.04299025066981142 0.593062868141227 -0.04447329534860994 109 65 26
0.10634636739251621 0.37514582239001787 0.3592088193811668 254 175 103
0.07174874945552634 0.2408664691411232 -0.03902417042541059 255 188 128
-0.08784546447844277 -0.06685960964878641 0.14065444615961817 189 135 85
-0.015378913143657637 1.2766840631555838 0.1166775688931065 223 154 87
-0.0324485211689401 0.5171742148890295 -0.05852423875861445 124 73 42
0.03050792939404813 1.286344618442704 0.2233042806835993 57 36 16
0.05769427140143772 1.1999803175235282 0.1810246105846464 199 145 98
0.09853152754219459 0.38599764866937525 0.3578859326808525 254 178 110
-0.006407112541578547 -0.28994891980180015 -0.13384043050251146 182 125 65
0.0942232781070478 0.3761364692281722 0.3612214483515383 201 134 63
0.7585971761792792 1.4745047298480483 0.2885448837442719 0 0 0
-0.07411714662713047 1.4742277753156858 0.18972318675760783 246 189 135
0.4330223360909461 -0.9098216707830975 -0.04480713053193208 136 83 30
0.5087449387296811 -0.5960597258769846 -0.3354929297324404 226 153 72
0.03142542014150033 0.8463956268233053 0.13585086873684013 199 148 100
0.656429517084104 0.6169432888995409 0.290090683035151 176 123 74
0.10516740185483557 1.8941198262036871 0.04229818575105181 202 142 80
0.3610702742517135 1.557449279671627 0.05101660567836526 116 66 17
0.029289295762874125 1.4383988343348184 0.009752135312801146 215 146 67
0.6117333458761016 1.202348857049028 0.03703800725823309 181 119 60
0.41737047765197954 -0.9325831981374365 -0.044715498690697415 192 142 86
0.47049597950487126 1.1952360843804908 -0.02522839459903446 154 92 48
0.016723107138426598 1.2310906081593236 0.21755108898361453 159 107 65
0.13285095719054854 0.7513449373995127 0.030644021146939204 190 138 98
0.023562331873490938 2.3047956659709214 0.2293992396118071 167 120 62
0.25340839508875806 2.1350293043863795 0.1833911666784826 176 113 46
0.27734229464629184 1.7594173202066659 -0.07424850188077546 186 122 58
0.5095617038379181 0.9789660967377228 -0.18250499361644354 252 192 119
0.19864845527887137 1.258921517646006 -0.04650733052252974 240 169 101
0.20274040900683504 1.8587456837565384 -0.03883847686527688 218 158 94
0.3143663748936647 1.643157479736079 0.1907829179877412 199 156 122
0.12492478604410555 1.8719421571704493 0.20574106241584691 146 102 65
0.5160147546389499 -0.008940485663499552 0.0024553566197280676 213 153 93
0.014817351452382754 1.2653185036025185 0.09279355506651857 219 150 85
0.24803027585087872 1.0030342155825789 0.5281582906157295 180 116 47
0.19822964924274816 0.24087428929706425 -0.19509501836882764 220 143 68
0.13545308768133146 0.42019638836951834 0.41977314724030984 208 139 64
0.044692778641289996 0.4639356508152818 -0.1152616522372965 186 139 87
0.47167389679215493 -0.03677264138915862 0.0032817266266500725 154 123 95
-0.04303331191802185 -0.15823746796991509 0.2776987685351172 254 190 121
0.10086611837381886 1.8953526022062113 -0.02197273547773853 236 168 98
0.24352148089420303 -0.9002287240779268 -0.04329063514208122 208 131 53
0.24293542169767415 1.4127116733066087 -0.15179012309695916 240 172 96
0.15347355540270313 1.38735904234384 0.5621504074001855 254 184 118
0.3151088422669792 0.1647484617207549 0.5072274548299757 208 152 82
0.09589649343330404 1.7379572700729615 0.44554222233575796 252 251 246
0.11476026069927983 0.9832166030986399 0.48532032310044443 221 151 79
0.12261944816566853 0.7217182478412997 -0.023319744342466527 133 69 6
0.0014363775153270718 0.4666231857206748 0.36847551102866893 255 178 102
0.3120354948497167 1.293241781022296 -0.16488644608786932 254 207 168
0.07041335681634417 0.4012258185244027 0.3770789527059848 194 125 51
0.5501085181876562 1.3999172739754187 0.49105515581036535 167 123 83
0.052071625531018316 1.0408297920263874 -0.11690502738988438 244 203 157
0.605871630854412 1.9522697776228914 0.25898117825744427 209 162 127
0.5256964037083475 1.5708899169668016 -0.04422032901752286 213 143 74
-0.024683122061901083 -0.2668659781343625 -0.05704672417072083 149 87 28
0.06155651079147663 1.2733148546866229 0.007003743621971493 188 124 51
0.04178787046624125 1.4083784360391212 0.5361028180322895 214 140 53
0.08791654909854908 1.268187552953444 0.0026548241799131214 178 113 49
-0.02760445753419108 1.3554302429285325 0.368450687245851 244 169 101
0.27764907616313167 1.4288328403982158 0.6298295538490947 185 116 38
0.11698125005769527 1.9011563603228219 -0.022916955034149145 173 111 37
0.0238268491767687 0.8454743918810906 0.20111179670904028 146 89 34
0.6835484830733204 1.5840754403635098 0.046023583071714176 254 185 126
0.09517880878012924 1.515382491094408 0.6200131400260446 223 146 56
0.7393787136428418 0.3505527530609048 -0.06003619065021999 236 167 91
0.060916097567570666 1.383676365838229 -0.1176966195109004 254 200 146
0.06883295274884273 0.9365973021667235 0.39258332059548917 213 136 58
0.12414028450680314 1.372815052269505 -0.14040180775655325 255 195 138
0.0793620293914408 0.9240884718620352 -0.09276474473272242 194 126 51
0.0999775782261168 0.8135468059195943 -0.026449209325647836 227 152 87
-0.03222716312612868 1.4155954774556794 0.47231651828866267 255 184 105
0.16557034864660383 1.0878681527114258 0.5730965198940985 253 183 111
0.3780906488759155 2.1761744126243574 0.2382151309673284 211 130 41
0.017425805519805517 0.9495674000379432 0.39734523279235195 208 137 66
0.0419508512170599 0.6911176487552972 0.49388847165408867 255 197 131
-0.02961030150148803 0.5118277113745487 -0.07393979600339444 203 142 97
-0.017612729974865453 0.4259924366926946 0.29778475306640934 230 157 81
0.48461320488096676 1.5121932183955025 0.6610417283936652 255 207 141
0.3885099936120129 1.4090325547902902 0.5883079241544418 173 117 66
0.028713590334227705 0.27550711553931717 0.1462290930489925 166 107 57
0.21330752661303487 -0.07521712550682769 0.44214199642082974 198 132 49
0.0352346415514791 -0.21677288327251978 0.3042473636912475 255 201 141
-0.05892719453663112 -0.4145466425914068 0.03434718271376544 255 190 120
0.523694136249071 1.0638312212104255 -0.06400735995405164 99 63 26
0.24814482100265664 0.44597938674725657 0.4552533454015299 249 170 91
0.251912240369333 0.1053463694601808 0.49138192459627267 191 134 65
0.1547480194451869 1.37550702253823 0.5594276736010892 180 108 39
0.12763998015737782 0.4217978224508126 0.42346270025199423 194 123 41
0.14300393903644532 1.913538084589775 -0.035261294873291014 160 99 27
-0.06909096436216534 1.5377966012168565 0.4449549093909537 224 155 92
0.007197968412007966 1.0581474634308554 0.565911272055718 233 156 74
0.2556565777063559 -0.0648388464917127 0.10467028617845826 224 154 93
0.36388411680203475 1.2396662959719955 0.5911203375745723 232 177 117
0.12043826504014342 1.7024220132976569 0.358900994183786 199 168 145
0.18583581439640337 0.4894344331701705 -0.20646360005564812 217 148 64
0.3726499113809058 1.352861180967392 -0.18086156668773942 255 215 180
0.5629908315761696 1.4773318095338102 0.6139759212756382 207 151 101
-0.06140064161292111 1.3169797079001224 0.1740137422707947 169 102 32
0.5734419981895519 1.3787727727278054 -0.13726133862305112 254 182 102
0.18886703971907626 0.4154620035212888 0.44057767376416374 221 157 93
0.5103377079857668 1.351249408876875 -0.15830227247606382 255 195 131
0.021667499278178896 0.08708834207680985 0.3565520921077304 175 108 40
0.42601524728249235 1.3103199383460404 -0.1313702124335009 255 208 162
0.451269882294012 1.344487804715819 -0.20408654325356976 255 220 185
0.03100134386156466 1.0580831182533632 0.4925295781641379 226 154 70
0.6348475048400767 1.3401113947275778 -0.0933636804020055 230 150 63
0.5348660921363088 1.260901016590585 -0.08755603693622582 249 177 93
0.4278896776840913 1.277880217071176 -0.12386610602812603 254 200 153
0.3478838800438691 0.7884365652082925 -0.16483263781453483 207 132 49
0.43185099899200924 0.9801181988934378 0.38870248417578196 166 128 105
0.6302283628109996 0.6874688481527634 0.016087062538631073 230 157 92
0.12679963164898375 1.73596185661727 0.35545369127579846 191 151 121
0.04640307526275708 0.39895330460492184 0.35532806529864974 251 180 111
0.2070409182278711 1.6617442836188723 0.3048554769137364 117 64 10
0.24184995581462146 0.2967812609190912 0.2792039793959942 142 93 55
0.05059407060357929 0.8440121625380202 0.09105216750621183 192 154 118
0.5789721500949745 1.534777944332091 0.06073430077184617 161 104 51
0.6152955771514602 0.2797275847968086 -0.16931193260013838 255 188 119
0.4508835955292467 0.30413507896911574 -0.2829161480562576 223 161 79
0.536757503981704 -0.6521302786204217 -0.15425151107393278 232 165 93
0.22122916490407132 1.3881670603574399 0.5699526098047439 174 115 49
0.1897768977989942 1.3805737835853782 0.5671876234105131 224 157 94
0.4869163754672668 0.7172659399727317 -0.13251754158052662 224 151 79
0.0937411399379171 1.0608461965679796 0.5284866450155851 255 192 123
0.29565508920337163 0.6810521142122451 -0.09821906731405183 158 105 61
0.19226542488854434 0.998075593462753 0.500743678697445 181 118 42
0.27982612329785445 -0.013921984492766236 0.10754339421112745 255 207 172
0.2668108977196699 -0.07733794378538657 0.17191174946766752 159 100 58
0.4418066996402236 0.24446589661273807 -0.2426064156455302 251 217 179
0.10161719126814946 2.280886103093242 0.21998964071272034 212 152 100
0.5008599963041291 0.4963592406201986 0.34579848790044804 202 157 116
0.13369149855697265 0.4193697503341582 0.42271197397374366 201 138 61
0.3244277362699955 1.0357150555603953 -0.2168682247346161 246 173 92
0.3328254233418438 1.4308335701379364 0.6369919937962291 255 205 158
0.7460025103166603 1.423458986448897 0.3310353352914683 236 182 142
0.5361166984080467 1.2537544928391875 -0.0762485138128487 192 123 51
0.14370725809073326 0.9236511796797454 0.4159257903066983 248 186 127
0.4663411303952734 1.2600530540337533 -0.09859468947176941 186 124 62
0.4464564805219635 1.182926256218446 -0.021758701007436515 173 110 59
0.2069945122663936 0.4212210553265055 0.4476563450368708 255 179 112
0.47019969530388783 0.2793146780739322 -0.26337243371086233 220 156 94
0.28510940526686385 -0.1459876033192618 0.10578384879799431 200 155 134
0.012299769235374612 0.5242645351027491 -0.07682966061988189 147 95 55
0.07921060292272432 -0.10561632890696909 0.38551075950414887 255 202 133
0.16534059377556362 -0.8620467408531651 0.01314457591157072 224 148 70
0.5018236009560519 0.7237475339101419 -0.11488545533214378 194 123 48
0.4250705768515669 0.2386989922733391 -0.24990082761965826 235 170 102
0.08059104942951131 1.6592383471223084 0.2911772151460951 198 177 164
0.08422177071526482 1.0363638602255896 0.5069900621030995 254 178 100
0.20646412083414645 -0.09286693966003695 0.07311308930752555 214 145 78
-0.04937804849724897 -0.44870562949160026 -0.11849292821931047 210 165 133
0.2540214035856355 0.970062032757336 0.4858531193975888 250 174 116
0.16636219215410142 0.9168960770143151 0.4206008917715036 220 153 100
0.11127948225423702 2.2719896511879663 0.225202192560053 164 104 44
0.3426737661663672 1.5960536650094215 0.08084498059742894 205 164 136
0.2792988650033864 0.2735012094467497 -0.2554653342603933 252 175 97
0.28818185653947603 0.2679353621921047 -0.251433027433274 245 175 97
0.14614324373066184 2.1845237240348503 0.13634940105967042 178 116 57
0.07679692239915567 1.0328183359572733 0.49638866428554945 155 99 17
0.2541604827841288 -0.04270995800502884 0.1066602454363641 209 143 82
0.28339047458534217 0.8041246568433428 -0.11685906139384715 197 123 54
0.06698177044504659 1.063079973903722 0.5135963807968662 245 170 95
0.31653821522570386 1.4250701551488734 -0.1684392743286175 200 136 62
0.4613916568807643 0.22646925984905317 -0.26950815258693583 255 224 200
-0.041556685336498 0.49397216385243325 0.0035759706731258766 180 146 121
0.3237256473161666 1.2551970214761328 -0.01359819835582003 242 180 129
0.3406349949864384 0.4236883738529556 -0.27610587743459847 248 172 96
0.12134530298346471 -0.7147692343285686 -0.03582060838793514 221 157 78
0.1683859613459965 0.3272340662673895 -0.24417183199604497 242 174 99
0.38638692065270785 1.6341619533603766 -0.08841213969848086 237 162 94
0.19040664809855515 1.6807516754421787 0.29595282351379587 173 132 100
0.5507842042205157 0.4462696019685831 0.31221079738985813 254 254 252
0.20069103040998715 1.4107173104413175 -0.14796553086010206 255 188 116
0.18250717221742743 -0.2001001767075453 0.3116664936491411 194 133 76
0.3622826438423518 1.3080407526412217 -0.1337518780131549 220 146 69
0.1615441771653286 1.2559608207931456 -0.09190325455901752 177 117 62
0.0149741122455457 0.2750058478373767 0.013843307348603161 215 154 97
0.0861875972376084 0.23200507685461688 0.06592304853835114 180 127 83
0.20804018816654363 -0.48544187850423426 -0.07086914976577688 182 136 87
0.30797507010926 0.7745416965467129 -0.1276445221905186 193 125 54
0.309579521282673 0.7752698916286467 -0.12153893631368734 193 125 54
0.19830550660630725 0.6071522629984095 0.5343885235733753 227 157 80
0.3426310758791592 -0.822351394434029 -0.3534047624522348 115 78 53
-0.011430667780859658 0.40203622865659133 0.27629885242531577 252 185 117
0.38977702835033984 2.3662375660976944 0.1288321680731537 204 131 48
0.1196315390198421 -0.17618310090628314 0.3321737187167015 255 206 155
-0.05685554323650037 1.3392310486887837 0.1283538185162858 245 180 117
0.5777402023339271 0.9501499173879474 0.3266329790421813 186 136 91
0.4201519771372586 1.273507572324605 -0.14330967158881106 255 188 126
0.026797439235090217 0.9318039926414055 0.010397765614287293 188 129 82
0.231166191542931 1.3713759572744046 0.5588055888087875 213 150 97
0.38082634880807537 -0.8220359983318144 -0.3410898317376346 217 154 100
0.5181260905048098 1.3875881017578697 0.5124244471389908 143 100 67
0.6379371809706249 0.6342725619263749 0.06693816064594472 159 105 59
0.5898365731479492 0.9937096437360396 0.3820410175467682 255 247 238
0.06588677404208006 0.34486896417570184 0.29726355771513713 254 183 116
0.6019446893449486 0.014467406710348404 0.06947557997940781 246 185 139
0.14165506838915023 0.988510154406466 0.5079383787213317 240 165 98
0.1685132817033969 0.9550597793679501 0.43524003098284036 183 124 64
0.03786788001989613 0.3939569861973665 0.33451599040720287 209 141 66
0.7206039651368555 1.5595683531194726 0.12591190838037805 186 126 74
0.053253516943678886 -0.15711866721432322 0.3449427494191911 255 194 127
0.09042075534464707 -0.16228695546249633 0.34545024091860393 212 151 76
0.2966708343022321 1.306548730466178 -0.12142511114877119 255 194 133
0.35176456879438867 1.0528455910567267 -0.20749350557881668 201 135 61
0.574773574032331 0.9988149525426894 0.37356169872285716 151 136 121
0.20485013883085723 1.2707537879839728 -0.06623133628536046 202 136 62
0.04998479403224162 2.2694209823143567 0.1677559142652055 254 247 237
0.1645128200136864 0.07272674894118107 0.4530639476104678 231 174 114
0.33406963240937676 0.7251893248930327 -0.10653491976545214 255 178 127
-0.020811378359938106 0.45540969585572266 -0.07424738964277745 209 147 100
-0.06788486618819763 -0.42871869074065133 -0.004970542752282388 254 202 145
0.025717033419345593 0.28288239866509124 -0.060117722228389694 178 117 63
-0.0662803610526079 -0.23042237964795545 0.0054387620253481435 196 145 96
0.05690927712263718 0.12324401361148585 0.375541621610994 221 156 90
0.31717208289875526 0.8214013460055551 -0.18656139832807533 254 175 96
0.26526379062720284 0.727128802792116 -0.09748611794464589 148 93 41
0.441800292639364 0.2159499860237362 -0.24717767751659214 251 197 137
0.07508041477115754 1.1094944640567004 0.6071172157087127 227 155 73
0.13304946594799946 0.997088280126676 0.5329481135812737 228 160 88
0.17917896831018917 0.5943795900593037 0.515675047597511 253 194 121
-0.07333459161691822 -0.4959580859156041 -0.08168094491114776 255 255 255
0.014628592165799542 -0.14651717808484754 0.3207952279559152 254 193 128
0.09098570485801069 0.40448851561463645 0.38900945143922455 205 131 56
0.47265388613938386 0.43634326533572915 0.31556044224667185 133 89 60
0.432469528940297 0.39238069363037226 0.3256193261569865 171 139 116
0.22679491608337857 0.08564206823719474 0.4867847537097355 200 139 72
0.019851922083209468 0.9083293513016731 -0.002638524184907616 231 163 94
0.6111714154369298 0.28540744935184637 -0.22184025793701695 231 163 99
0.18627482451860894 1.8049065860937517 -0.06103727384219676 252 195 128
0.47364366792275464 1.8135646248294763 0.5258742770481845 220 177 136
0.4319839136842389 1.1512680397111645 0.6251105634200064 216 159 91
0.3403059578098082 1.185592796347088 -0.07313717978728855 158 97 43
0.2044939203956047 0.9524275591162303 0.4640411776405476 183 123 60
0.088549800319991 1.2061459264296397 0.18247191964377327 181 123 83
0.27418735698994007 2.1230675941261046 0.11155041446830909 210 133 55
-0.02479806973316495 0.9062295359334103 0.12422315246736054 247 180 112
-0.006438553014680855 1.3253337862685606 0.40807592209497745 181 112 44
0.2108225971720804 1.4133071080152568 -0.1464844030146585 248 182 106
-0.08613409822943836 1.4486899656393837 0.1373797372480349 219 165 104
0.3825480076533362 1.2642508617603 -0.0943832386418546 190 123 55
-0.017458789454064143 0.3170997290247735 0.03780283720857662 191 125 49
0.3579105830763471 0.8177014688898583 -0.2019835817388225 255 184 112
0.20498701409584527 0.22536569818567972 0.17606970399596789 193 144 112
0.2505849136318352 0.28368972398823517 -0.2695158068676681 222 143 61
0.4317792140027151 0.14217250575957818 0.4929585612269881 253 203 141
0.0538120322921894 0.8299396237046845 0.281300601129889 186 149 123
0.0580920485007196 0.7715968895125774 0.056256633703364464 183 123 68
0.013424349052441956 0.28775171958391615 -0.05422811906475264 194 126 63
0.2037360464505921 1.2683190003797729 0.17764471987027783 206 137 64
0.23159032094330353 1.0568692012925738 -0.16979663896631494 239 171 100
0.18964559462536465 0.9648501908463358 0.4754378668727022 145 109 76
0.01216335686004727 1.3822470713668658 0.45742043423657336 182 132 76
0.14490289626403213 1.0282609730764802 0.5302854733845259 98 74 50
0.3179999903239941 1.0137670841754578 0.5455059047251765 204 178 151
0.369496285113835 -0.13996621637946466 0.35460862607021376 248 187 136
0.7250741190189237 1.690784568888649 0.07679931480828092 238 178 116
0.006275136883173427 0.09387656291191784 0.33156380405368197 142 99 55
0.6640256606501297 1.2091227884757532 0.05651834728969437 175 119 58
-0.048373083762456796 -0.1472382545219398 0.26219384701526527 229 160 92
0.30364673841065176 1.039744297755359 -0.2115680688190117 249 175 95
0.1522569406908443 0.1805068554943035 0.2250954786667364 160 102 52
0.2123922301977539 0.6360015092430158 0.5100445132941167 230 153 61
0.5758812587619146 0.7062929322078118 -0.039315424982210107 224 150 78
0.06666432896325186 0.6846703636278635 0.015222295241311107 159 106 56
0.5951666669609693 0.618236409607876 0.06734516375974783 184 134 98
-0.0891042156597103 -0.17559471590201117 0.0839668446072741 255 223 173
0.10566067881530189 0.13930079789701114 0.3952687448076272 217 158 88
0.3518982171389248 1.4288900690342168 0.6952472107630896 241 170 99
0.23528305546287445 0.3267962393483145 -0.2501646832897548 254 221 180
0.46511125689108235 1.7484117101945797 -0.11864033392474181 231 161 89
0.2210719073843456 1.7586628868510799 -0.07169658969654372 222 153 75
0.3327569053082155 1.2933296842423532 -0.16218919094633932 255 200 147
0.19911626727090886 1.0807915103587427 0.5928370214623174 226 157 80
0.023801648700276706 0.3301895184405015 0.2240820364088811 117 83 49
0.02795957349512074 0.9079107054964118 -0.015679430547854485 224 162 103
0.06876155012646812 0.8452846465686925 -0.03326903871347961 213 149 87
0.0690416858730168 1.0264264365837286 0.5105766067142309 228 164 97
0.668711540694679 0.8003243857751315 -0.025335643515153734 255 194 134
0.09033227660918475 0.43476160972768163 0.39154678124613956 251 178 110
0.2117275690723883 1.263873703941302 0.08230977980895521 159 99 45
0.12086429101991904 0.3627362235819508 0.3617267159387902 176 114 46
-0.03432817928147998 1.3039414349047094 0.2641462558306703 202 146 102
0.12199486012947668 1.2457132569615845 0.03646871527514211 154 99 39
0.00921701672258993 -0.16207246802740274 0.30406967394297896 231 165 91
0.06274463752065694 1.2414956221504532 0.04642771261333076 152 93 13
0.6089563149710647 1.2006371559370064 0.033102552885701304 181 116 62
-0.05917523352402013 1.0555083312322115 0.052901663789744674 238 182 119
-0.047830909823606056 -0.5946463991218437 -0.04707465021511485 254 193 113
-0.05487132347049005 1.4337924396882307 0.43592472191682247 255 214 165
0.2595619071414063 0.8361873979695119 -0.1676881086340731 255 194 133
0.3989193559674422 0.7796179296980683 -0.1556786252321793 216 139 57
0.055252106089142924 0.780737345037639 0.10067784532347436 196 144 102
0.35067887617783844 0.7401903870572404 -0.11909335325172932 185 115 53
0.5866270884075744 0.6546165039788122 -0.009750799050142386 185 141 94
0.34164375511906486 0.09940436845844873 -0.12137132454894718 208 143 87
0.5617075082543727 0.6365507662351836 -0.002927078216358926 149 86 36
0.4240246477679583 0.4999810561346379 -0.28628746183002973 255 180 97
0.28291816333120057 0.22626752565896846 -0.23125195505240514 255 208 174
0.3569339005514132 0.21275802560840656 -0.26073063152596415 250 182 121
0.5743132532626057 0.08250643973616177 -0.07286715325576297 200 131 62
0.486970082648397 -0.0682164504074674 0.10268760102835987 159 120 84
0.022263428351311294 -0.2147846226318594 0.2857384548884825 210 153 74
-0.0152260915017034 -0.47378370424157035 -0.1960759915629165 190 125 74
0.3189979669580982 -0.9229609739709159 -0.33850344692522394 184 122 75
-0.045270466935561575 -0.2556348415389691 0.2043293189507853 255 203 142
0.36492185302987534 1.8121195229189913 -0.09622424105765877 175 108 37
0.5692646533829092 1.585655267794659 -0.06404613956010334 205 133 61
0.37362988004337877 -0.1391292488769876 0.3426901715029984 242 182 129
0.20525302556204256 1.410713878776557 -0.14498992879026115 236 168 93
0.398380679571923 1.1689030757236702 0.6266474356438891 252 199 146
0.34169734672152563 1.319550243466643 -0.15752960263141041 214 146 73
0.26577655831453617 1.3147612751442246 -0.10476271133538213 212 144 75
0.5009664644035456 1.288108351822503 -0.1905011118753492 252 186 138
0.200910160184942 1.2592681136016353 -0.05441260555102042 255 180 118
-0.007107434846807604 0.3256111709550667 0.1838151677493009 255 184 118
0.5060374232929337 1.2261858845879225 -0.048410112764756624 214 145 89
0.3476884394700255 0.12200733966538777 0.49821461635242276 254 203 148
0.14521723054223962 0.8139592438799702 -0.06689537931545715 193 132 51
0.4032179506088723 0.7954185797079271 -0.1692236022208991 255 183 114
0.025421068789675472 0.7103168261180457 0.013624976488662914 164 114 81
0.6148615343528033 0.6651147054167341 0.007979712476085699 173 120 68
0.1068796690038492 -0.19636875134761556 0.34665670642459373 197 143 89
0.24330400396223323 0.09550903660792089 0.07189172966374202 190 128 69
0.09742272709388188 0.07036015397386886 0.43415822020910755 243 179 114
0.24620759550897414 0.0862368789175455 0.06269621921430765 129 70 4
0.23501044367192392 0.0818644793643923 0.06258185307108936 185 122 68
0.15381254397113875 0.6043530593771396 -0.09717457489472203 178 112 52
0.25648447544319647 -0.08008556466665495 0.056816952909631006 194 129 73
0.45842784061641 -0.8262669608256323 -0.34804096758733627 200 144 84
-0.04435878635578797 0.5455346213182607 -0.05501699222772674 172 111 67
0.3474550402120321 -0.8674336546681352 -0.3815916702287019 241 170 104
0.44118382587256433 1.6960703765253087 -0.10851122751318411 210 140 63
0.02055347303125609 0.3185955108510432 0.20801524838838178 185 122 53
0.12628437517949453 1.6962520752974772 0.40605539894744247 139 99 63
0.1660141688317507 0.1940225441614162 0.4572774243980106 182 126 67
0.7025708269598292 1.6053024902462787 0.04624018047457322 222 146 81
0.10492054752602648 0.05779118324778332 0.43285042381528965 244 185 126
0.6845834972449139 1.5111290776664719 0.15496478967712551 196 139 94
0.24905746035897267 1.0477839599638132 -0.17246862802737253 209 137 61
0.16432080532459384 1.2644436282396707 -0.04936886999844997 173 113 43
-0.046819895510434646 -0.016808114894591473 0.27514032470252686 167 109 43
0.1260297121243691 1.2642489916082797 0.02148126813366982 227 158 98
0.0779514680614251 1.2562176579828621 0.021923159129418446 208 140 77
0.09801903789661355 1.3704407038124111 0.5384136671258526 195 135 75
0.07667689426441676 1.0210361093810028 0.5006665347884558 222 158 87
0.01537692642183005 0.9056192952360165 0.2995828766354933 254 185 121
0.012303201119549302 1.0550576499287154 -0.04723223571394772 231 163 99
0.3692689485855417 0.750825900624799 -0.1374078971603333 254 174 103
0.3376443774392733 0.4543302612589864 0.4683805415593545 171 110 53
0.24501040242326128 0.2800055273205762 -0.23795393582118055 210 144 66
0.014547503649343832 1.0110047716803754 -0.08484910245502696 214 131 51
0.12847743589523483 0.3661999653942209 0.36022503949156665 191 121 50
0.030697590999723065 2.23911832812777 0.10827116946549295 70 49 30
0.18215388474424712 0.024652420079353803 0.06564651277652246 153 84 15
0.1612889901899092 1.5964380874425328 0.49887841700745095 255 219 169
0.21679392757761873 -0.029789695856718586 0.12378281124420615 184 115 48
0.44411670983713486 -0.09648929819034714 0.12615666715081084 152 120 95
0.45581531111828627 0.40246757351806284 0.37928194719924796 254 254 254
0.4095744381686192 -0.8300687915026183 -0.36406706414025514 129 61 7
-0.039161746286845656 -0.3703978958343876 0.005765534524908764 254 192 125
0.38902101771519937 1.9150027247538541 0.4501794762197436 231 175 116
0.14069351320205303 1.8121131776975348 0.3076863467502616 214 146 71
0.23683419957217275 1.0145780504611894 0.5454325724888592 254 178 99
0.6666146068578959 1.5496024034063796 0.061619193180263196 204 147 102
0.21061699998740052 0.1451664878142361 -0.08978507552434031 177 131 95
0.2285655799615603 1.2926711419987795 -0.12233044985395689 220 145 71
0.1469820541306716 0.8151289043579827 -0.06396811816387593 212 138 73
0.10579224767763208 0.6491776348120822 0.5218996908820712 235 160 81
0.22614418940076536 1.384624093387107 -0.15519638314431633 254 185 120
0.04013982313531638 0.6754891726703488 -0.07327909097172705 118 59 0
0.13025177709935915 0.22160685584206427 0.38374430654718894 159 123 91
0.026379105040593064 -0.3874339240166225 -0.1963520845344925 203 137 67
0.10252132356522367 0.022402184303690814 0.41984322403730967 253 182 103
0.19708020468033244 0.9187905072860657 0.4249541539917162 163 104 54
-0.009063856647478137 1.3722638572162396 -0.02080120540770511 255 220 173
-0.011239096138878161 0.6922628806441318 0.33082388146222774 233 160 82
0.16547212405248937 1.2706390712729418 -0.03931246795616993 184 118 53
0.12795297214620552 0.422102702861294 0.42183443119740033 159 99 45
-0.0013606319999005124 0.406961645308556 0.3141354640629028 160 95 31
0.06242179136664458 0.8536782447543532 0.012465527566885166 253 181 113
0.5656086617670728 1.0484802878952828 0.3873913503218392 194 141 106
0.4277687175408924 1.240146048258475 -0.06291177130084406 236 156 74
0.021682296038276774 0.9481491509141053 -0.03142578989594236 227 153 90
0.7262121023716 0.31316515984888293 0.024187938591289204 234 158 82
0.11122692799932671 0.8437040391708225 -0.015925675240116306 206 143 63
0.022259447580718787 0.6942601730441111 0.4422602948232108 243 170 97
0.07837875676626738 0.9115820377054694 -0.08957599185535177 247 172 81
0.30379075398884586 0.8145539163949626 -0.17794732536413568 217 141 67
0.5736741430652146 0.6726953798316351 -0.023219131980387882 156 101 50
0.2675510980469689 1.6563308195305408 -0.07553275747713777 183 113 53
0.5664824893669665 -0.03368251963569144 0.176183298396563 164 134 99
0.619140697973511 0.640373852935551 0.043616727729920424 195 140 102
0.5320102440317246 1.302031757519159 -0.12229119613217672 253 187 129
0.1972937807156557 0.29425144157593985 -0.224073165387412 246 173 105
0.5856226170632588 0.6374333921033672 0.017085169312945358 193 141 102
0.004031428464812322 0.8515656115929494 0.113869119086328 189 130 62
0.00465560117468947 1.5216545876651721 0.6104542503958653 226 158 81
-0.06829072111337252 1.367776040629526 0.3287843692698831 243 163 86
0.19572133647626871 0.2983337286929927 -0.22895580552871947 253 179 109
0.009129670882659332 0.5349142810793736 -0.12491079223242026 197 125 66
0.3481952993086201 1.6526856194620514 -0.09485017213356772 230 164 103
0.5017445197825661 1.4473001654238982 0.6134250437843408 220 158 101
0.1705173743854443 0.03849921394533583 0.016050998270904147 148 84 23
0.3653110576368906 1.0140396914731589 -0.22328784857821168 252 189 122
0.05435717623725674 1.288834543730239 -0.005509594654707958 237 163 92
0.4503782835754691 1.2637409577567822 -0.11613724391496011 255 181 116
0.3129948374139288 1.4814413377689868 -0.1099232138537567 195 130 64
0.05894181199885349 0.9548544586134678 0.41521292519965064 252 172 100
0.3090559152661415 1.2884949211967063 -0.0741838718567541 191 124 53
0.0031641166017777507 -0.2183849166007183 0.2635430747426256 253 193 128
0.5813614565149856 1.148102844163528 0.06941059705482601 144 86 45
0.13824577616401199 0.30861384295025257 -0.11040946787998059 255 201 143
-0.03730789244829842 0.5071542988164713 -0.05526284389202139 99 49 1
0.14554289204069454 0.4693744489227557 0.46626117855927796 253 184 117
0.43107068445819985 0.723717253617312 -0.11898987503529285 196 127 52
0.13304853443738268 0.28074202285596145 -0.1814779301204479 233 159 86
0.2814136935134617 0.44193503238815574 0.4828120795115748 242 167 102
0.4915617145496861 1.6245482151627193 -0.1023202466817861 241 166 85
0.011862581552440797 1.2736840842500894 0.40347109492959865 254 253 251
0.1101365677521708 0.2748797632433906 -0.20492451018301305 255 189 123
0.06948328076639188 0.3542016051254654 0.38097425697352694 253 191 129
0.18228461737460766 -0.26019888574727157 -0.03653845254524414 205 140 82
0.1367232886626776 0.9260968867903268 0.45527018041611456 253 187 126
0.24128366448422128 0.2971105618997275 0.2797056307303078 144 95 54
0.1616624388409003 1.6856668137907747 0.2801334026055259 189 149 118
0.4873918387627041 1.572940565911655 -0.052850624947445975 192 124 64
-0.05086355025420686 -0.4921014049603201 -0.011735880674495 255 201 146
0.6274449161691169 1.0670452392195233 0.3371552879998256 255 254 245
0.09509013424152336 1.284315327034439 -0.023695915149250332 227 157 85
-0.056925628432549114 -0.35926797072446315 -0.1244127977832157 255 255 255
0.6585655736416294 1.2596066843423772 0.010472544589400947 210 140 65
-0.007044235725209147 -0.7459242691368363 -0.132466022172197 255 255 255
0.5553085601075956 1.2198879121237372 -0.013035925450470345 172 108 47
0.20122564592893688 1.2865290949007997 -0.07909523101592687 255 185 119
0.6302724287867515 1.1537662652137777 0.14582360385482587 205 152 108
0.0014976380209578265 1.25272398821168 0.28176464563125064 217 163 125
0.0697293444932167 1.3846121157680955 0.548005660330718 215 140 59
0.25119049448900244 -0.0006200334716750747 0.06512354380575594 152 90 41
0.11487465327480574 0.08583656954856886 0.4423870443953022 169 119 66
0.2054470205691872 1.3973833749772995 0.5790055232919449 225 155 89
0.16750982061772915 1.2819164770402 -0.069711024155286 230 156 82
0.2131744481212564 0.40781923670790543 0.4298538746074672 194 125 51
0.2664311909057807 0.7266800666210966 -0.08409240498410757 147 89 28
-0.08628553289028143 1.4026985307578759 0.22542576663180278 220 152 87
0.02177227645032294 1.234683221553524 0.14489662339843726 202 159 125
0.5236951684998524 -0.5734332940189083 -0.2109037024947817 208 181 160
0.1667829740194242 0.9269302642948762 0.43105659221039094 176 116 57
0.5628548721257806 1.1846666536896373 0.02425219371381508 168 107 53
-0.06808234306497542 0.5208975050076251 0.01826073272444156 255 255 255
0.42367832464365124 0.9571649759479273 0.4139324671088477 122 72 35
0.3493727323772975 0.7634784964494671 -0.14092385809031574 254 191 129
0.10481381418440114 0.26529225259000505 -0.15085631999825988 229 166 89
0.5633190143492481 0.972779580320698 0.37125576035557317 202 163 134
-0.03767283346355447 0.7913247296305314 0.21310505701138674 254 253 251
0.37677207858490563 1.630907447912709 -0.08531687243323859 235 163 93
0.5356516315712144 0.8123204278831248 0.513170345442006 255 201 137
-0.025334866585015735 -0.4794576067724865 -0.18924897200977542 255 255 255
0.40716287073135 -0.8191907846431468 -0.36524566097197014 236 166 106
0.43639929269495137 -0.8310939912368427 -0.36414152945229145 252 187 121
0.0582089046037695 0.568884355839872 0.4405438592012245 209 140 55
0.2255743921677976 0.9009657422833875 0.4772429588507722 254 254 252
0.07422779529652726 0.38827090784737334 0.3544920185468971 232 166 92
0.1777329754858304 -0.09332534096099215 0.06288993385875166 241 162 99
0.43295897484694695 1.6853552707301573 -0.10380380754557314 213 136 56
0.12723642359948378 1.7708852241083488 0.36975751286430314 189 138 92
-0.09051616139094242 0.556069410892483 0.06678507355998306 255 194 149
0.37368634510226484 -0.8783707651373791 -0.3743984076179054 247 176 110
0.5752477863612186 1.5446474469118858 0.025203028446766015 183 120 58
0.32378917494317144 0.9933032940213177 0.44536770736872217 244 177 122
0.13884467411983703 0.4280005607864858 0.43149735659157673 206 131 55
0.34219233902523005 1.635568979997158 -0.07740904711936378 255 180 94
0.3216835674506868 1.0462752008994385 -0.2293687655882458 236 166 98
0.022999672362168953 0.8600100637818746 0.27238654220790237 162 100 49
0.30792989764686884 -0.8768872410413938 -0.24368095366277734 254 225 198
0.3133226309585814 0.4258952119969359 0.43550602530064664 153 91 52
0.4186325560223433 1.2033153871777067 -0.05016093698773852 182 119 73
0.1808318978265788 1.3994308224074123 -0.1276239772528958 221 147 72
0.11160908031853474 -0.45016070175841255 -0.024527514625889795 255 255 255
0.005917362553631991 0.7122206182859131 0.41240747736654093 239 171 100
0.09565793285645324 0.40372593609325563 0.41544298984293804 207 135 61
0.21156936116565117 0.7339754465144648 -0.0764907573163983 146 101 44
-0.03444305626593011 0.6421233836908554 -0.03056670498714092 124 66 17
-0.03702573381407409 -0.006908304974669843 0.13198786975514126 200 146 102
0.2769730292883478 -0.013368398041025898 0.034746887619801305 255 218 181
0.1059068786811071 0.3788573484378853 0.36766188317673026 229 163 103
0.23383792124836303 1.3445001332781916 -0.15265511678631585 223 146 63
0.06959788847579318 0.7663122538680464 0.4826753716779797 162 103 37
0.4150697632715863 -0.8399740717441417 -0.3570217179719525 179 123 76
0.23472887884412233 1.3489524528227834 -0.14250149815479968 223 146 63
0.15225239511628205 1.3996320098490063 0.5913012728861438 254 180 111
0.46207500260713397 -0.044867583584073875 0.037684393111464466 214 155 123
0.058610534401959395 0.4059816365478084 0.36597347314549983 246 172 101
0.2750946716725409 1.3872099589016744 0.5797109385852103 208 145 94
0.5506326028045734 -0.050969840508324496 0.15877847246528246 255 255 255
0.1918165467122209 1.3522898496949076 -0.15564781941546366 255 210 161
0.2059870112310906 -0.06338840268554412 0.0354935331913787 205 135 73
0.10738560281501776 0.20844047685045833 -0.04545713196907272 184 132 89
0.22171445509814405 0.4113587291654619 0.4582910222666624 201 128 57
-0.05087075881272264 0.565619396376326 -0.015257240351327937 146 101 78
0.028770324306961907 0.8329125048434634 0.15539013172868252 249 211 162
0.5305462567915675 -0.0639613669412741 0.1872139555058402 255 255 255
-0.020849422819465974 -0.2992790262800404 -0.09963616108966432 142 85 30
0.39035548202825127 0.47633716329183834 0.4559905388064866 141 91 38
-0.04917874847900465 0.5436351937622701 -0.0325971204930448 164 116 84
0.15312886404654305 0.8309061915606275 -0.05878645045906138 248 176 104
0.18229517739485374 2.054052935141448 0.075299723591652 201 126 47
0.05963243229545975 0.8732716538240077 0.001976671551397629 200 138 65
0.46490923644968224 -0.6242941817827343 -0.3451439236343864 234 158 83
-0.07390510058731457 -0.4789510447660265 -0.14006549474650712 207 146 101
0.21643535841907846 1.3953617315724585 -0.15448624150509238 224 157 89
-0.07258352934169963 -0.5065294099100532 -0.1448675919658523 255 255 255
0.27476984914734237 0.9904825010682102 0.5153339298470054 246 169 110
0.5167683599389512 0.008897151047901699 -0.01050134684156583 188 128 71
0.1055891350294223 1.6731304619012153 0.3280181145091903 147 119 106
0.2802877553972248 0.2552870826715826 -0.242956538085014 226 153 67
0.1397859717979785 0.1893855284550242 -0.06836734625409298 205 162 120
0.15040503816121795 0.11400401053061737 0.4551480971073208 191 128 58
-0.042022417903350616 0.5605313883481893 -0.043110279406663524 62 25 1
0.37125092310558605 1.3933619075375847 0.49638959659836274 197 147 117
0.5833710842569395 0.358247124190825 -0.22276571138375978 222 152 77
0.21645723369292397 1.259801222341773 -0.07540087916595814 218 148 78
0.013755084808851159 0.7939146070239785 0.20772065256955116 167 136 118
0.5262792834100588 1.5680231864390166 -0.03881882722356991 206 140 90
0.3058897534507775 2.020283040033535 0.1772961858498939 150 82 19
0.10435468080131345 1.9002324289093802 -0.01154204877496182 236 168 98
0.4540898474394209 1.2762656703326223 -0.07064956863698243 230 153 73
0.3032173795900573 0.2249697267682998 -0.23500786362069462 255 187 120
0.022633591587191873 0.08955429587953034 0.3552714917262573 183 115 51
0.323674185088759 0.8440887118098154 -0.2104220012139082 245 171 94
0.3292599365350626 0.9853549758253982 -0.207810889839462 195 124 58
0.49917832764917885 0.6340428708905667 -0.0778141264743118 124 76 42
-0.10371489497055214 1.0553162431035763 0.06385046107781604 235 180 124
0.3137023296997362 0.9773085866058081 0.49359829017584317 236 167 108
0.4682077447134984 1.4368055303973704 0.6210578201124823 180 125 68
0.5538353815763299 0.5912562068791857 -0.002260378498640382 179 125 85
-0.07711504552061064 -0.33313202343056203 0.09189018957651063 255 195 118
0.5481595611218459 1.5218083540105645 -0.0236356970551978 53 37 22
0.3554883888617917 0.1694338926324816 0.525009743643846 206 141 61
-0.09481106452960919 -0.19717892514417848 0.14634319367638754 255 198 127
0.01963641865617835 0.7978666976872646 0.16283148357012497 227 185 160
0.025714934850812388 -0.2021566589009662 0.29875308059081046 192 142 75
0.5723642129053832 -0.6191852590308585 -0.21601509050256967 213 148 77
0.18109577628135345 -0.11534687745258713 0.43074066250752907 251 195 128
0.35257951159901574 -0.8488967847050771 -0.385273384028099 219 154 88
0.3693312304440965 -0.8488911431066715 -0.3688609572943393 176 119 55
0.4019852966112396 -0.8440282319281793 -0.3610851428556247 217 152 93
0.135010363931568 0.15741090986680162 0.46579899407249853 253 195 138
0.21925220397477765 0.2373449422455754 -0.20357255218003203 217 149 68
0.14091345153809764 0.12415033734349096 0.452317283312783 194 124 60
0.15096722186167813 -0.10474935353063321 0.4267409055875174 169 124 70
0.19879450549269378 0.3200721476690492 -0.2256086851487495 225 154 76
0.2915898637228445 0.13393560192806436 0.4774968206142375 246 188 118
0.19797483476219255 0.43149575516990313 0.45410576784902323 194 140 90
0.2296426204506708 0.6241313189899875 0.6036967876486757 250 184 107
0.6325930744598379 0.06508589660631367 0.011155162652389456 240 176 123
0.11247774534692548 0.7845706345168215 -0.01987465838814636 158 95 36
0.09782867847304057 1.08374196485035 0.5465406027663856 252 184 109
0.3231585037184842 0.8617627900076121 -0.1875998378448281 252 200 150
0.2553252413289215 1.1364204085085783 0.6790811487959453 222 151 71
0.011849943240406101 1.2541869882409618 0.21944418618440134 255 185 133
-0.04677280280553428 0.508008656688901 -0.038578687900972616 175 122 80
0.3670431377295702 0.6082706457278517 0.5464960371243189 230 159 83
0.05780364907725304 0.6218548065522876 0.4440116479709293 253 186 112
0.08839878587775833 -0.07342470307430903 0.4061088455968424 227 160 81
0.5101955880767498 0.729034815356385 -0.11947648942651223 255 183 113
0.01213505902976804 0.6993316603251021 0.4570798897537158 193 136 65
0.6224162278315565 1.3109134921633332 -0.07068807252988113 243 181 125
0.3914156537981376 0.2311877356700575 0.4465853588325265 253 211 171
-0.025590902782286054 1.2231477309114531 0.2611728804470878 162 127 102
0.0526868012192878 0.8279537176144871 0.25112020707924415 140 91 49
0.4228135054441543 1.1993558178106354 -0.033927706313441074 146 83 35
0.20062302770241341 0.8125261455242473 -0.12729217843454482 202 128 43
0.5506829451494777 1.5672751005422367 0.6632781288440318 253 203 143
0.1842358751321898 1.2234570359804433 0.015288878998542796 255 188 153
0.49303056826300845 1.5490200593932506 -0.07766107446147803 219 151 107
0.18878484746148172 0.012657167960678246 0.46135451677027073 216 150 76
0.3944167537375942 -0.8946190893032941 -0.3547947684276845 255 254 250
0.2517264716598677 0.05001815818846875 0.06477388186602093 119 59 0
0.3500734824924009 -0.8421749028736703 -0.37880167947112375 131 74 5
-0.0605039493702028 -0.52283801045116 -0.03783330776164255 169 112 44
0.3697298659815449 0.9858529518754183 0.4993157589103644 188 125 71
0.5480996116313757 -0.034534524408065155 0.07506220808685192 171 144 127
0.5491547335167761 0.7849945241294304 -0.136381951173553 253 201 152
0.41220710262289034 0.04690768160364613 -0.08974239952050855 217 147 93
0.47472135037690455 1.2611368617855605 -0.10005573776873196 177 118 58
0.2545062179572245 -0.9258197205458547 -0.23017771140518134 221 159 110
0.3299005270186191 0.3932724428648225 -0.2771827475966178 195 126 45
-0.023102795176589384 1.2213716548416071 0.36607422801769995 149 116 88
0.10028792473665353 1.7424965668019454 0.4565998028283941 255 252 247
-0.04615358097676392 0.5917810762915909 -0.03537937320143466 132 86 52
-0.0007365007361269035 1.2358139176969927 0.3080971630649048 115 70 33
0.4202165631189474 -0.809270266425315 -0.3515584223897755 253 203 158
0.18387247563187192 1.2753918593835811 0.1028343316011823 139 82 27
-0.033226580087150424 0.037761808122384305 0.27751419318715664 225 176 120
0.0075767978974046225 1.265036980788214 0.10348309243551873 159 93 41
0.046826468714966145 0.2635101343207718 -0.03216454249005443 191 128 68
0.4873557660993346 1.2758545177242462 -0.05510215181530324 202 135 70
0.3626808126135743 -0.14955823421852807 0.37354421016509626 189 144 103
0.693839558820975 1.6360349297035075 0.03741158707149114 218 149 80
0.13437235096085304 1.8087364683154497 0.09104625567838451 201 134 81
0.26515233062391236 1.7094314037743166 -0.050908305053237006 244 165 90
0.28476610932115887 1.2900485391028673 -0.09504665788446279 254 181 116
0.3965414685328279 -0.8810217038517658 -0.3604687820175616 160 129 97
0.4631575592173328 1.7011341696994735 -0.11201826012232055 248 176 92
0.2050789641178397 1.7971730762173528 -0.10721064323523816 205 135 50
0.1891766187253288 1.8715825225020442 -0.0614318880164795 164 97 8
-0.07189388504529673 1.4668101744649524 0.3794236728841074 203 132 50
0.04957683520726037 2.221873511924451 0.1835946088408134 165 106 46
-0.08335230258517692 -0.17658254969630147 0.08835559123476806 179 124 60
0.36944520102584466 0.5047736789780709 -0.27402426236712546 253 179 89
-0.027388781625389838 0.772932184213254 0.20579401990952145 185 151 123
0.4275711414349502 0.3896766841351236 0.3299666269860622 176 147 124
0.25650863458599227 0.776332810565993 -0.09296091474924607 255 208 163
0.41971334176296876 1.0100754734614437 0.4994444680292316 255 187 134
0.1968988024050519 0.7803036880763652 -0.09164001665376074 230 162 101
-0.004078585477413852 0.9196551842005459 0.2661067838101483 213 145 80
-0.08892257219379487 1.0344366947092802 0.1120889305090522 219 162 107
0.1372969551152374 1.244326807466203 0.5413330515121941 216 151 78
0.05588219614628484 1.3580571147383544 0.518349036416711 180 114 38
0.22018673575758527 1.3716178046563663 -0.13187872482707227 211 138 59
0.5906383174116154 1.578174718187616 -0.019790681686428564 191 122 59
0.24985143454707576 1.6873591912601182 0.12076767373152435 194 133 80
0.42381984079683255 1.7581351909396685 -0.11999277436041471 233 164 88
0.0017586035101012885 0.47829673459369265 -0.060295264951464034 224 174 139
0.21764367252837755 1.8478083720631402 -0.06465457855724777 219 151 80
0.7263671349724247 0.760785221421222 0.13022473105620652 255 198 140
0.23870617339768752 -0.8852259556637777 -0.22137800712585326 254 210 160
-0.07719132520442124 -0.3235391447126352 -0.002725521159462596 159 106 52
-0.07541924439224366 1.0590808734227801 0.3685998612310617 224 151 73
0.6430465664733053 1.148338891713408 0.16018291568676643 211 152 110
-0.08197404083142905 -0.23542870769544313 -0.03675488960539427 168 112 61
0.051293866425315644 1.2341712648504597 0.05729856243189521 163 109 62
0.02020069483336068 0.6843595255423941 -0.04365554620867164 127 61 11
0.18302686320684594 1.197548860624696 0.6598309616768451 218 151 80
0.03277453308094459 0.5309548654862476 -0.16002457356664887 171 104 45
0.14222843579494046 0.12781574196578968 0.4509654256924841 174 114 51
0.4750151148746322 1.0142689959081657 0.39733997180655284 142 94 64
0.2608756335783965 0.7646112279714263 -0.12306482783650483 253 207 161
0.17657124523498433 0.9400660028943388 0.45297360916676677 205 145 90
0.4722670986518508 1.245419597942049 -0.07117886417297126 179 115 54
0.18138998255520677 1.9234677933206725 -0.042578777592193064 217 148 70
-0.008758419603384299 -0.390789959060815 0.05349826612404792 211 148 84
0.428252385507667 0.2045008914324262 -0.28761105086963834 206 136 64
0.41339467693432913 -0.8351455206630356 -0.37073541213833666 168 107 60
0.14582562196888285 0.20050860099071452 -0.11106306559731988 172 118 73
0.19590094979090864 0.5950663431409468 -0.2070239988903645 183 121 47
0.5300109692201794 0.6928323761303667 -0.09033289487344759 170 104 52
0.054955359757547444 0.5040766881628277 -0.11271793110803893 237 175 124
0.6925504783840402 0.6564260206819802 0.1429187532466729 180 124 69
0.26727934677934684 1.2856196817236603 0.013756495160151705 250 179 115
0.21019570186477113 0.7245942959608691 -0.021020700845518447 141 89 36
-0.07933286404870966 1.037180620865512 0.2635204625124686 217 141 63
0.3881066316608489 0.7394956527874729 -0.1271330946665144 249 170 104
0.3307607435962382 -0.6771777442609805 -0.40125020770872016 223 152 69
0.08348390567280888 1.2596008060166393 -0.007503099537601657 121 77 36
0.5123923572313338 0.9766367594034194 -0.19352564469360903 255 192 121
0.23667541181623056 0.15346647593830046 0.021742794141390367 187 127 67
0.10888322543298795 1.8685912237377493 -0.021647717380023968 179 109 27
0.4498567559447974 1.5420999855951625 0.7313051750872174 215 150 68
0.08800727574187812 1.2924387884627917 -0.03874578072659812 229 158 80
0.40645028822371 -0.8412173705657952 -0.3570696008454003 154 103 48
0.024514585209257308 0.8170860051774139 0.26825415318980367 209 182 163
0.12835335833890865 0.07709702183806232 0.4402050459882714 255 202 137
0.07786439827730197 0.3509543009110674 0.31252138811532876 255 186 120
0.0737825148019727 0.2800974595071068 -0.13524121284649435 205 128 50
0.5563754177020942 1.464546342246076 0.6129057365903987 203 167 138
-0.006987110002355303 -0.5847741051397566 -0.0031293873238645658 194 136 62
0.430142879923926 2.0099884718097356 0.21091668010888878 164 93 13
0.22411983752764897 0.1369744057943045 -0.08819685804844893 181 140 106
0.02165855844605672 0.8865669101121608 0.014826087738655205 205 137 66
0.5155784010583855 0.40565268957176714 0.33423594500294335 189 171 161
0.10581215991111884 0.41616750000814134 0.4175096784360795 237 165 93
0.1270921495424522 0.6741118107802468 0.5106259298468994 255 199 132
0.15319000328426435 1.9151182126290933 -0.0370152037152986 207 137 65
0.1605830861276301 0.9229640724648123 0.43657302286322236 165 112 46
0.20762821967750303 0.14545163549721762 -0.06728494711924123 145 96 58
0.1717753653184412 0.2564724867029786 0.37051531898652285 157 113 79
0.16586592742126915 0.12186655361637966 0.4611096202429709 235 171 108
0.23027891970213354 0.9465730984222753 0.4726409592953689 205 144 88
-0.02975533581879746 -0.22887607970593524 0.23752428048498658 255 199 136
-0.011822115365892385 1.0710725978762154 0.11721188780497344 250 195 130
0.06982512573662206 0.9428333183575602 0.4286499851267644 200 133 58
0.2463921279845406 1.3734199079794729 -0.10536396714758729 240 156 76
0.38524532913832193 -0.8735336248492777 -0.3648261539964341 255 179 113
0.06299480702738978 0.34963910385427055 0.3346200294613885 255 185 113
-0.03586622454969368 0.37462854089699116 0.20478175564051446 228 150 76
0.082437123328184 0.42507346625326325 0.41012568334623406 237 168 96
0.12916325075004212 1.7471809865881904 0.4980915454532279 255 251 248
0.11132988139531795 1.6951793994310436 0.44538164017735493 122 96 78
0.035931119237833105 0.2945577016019087 -0.09738248669156825 253 189 120
0.15019355367284343 0.4559889005461604 0.45421901234953715 213 148 67
-0.08270357400662726 -0.24240383936446327 0.0010481803457302015 152 108 58
0.040469673173741755 0.3326505702951106 -0.12762990973005828 194 140 97
0.06374450354848457 0.8587715458318488 -0.024181241638389722 205 135 59
0.6832224002973692 0.12126599577937457 0.05106117507612876 249 183 122
-0.03249672444945358 1.294081058959313 0.18418536145080291 210 144 83
-0.046450974998678854 1.5390744824278728 0.4519805578008481 224 160 83
0.305325147792287 0.2580067025628287 -0.25371635762889627 255 200 143
0.006421696659493801 0.6311215095770735 0.42055849732068146 203 135 69
0.040400939659141315 0.3035940642903079 -0.10299454102036532 194 135 68
0.02441742009834099 -0.18897461676392474 0.2467749323100206 254 202 145
-0.029385000966922092 0.509818015943244 -0.05686596386872363 175 113 63
0.18931747355853845 -0.06597804196067532 0.08143553269501569 177 108 39
-0.03947728565851995 0.5432058625530968 -0.025094720671169943 82 40 13
-0.05502592705664504 -0.3061525978530253 -0.05064026530202119 176 119 59
0.10894713110349029 0.5733872573227464 -0.16917379226948318 255 191 124
-0.012763094017198674 0.3998610019643803 0.27918447235454175 246 174 103
0.202521585376603 0.7340926090461793 -0.03249349246063579 254 191 149
0.202521585376603 0.7340926090461793 -0.03249349246063579 254 191 149
0.032238824893994614 0.26141904641412383 -0.00798067502990261 255 181 114
0.698449387455376 0.8504389708535716 0.0050057256922803025 219 159 101
0.02877541342810685 0.3239370691295219 -0.10318521105175055 155 103 53
0.3887728385006347 0.4757924553560632 0.4582182888072448 139 79 16
0.7188886703288314 1.5139549071725482 0.16938737884955576 164 103 45
0.3527439084736949 1.2290217883514163 -0.04086925268859594 161 102 42
-0.0013419801172435963 0.5704836197903581 -0.11113167090135662 204 133 77
0.13322199356998107 1.011655211366257 0.5057024926761564 255 193 129
0.33408690634952687 -0.8405475841523109 -0.3588790502990024 255 187 117
0.40421095318059297 1.222131455103552 -0.09909533749987862 255 200 145
-0.042039668642943395 0.5928973614498924 -0.043937695413741575 111 65 32
0.24904274536956442 1.3242568929903447 -0.07221900876388229 209 141 67
0.20496302907130448 1.2693603922942571 -0.06394773360061014 208 145 76
0.20010468227458741 1.3250572115086847 0.5374333558552756 151 99 51
0.35585152794743075 1.2890474558361884 -0.11115080395441142 255 180 118
0.045457590406527706 0.2521574909987368 -0.023269579905096243 255 184 120
0.6785291908676603 1.6097854540991876 -0.05977930650474862 221 143 64
0.7068398511491685 1.4772310741145587 0.13430398938764682 202 141 96
0.07185398896152803 1.0284780096110042 0.4908540990075045 169 115 71
-0.00872732046912012 0.3500401950342682 -0.051992728778417784 255 206 168
0.3257514432658238 0.24619084861704624 -0.2557598899299825 255 188 113
0.1450440381544962 0.46952100027024934 0.4652706755665121 255 190 125
-0.11036194929911583 0.575377905556849 0.11579876131505272 223 185 149
-0.015292160312589407 -0.20313117900649952 -0.012322941056912385 184 120 58
-0.041844608606206514 0.5613502779074274 -0.04504973927425598 14 3 0
0.47179276599407094 1.0244513651838498 0.47731014119131165 162 106 57
0.433923748347025 0.7531360780511398 -0.14547415414036574 249 163 86
-0.08725765779606251 -0.10038045099736843 0.1446434136226841 175 121 61
0.35368402877299393 1.0617540679726925 0.5858669970458191 212 143 68
0.2057120711558631 0.8334056321191509 -0.18164895547000107 255 192 127
0.023867971893893405 0.8705303310957709 0.038047885623699686 255 192 136
-0.053570170041106965 -0.2770787017483254 -0.05582704763839957 198 136 75
0.3891036488058225 0.866081295901417 -0.19660351126883616 231 154 77
0.058758270051816774 0.9148130015280017 -0.06796858600874528 155 93 32
0.06082793582305288 0.4116127460196197 0.3870541735072909 231 165 97
0.2727931875913938 1.341190904003113 -0.2318371228659506 255 205 161
0.3671980856600661 -0.158179183134045 0.3004931398179416 194 146 106
-0.014616984750455657 0.3622899064941779 -0.0496189153743476 146 94 57
0.08670027685607644 0.3513393531426044 0.3329437396901758 218 144 76
0.07171484423561011 1.2943615705671987 0.4442661247013078 210 189 169
-0.013630927119148721 0.3187370889942648 0.13369762135846822 250 178 93
0.1159641021114496 0.383169693954893 0.3811276753399438 235 167 92
0.009636427404725768 0.6373368973998407 0.43519759428328053 216 155 100
0.3012954586985906 0.24380103703651163 -0.2312501943973763 216 145 65
0.29933305275886196 0.27780146121172644 -0.2534114714711259 226 156 78
0.4452254506295593 0.5003614695042344 -0.2451514277137922 253 181 99
0.3141131143467508 0.5151142496286704 -0.282479672846599 255 178 90
0.37056504237373994 0.5240890503851845 -0.2623235758408049 207 141 65
0.18210711947799224 0.5520382308895712 -0.22904405846545525 255 196 134
0.2838609275538968 0.703040792257334 -0.07067323917300072 156 95 38
0.037033814737664955 0.8549210524990795 0.02465213174950116 217 146 82
0.6761396461940977 0.7532378827190715 0.0060796991151455685 224 159 95
0.2076369869268012 0.15410915310115267 -0.049290622554824456 216 141 65
0.13192307085653554 1.473608681719099 0.6118134666900223 210 134 45
0.11162280102895489 0.9205493911115183 -0.11408870306792547 245 174 94
0.2512330653244934 1.5780955523877012 0.6984888919028805 208 139 62
-0.04240038261009845 1.3618978569343219 0.055332489690217944 215 157 84
0.22215389677203268 1.3293714220010737 -0.11168333347562137 255 212 163
0.36909068862024097 0.44225866473448866 0.42284567880944934 211 144 82
0.4296103607539113 1.6762317856097104 -0.1148634477773424 209 135 48
0.0890503876585028 1.3641519155916582 0.5278344765205162 253 252 244
0.5544059550443265 1.0396241036598681 0.3626722326347015 255 255 255
-0.02675210304258465 0.33880916825224355 -0.039352808430081224 217 160 93
0.18355917313267436 0.8241025976546781 -0.21443424486681506 238 165 83
0.10653040940390382 0.8325697685855417 -0.07212191485901505 248 175 96
0.06977463305906227 0.2234454155132748 -0.011358454614838776 242 170 88
0.21789351631865406 0.4220549379682353 0.4607376487199654 216 166 131
0.18836713150416584 0.44104719650434193 0.4680293096892595 173 130 96
0.023272091600229028 0.4722645540630795 0.44637175049207933 162 110 53
0.3638619309829347 1.623524758830051 -0.08295392615310788 254 178 99
0.250175534360456 1.806087605181067 -0.0818441129175994 209 132 45
0.2277887036229989 0.9246712891477555 0.4391741462429111 165 116 76
0.44554090101981125 -0.005235575430672147 -0.018075352315200757 203 141 85
0.5019442273545337 0.14538382619583784 -0.16895322946276592 229 154 76
0.18136367864063094 0.251239452413186 -0.19214816022617331 254 184 114
0.6569092628738818 0.5964281410516572 0.23452352046786282 202 145 102
0.2479948894754092 1.4030384995300558 0.5874753770474902 253 253 245
0.15121621559561838 1.527873554806944 0.633467512284504 185 127 64
0.49490272816763353 0.0024894635239260015 0.009710432753811244 216 152 99
0.16025003743784444 -0.39317425213541907 -0.03687198523416683 255 255 255
0.6134142086169228 1.2405384220573257 -0.0010592653733345573 215 162 118
0.34988156127620323 0.07082699238919211 -0.12872873813912522 226 153 78
0.21666176888803257 0.4364828116572398 0.45262005847115594 207 158 126
0.30308098928137606 0.24472524625930367 -0.22439204122838258 240 167 90
0.5960572092186143 0.5351490825922872 0.3615746879284099 145 116 86
0.5919479043694144 0.9769431465000138 0.3766334223839184 255 255 255
0.12934635064221808 0.8502908468213956 -0.10073372578027572 235 164 82
0.05995465293606745 0.9160466188988363 0.35977328978921724 169 104 38
0.6063318530600357 1.0371563224088698 0.28004823914111077 255 255 255
0.15665102636600522 1.2626816007106108 -0.05979113587562563 238 173 113
0.1337496109135654 0.9400086685166974 0.4151455053258872 145 87 32
0.13907036729383962 1.7067288752654362 0.3406392918752276 226 154 70
0.45675326611199657 1.0537933361456913 -0.1810289790469882 206 137 68
0.2227916910656547 1.8177379836153897 -0.06019228551355368 202 123 41
-0.06995650496627291 -0.3057541231408095 -0.07210602515541459 255 255 255
0.20359388477829066 0.26386298864240193 -0.2080233240641139 246 180 106
0.007632235800525122 -0.5863257608851412 -0.010505490443291663 255 255 255
0.5057118650519477 1.1901506876256807 -0.03693471932585937 225 151 77
-0.06961301661577132 -0.3886295534562649 0.06170849765763047 255 255 255
0.525162032506413 1.277623924305471 -0.09660988566028222 253 192 128
0.12782957341360426 -0.36560197442423104 0.005175492430824191 255 255 253
0.45246777028906143 1.4015118358812155 -0.16612628559433043 252 185 108
0.05904415337571706 1.3660432682654133 -0.07783832656630808 227 191 155
-0.031040930657589366 -0.1789438051815747 0.2782027178646687 200 132 71
-0.010077545369665866 0.28977042518916285 0.09527607552456327 252 182 97
0.07891819203223596 0.8901259817224666 -0.04173422535706117 247 174 85
0.6068875895853829 0.9786153077664351 -0.12624116327438759 254 255 251
-0.06865136828157127 0.40858805531900005 0.14954322270076242 172 103 36
0.022892128159832013 0.4130820494531251 0.38133441048874256 151 89 29
0.46352230328118044 1.2352811594912776 -0.08291021221081196 224 147 69
0.16179628885405756 -0.7875471794104971 -0.3796361719110999 255 255 255
0.07117107930582986 0.7293439213137592 0.4862735761924748 233 162 82
-0.07231277422920086 -0.1882111049437947 -0.02804912269468132 255 255 255
0.2669905392904088 0.7485589827133874 0.5800111601999717 253 255 252
0.12731633862756284 0.34610188181916685 -0.21953043576874867 252 183 105
0.25831857059230634 0.7601804117198098 0.5449977495548219 245 225 205
0.18905667484472657 0.8534972203776348 -0.16828151486377832 255 181 99
0.47967361911130274 0.9838182684709865 0.40683455762683474 255 255 255
0.6094254430935278 1.0621199453985228 0.32381982061235753 255 255 255
0.4157737124900355 1.2610845005218643 -0.0600083868323997 228 155 73
0.25727606490773236 1.1496310380292154 0.6889145177881263 254 253 249
-0.07455692690758917 1.3202405608592007 0.2453070852302397 128 75 31
0.12669029080548772 1.4089428748122308 -0.09815156112513822 147 91 40
0.028486373618322465 1.2679924872696047 0.04876834182972272 179 117 59
0.224292988484454 0.2586528122901285 -0.2240544723682781 155 113 72
0.4822681962571008 -0.620194026616642 -0.09266889681796503 197 138 76
0.21787488593981358 1.2769882819012581 -0.07362515101618484 255 182 111
0.5432728021406745 1.2714191398778987 -0.08111006263222623 214 148 83
0.5974518672428156 1.5298987524211285 0.3374084148677211 173 115 75
0.6377003459830735 1.5840359929592074 0.5904500988382596 255 255 255
0.5922396511174426 -0.015035741266806797 0.18625406575410072 194 152 110
-0.035861629456314735 -0.7342475213991728 -0.16287133171159826 153 95 40
0.5520083299712651 1.2134698893555265 -0.02004155648905996 167 107 55
-0.014255583535860756 0.4648504351030101 0.35527052005687193 133 82 34
-0.04517780339895094 1.3018326858145988 0.20080521042248756 220 148 76
0.2819727678836566 2.0833346988575605 0.060683112614215655 212 135 53
0.41792979326582136 0.7830311819834944 -0.17185867837606922 255 180 104
0.03408721063726239 0.8069832639028056 0.3046531380988423 189 154 133
0.590134512364693 1.1156083038855928 0.0031699426578918866 139 76 20
0.49080016982501407 0.10015855420661071 -0.1545145077867243 240 183 130
0.12293993367477775 2.068517404796361 0.3000188430339817 216 144 59
0.5937868987092756 1.7010378625920064 -0.10123672312252935 197 138 62
-0.0022465057110226117 1.2740928442640889 0.10620820273897837 241 167 104
0.2290229595035632 0.08769476792106265 0.47586692693427113 255 255 255
0.0960024920153034 0.13454881512662975 0.4373177653971727 227 156 80
0.14129155334088578 2.2667541175254957 0.23158272365841134 178 112 34
0.10422327963368128 0.2162151952387226 -0.041956288755187025 246 174 92
0.21939946623512416 0.6406799580728805 0.502396336418576 229 179 124
0.6229534956601697 0.208947015921182 -0.10946014615519341 253 211 166
0.24652703380421542 1.6809253938520157 -0.06141299850333846 255 185 133
0.14131941910676166 1.9098930896587671 -0.04030616264013269 164 103 23
0.49349676282206517 0.738636520053551 -0.12325095520251535 204 136 63
0.5680069829381169 0.07792781904324075 -0.07891049739436047 188 144 105
0.4204737742638592 1.2054135277848483 -0.019982457755016593 134 77 23
-0.0817640764000369 1.0671349176775953 0.2211429197983409 212 147 81
0.01038408542493172 0.40190863061948806 0.3193320674987278 201 133 56
0.36686162649915954 1.5950307145909204 0.24335675489760084 122 71 24
0.0010755058304436297 1.283878845143957 0.09571299765428215 187 121 51
0.7842605706690926 1.5620200423954542 0.23991853191254606 215 141 60
0.07900748096036207 2.107282370971691 0.23553909728590366 211 132 40
0.1290996849838781 1.9122738400568402 -0.03446396532091001 224 152 76
0.2230307350864248 -0.03664550675505727 0.040826116361996914 190 121 61
0.502015945574479 0.04296184037605224 -0.0632148358365208 192 136 88
0.3952064505274377 0.057309672350239746 -0.0980040762728407 163 101 33
0.516558438583135 0.13240037291360826 -0.16694944679818385 243 181 131
-0.07392809693212374 1.0721926687879644 0.15742466254034168 235 171 107
0.6601478745056268 1.2061430249186462 0.054339715907262054 183 143 107
0.17701630081463932 -0.12300695869772726 0.3748879654942542 255 203 145
0.13431462720589576 1.2607046243742097 0.003427083624663786 218 154 82
0.020714265161574104 0.09768549982372597 0.307047005755803 235 164 111
0.6409215460597398 1.6164093321074764 -0.14358894776162132 255 199 136
0.5444000718017642 1.3327264124050113 -0.1255409142119617 250 176 108
0.1445502644342982 1.504310784692925 0.6572102722134047 220 140 43
0.44957475059441904 1.7278635721344973 -0.12440940966688653 192 132 60
0.1484330001429753 1.7662246766552618 -0.07121772539441182 251 180 102
-0.1077863500845219 1.0903205218204908 0.4422872678001566 253 185 122
0.3501950377618916 -0.8480207960723272 -0.37830647806143297 178 120 47
0.20641729563726607 -0.078657833940096 0.010031149731743938 174 109 51
-0.056410682869450585 -0.0150350790937726 0.2052229439492986 207 152 105
0.21612162505174276 0.038727529502329425 0.08035150137801723 149 84 28
0.11558715965560702 0.28562666414618626 -0.11999963443877935 246 190 129
0.4915466591652786 0.6879055735585909 -0.09563587452727361 208 150 101
0.015578629691274323 0.8235345868534133 0.18284242678634843 169 126 89
0.3163429469388083 -0.10057032869918373 0.4534834333545804 251 180 118
0.02061801421084984 0.857989346188874 0.26592760987102465 201 145 95
0.5641005983658154 1.2725922978051798 -0.07221772342418867 244 174 112
-0.028938213649586868 -0.5599367221901398 -0.20382982507997283 160 96 48
-0.0648193786895367 -0.3485343045702665 -0.1190049039869616 157 100 55
0.43800275010634576 -0.9049114970372636 -0.06380819309374021 220 165 110
0.47762413090331723 0.6346979798062323 -0.10466010674658248 184 133 90
0.33547973482515414 0.7690174769274909 -0.1463039896054592 231 156 86
0.502736545589733 1.2181224652396752 -0.05841696807630705 203 144 95
0.4628138269919423 0.018091435789248555 -0.0546126529670626 171 126 84
0.08462656286517678 0.3488303223588559 -0.17449502594445102 226 149 71
0.1384871785148776 0.7814488186753228 -0.08680978503249946 251 186 130
-0.019426474782974587 1.0455214591191397 -0.002580149776049916 254 220 184
0.2928091572859371 1.2745684711983822 -0.12382116393154685 197 128 61
0.2834122690662796 1.0342901967134335 -0.21795837297692672 255 187 112
0.46997215665613146 0.9924936949679553 0.416974655182241 188 145 112
-0.0441379976947702 0.5381965362182493 -0.036926985779508995 158 107 79
-0.043187165074344454 0.5504093193575899 -0.033333986184280746 136 91 70
0.2147267072075688 0.7670609384468792 -0.0826378537104257 174 114 54
0.35593548480230386 1.6356894271181512 -0.08231134852910957 255 180 123
0.421804751090998 1.4000820994978551 0.486564558989025 200 149 114
0.2736379494503462 -0.1366455626902869 0.057787457828919225 168 152 136
-0.029260188694198233 0.4781798664998772 -0.07228621577408736 211 138 87
-0.018664653137811543 -0.48366407583060267 -0.027453404350701066 255 195 125
-0.043722512694293406 0.5912275772807396 -0.043460249362827955 114 75 51
0.03760331755583752 0.6925794619918922 -0.0626158467739178 155 92 49
0.04770300521590721 0.824098517639121 0.04519993268351906 252 195 134
0.4276424872040349 0.04138648695267107 -0.06643241404113778 217 150 105
0.008383153032652337 -0.20475048024531645 0.28040201058555236 223 160 91
0.05843466948897543 -0.17688416982894184 0.33162832563576156 255 187 112
0.12361548947673949 -0.1778844443187501 0.3698529969612497 255 187 118
0.0789238958260318 0.8401970146048459 -0.008685486470392722 255 184 118
0.1761517985214108 1.254835043068293 -0.02732485853634512 222 150 86
0.28640673397938105 1.293187060254268 -0.07703142040344207 255 188 125
0.25314290626983266 1.5004337985648035 -0.1207357395041364 187 116 54
0.2527322752040624 -0.08212474419843367 0.04463579395159966 197 136 92
0.5552704688192087 0.13231335081513473 -0.14035041694819408 207 149 101
0.07348497032189819 0.2583250145011606 -0.11531208071264404 255 202 151
0.2158818457814701 0.444040992842594 0.4662508791298436 255 182 107
-0.0794175558952865 0.4081422593696609 0.13204732526919336 159 108 78
-0.04142608651624232 0.5004142554207838 -0.033577951842390416 198 136 94
0.04850791931669612 0.9176922993317506 -0.04868697381944957 171 107 36
0.38527933432060935 0.727045171299846 0.5770057864978785 255 202 132
0.01927029104532428 0.9483940609124037 -0.034017564854740195 222 143 74
0.04666774967575466 1.0321445009025723 -0.08014057443284787 202 131 49
0.013085250392542911 1.0541231898969907 -0.05169397559857776 255 198 143
-0.08879657921633469 1.0889069843173456 0.14560502668058806 188 140 80
-0.01901415489838206 1.1972307265474584 0.25958050807451344 194 147 102
0.6190279091902254 1.2942606047629621 -0.061169424561844744 255 193 142
-0.010564694923444634 1.3134488424098891 0.38902486900621913 202 162 120
0.22937698356761155 1.3869992368912178 -0.14949105514944025 255 192 130
0.29662526224089714 1.0104432904050946 0.5298877703236273 223 154 89
0.11664644143518582 1.8554788470399313 0.4636837768635379 223 179 146
0.008342261430843914 -0.46375275853476927 -0.21436264480670594 177 111 51
-0.007663830274278969 -0.4615155036484669 -0.2021538468787562 115 55 3
0.17452988592072846 -0.05839070924336779 -0.01078533261381514 199 128 61
0.0077882290743169135 1.3169132674312267 0.38794486083753793 250 173 121
-0.06621973991956036 -0.038857093929705926 0.23184277886092264 181 139 101
0.44608930059226315 0.03350195876453615 -0.0716565887925822 182 121 64
0.525606998051706 0.18898910331276833 -0.2085553812245957 214 150 84
0.16787990190518182 0.20457396146664986 -0.18033401948221747 237 158 86
0.022510857032693392 1.3650504008291389 0.45918392572126304 253 182 116
0.12428377192084814 0.21532072117635132 -0.10734024571989971 171 112 46
0.09288947313127693 1.3587250026586981 0.5047581004356083 245 168 114
0.026760176558496322 1.3583699964664229 0.4867753819225112 204 138 82
0.28743531033412395 1.3852156579811565 0.5798343556422824 160 101 48
0.06195366754982148 0.8577744168433438 -0.02600079583316156 200 131 56
0.5505191940811248 1.3068168795981212 -0.10315009097226803 250 180 111
0.5064446861517438 1.7606549910256089 -0.07274597777139595 211 155 98
0.03400706937466737 -0.4822872086530365 -0.25352458373352144 171 108 31
-0.07152745851460315 -0.30611084833852575 -0.07360472506393687 158 97 42
-0.050226437500903984 -0.5123356018001397 -0.025087951446855775 253 205 141
-0.08342899469043627 -0.2669357860324752 -0.11694712759076567 251 208 159
0.20316704456614093 0.19585907411829925 -0.1820419200964908 207 134 57
-0.012015594992920273 0.35301179993877535 -0.04703293990518481 162 91 22
-0.07025510406661896 0.49573213170082997 -0.026003094813379892 170 104 52
-0.011392034030350938 0.509782356148479 -0.11339974506336908 162 102 50
-0.040915542841394516 0.5600148910781564 -0.04643081524132422 31 1 0
0.010634142882755155 -0.20495752214753818 0.2952774406239009 255 199 131
0.041147407643017705 0.6790265194387068 -0.07190956728450368 119 60 13
0.001473363889675278 0.8697811322523019 0.1159272612811572 195 135 72
0.02465848003345822 0.9310210288441227 -0.018416965575918796 181 111 48
0.21213309533079058 1.0852546513536936 -0.16960205286658012 193 124 47
-0.05172628615714778 -0.482073843734555 -0.16566753795532477 104 60 35
0.26017844665274226 0.11338179085577178 0.00249308906499654 177 111 59
0.16357391253072825 0.15006020036931364 0.46998083569104443 201 138 65
0.34706547728041726 0.7372355205902289 -0.12407033533406892 181 107 42
0.327774421015509 0.16819178115570602 0.5130187093718174 246 176 99
0.44932424210540906 0.909713168766112 -0.22629220913404613 237 153 63
0.5381971849617742 0.20927905349861345 0.4624190035395599 187 133 61
-0.027233630825287417 1.2659929863248331 0.2173652891356742 193 133 80
0.30407485520154565 0.21245703521990636 0.47243684214517884 255 206 150
0.2829938233795757 1.402104446985285 -0.1647635058636412 251 174 101
0.3898684374411869 1.6079174689996458 -0.14447452850503129 246 175 111
0.03658843953151196 0.4039674149632629 0.3475069179517744 255 183 106
0.21439758939530512 0.43294511314709155 0.46124125067825084 202 135 63
-0.07186733553181966 -0.23952759711355273 -0.025644554616600652 151 97 40
0.13295258426690446 0.4361109476426861 0.444224806773346 253 178 106
0.015122667587831758 0.45662813107556505 0.3419741998357254 255 194 126
0.3986832839357327 0.46606853546923427 0.44219049265835936 197 138 82
0.0763047843199919 0.4767890813716061 -0.20634546400459283 231 163 82
0.5519088564734105 0.5558378075525175 -0.09729982076192349 213 152 92
-0.01102564796989399 0.47459863249184997 0.370092129066115 255 177 96
0.6262658713543856 0.7218895126530627 0.4573927764856753 194 148 90
0.026489510101276183 -0.553200390155979 -0.22314267945657415 217 153 88
0.6046758567936052 1.5996305865879559 -0.04406779028091984 171 116 65
0.23730287616772103 0.7665082597847251 -0.09403718884629819 93 61 30
-0.025996027896076766 -0.6940737186840861 -0.30460496107566265 255 198 142
0.687993457321591 1.2932709765611703 0.013920162145993344 254 183 122
0.5086104580553689 0.9947693241737453 0.3948243284794334 216 170 136
0.2510671371615226 0.040351785284523045 0.06317916193662106 128 63 5
0.3132114936701319 0.9918383253105995 0.5013621917090254 182 126 66
0.24730998734475856 0.09773554510830677 0.06525515426228153 132 69 17
0.25414559300253636 0.06261754916053044 0.05785607396963423 206 135 69
0.25724800058442365 1.191328328541373 0.655048572935377 208 158 92
0.25234510319982256 0.10289703078775646 0.06058530547993873 221 152 95
-0.040775020433561224 0.32551999753435296 0.10052420070066909 246 192 144
-0.037980536116887786 1.2024478698288654 0.2656249673443946 219 174 143
-0.005949200310798623 1.4288254787514607 0.49469059004426436 255 186 118
-0.03757139509831923 1.4693224897276482 0.4437743209097352 212 145 68
0.44403532271938295 -0.8967303521736394 -0.03717100463613527 153 113 75
0.42986048718271963 -0.7152247651619402 -0.11625471313468651 255 218 172
0.23852825008008427 0.038387675809351526 0.06396481174103677 191 127 79
0.20148408761289843 0.15445069300584788 0.11940260735010866 138 92 40
-0.05298560577804948 -0.5092458850657526 0.04233087882427479 254 203 149
0.10690881773510902 0.8012755948462047 0.20868369545348112 253 201 153
0.15988246190899977 -0.24050134998181813 0.249209374552031 156 117 68
-0.06995017072386403 0.9870690097722008 0.0869508668169651 255 184 117
0.08172062939609924 -0.22684571445195165 0.3242506345873051 220 148 79
-0.062387104815256306 -0.20619246034389688 0.23304769447992602 255 188 117
0.4195498807898131 -0.5551535896843663 -0.2809863323037196 255 230 209
0.42524198497889265 -0.03232177944416247 -0.0038588832559244956 167 109 72
0.4651062938538011 -0.00010744427866520717 -0.027594604400903448 215 162 119
0.18891684804637965 0.02437591747858477 0.45887643248424936 209 145 71
0.0873792768437744 0.13456465744878993 0.09742075180759109 121 80 52
0.5796195733545673 0.22567367398273275 0.436872087313502 255 212 153
0.49010315117583103 0.05884127406775477 -0.09470885595821167 197 139 99
0.4805037204996688 0.08289980118403946 -0.13115951501381673 194 141 96
0.24258910682940865 0.167060960736196 -0.14968981394628944 242 161 91
-0.08127938614551655 0.4247278171064259 0.15652781707065605 226 149 92
0.3436706345331361 0.42784804926694103 0.39361432968585547 167 116 73
0.5427489692400455 0.5949610502129514 0.4791584028976199 252 190 128
0.3677123110207813 1.003466859081001 0.5062576370138823 174 114 53
-0.039450613900800104 1.4454402982956658 0.04247473683692477 255 203 141
0.22771964309650453 1.0067291995382164 0.528899893165834 251 179 104
0.5625083842732016 0.044811202251244214 -0.0390043812041802 168 127 97
0.4490471149287057 0.08107171935248439 -0.14421923666691258 227 163 117
0.42499752858085865 1.2685830398649451 0.556080873827862 255 223 172
0.01944813335165635 0.6852388832971374 -0.04460174475000826 122 60 14
0.42499752858085865 1.2685830398649451 0.556080873827862 255 223 172
0.49624551915711257 1.2583336377130632 -0.09562081602939394 231 156 88
0.022997126603939377 1.2212214727749875 0.34721173711251163 204 156 114
0.5719389197225606 1.5147001056772833 -0.005861181342507934 144 88 41
0.00822242798651979 -0.3866206581185388 -0.17828230977530812 114 52 0
-0.07101158947656898 -0.23791785392841883 0.0634230791111351 255 217 167
0.28052430123532 -0.8935356809269948 -0.05650960268449969 255 202 145
-0.07114524441579372 -0.5545979745289673 0.006955050186953296 252 200 142
-0.05188439158904347 -0.5306950248139917 -0.023556358641812606 255 201 138
-0.040214066221546114 -0.3603288560943642 0.09435384614943093 223 152 71
-0.0645534936333285 -0.2435847958687995 0.20948321366458264 255 193 129
0.23677705073766128 1.4344379359395307 -0.14847391945122265 201 137 69
0.02437125678093948 -0.17035149715393724 0.3109919338687728 255 212 166
0.3439386887040907 0.038426555259042296 0.029567461840155813 214 141 86
0.08113656594517477 0.5169331410607232 -0.20077005412772583 212 137 56
0.5602304050005821 0.1932807641179065 0.4457528575965263 239 192 140
0.44654675956663853 0.7341056367162407 -0.11513468719474837 187 118 49
0.06460196746417517 0.27504455698466773 0.14335355340070774 193 136 83
0.4104239705425148 0.7191566124889218 0.7115704190148657 254 202 143
0.00538206050681046 1.2508939678307012 0.10985925332474167 171 106 48
-0.016195701516846128 1.2871704409480649 0.15772706168106349 186 124 64
-0.022189063753158433 1.3935620190413665 0.1179457321950069 251 203 138
0.273474134966337 0.9711809811674913 0.5260999842826811 184 124 64
0.3429842184156131 1.0001770008386694 0.5141437174080092 241 168 105
0.09927804229616675 1.1169719783323673 0.6473779302976065 254 197 126
0.1120662018055402 0.21469661079209867 0.11279851551704564 148 91 38
0.5126611509290868 1.156297460130029 0.07458057720178207 196 127 54
0.28016264736018076 1.4402645193119703 0.6516567429382625 169 107 32
0.515591688391189 1.5023889261120549 0.6563815300648653 201 139 66
0.18700423829160978 1.9408623389535022 -0.01623827758248909 225 156 81
0.2881458579539891 1.4501477452428087 0.6631199364350384 233 169 107
0.31175279441894993 1.5223990933556255 0.6595866408945587 255 220 176
-0.1042647959123439 -0.18615651075662618 -0.09922117666856328 242 189 141
0.4315816248995854 1.636226123250395 0.6185485948359284 251 241 216
0.2687765887138414 1.671509438601989 0.09330663310946496 171 111 48
0.09978577052570217 2.001268873877164 -0.00479435536388042 224 157 86
0.303693555826234 -0.6136731742360477 -0.3163445987457921 240 166 93
-0.08340319034283274 -0.5190121090319201 -0.02695454043061846 255 214 174
0.15342457847377508 -0.146025089399513 0.3536637917465042 254 198 137
0.45799574539140436 1.613144043600656 -0.0786582675766548 198 126 57
0.18651262838271704 0.21533362419426125 0.45913957047179554 156 92 26
-0.013924561024960846 0.44725281566599245 0.32179316089788235 255 200 143
-0.027535434380947486 0.4435758240827492 -0.05885213996892178 140 89 36
0.15913351425640448 1.2455667263194063 -0.017533602546371832 213 142 84
0.4829577610817487 0.42915307328592867 0.17357633348438878 152 113 87
0.4829577610817487 0.42915307328592867 0.17357633348438878 152 113 87
0.28337449990747254 0.40642853934750417 0.4258189245101492 178 118 66
0.5166231030283436 0.5054977223276548 0.3266687601549767 202 151 98
0.029634324403369654 0.8512765703612725 0.06220660073371262 208 141 73
0.13956203355222288 1.2836350174042428 -0.04831415533757048 227 155 85
0.5599201332465071 1.8729960494030677 0.4835481082429668 200 150 98
0.5085688825897275 0.6730505149839012 -0.0813044114972514 160 106 60
0.4118291840571232 0.6520009631470441 0.5457769299561481 231 165 89
-0.020267949205309402 0.7268109662420127 0.3345362932092681 186 122 50
0.38137507608200727 1.1027296624954421 0.6348901487769639 234 165 91
-0.06449873010767515 1.3563198183861698 0.33847300871362224 244 170 97
-0.08008152307028427 -0.2938871675635188 0.15140895070431878 248 181 113
-0.08731202267186805 0.43318514809183273 0.16745403182534904 191 141 95
-0.07009675817984476 1.0631415282237364 0.40610116569545773 243 166 87
0.3345793672351072 1.2823340318936478 0.6074914231090227 172 111 25
0.07132665718678255 1.5909426657055752 0.605542615465463 157 95 36
0.6229934597870846 0.8897932800490037 0.41525472968425997 201 157 123
0.22094224732662607 1.0240847799183326 0.5533138492703911 244 171 96
-0.06161890455462907 -0.4764728790875681 -0.12251654618098323 215 148 77
-0.08325930898365509 -0.2972457929374912 0.02258110249612396 245 179 100
-0.08164361964675856 -0.1425946075636156 0.026063295316456497 255 215 173
0.10503242174183514 -0.1359480401076092 0.4126552142402096 253 190 122
0.07297007005976572 1.0290308940064277 0.50141750314239 153 98 25
0.08020020459759192 0.9536272173322774 -0.08244629355358868 203 121 46
0.601977661411152 0.4748406951070488 0.25674916013938837 169 169 168
-0.0035611239188388637 1.0901478936532822 0.4086801961462902 206 143 76
-0.09602386985326879 1.389660661747705 0.33194526961916915 208 132 51
0.18328243514066542 1.85935540925739 -0.061591949217443674 178 113 41
0.2618090344335423 0.7364070996146164 -0.08436792661602206 253 194 144
0.10428648723376496 1.3631736082283785 0.5426243348480089 244 169 103
0.24936111886352388 0.06522511448168472 0.0629564318987503 122 60 2
