# SERPENTE remesh 18000
v 0.15305145699492217 -0.36182785648356575 -0.16164220136502261
v 0.09015767113365393 -0.81563659058121141 -0.24294755459931794
v 0.0095956135884521024 -0.52912970777036128 -0.0048870102102148713
v 0.028376637440496833 1.466026813840519 0.54279960745632116
v 0.035539638251066208 0.59677505493164062 -0.13344387710094452
v 0.57623374462127686 1.271061897277832 -0.074849739670753479
v 0.26945534348487854 1.6962748765945435 -0.068780630826950073
v 0.36540937423706055 1.6336003541946411 -0.079351700842380524
v 0.48948443491286014 1.4202155185404215 0.57181902549283725
v 0.60439950227737427 0.46936038136482239 0.17671249806880951
v 0.3619017779123348 -0.1522823495135936 0.32661569925107514
v 0.45022305846214294 -0.12370318919420242 0.14066268503665924
v 0.50054225794452556 -0.89604985139593651 -0.080753239851468511
v 0.55240565538406372 -0.61993259191513062 -0.10244736820459366
v 0.63363438844680786 0.072948351502418518 -0.036517448723316193
v 0.57253354787826538 0.60911375284194946 0.033956211060285568
v 0.59586650607341829 0.51216367518213901 -0.16727776631213676
v 0.26358556685410217 0.31578898107550246 -0.25526752644827977
v 0.56616351198711501 0.15820444796255662 -0.14729867772967786
v 0.4396168325397713 -0.59557427665028473 -0.35021424098133624
v 0.040605715719246586 -0.69195973741317696 -0.29724817112159163
v 0.070626422762870789 -0.82390201091766357 -0.2333863377571106
v 0.042782562560201326 -0.84007823863316999 -0.18811978802135312
v -0.031638409776437136 -0.72621749254662238 -0.20266522010949786
v -0.046927684137348429 -0.68530914350328209 -0.19275545850398562
v -0.041798043365901573 -0.69968537266396569 -0.14035843119060162
v -0.056125309318304062 -0.67981582880020142 -0.14921042323112488
v -0.074736260981717428 -0.60061209366763924 -0.14731678898588377
v -0.081257869148283354 -0.62949847175544316 -0.14237096206837316
v -0.046796964098330965 -0.68466387177747945 -0.17394008461496216
v 0.055372189730405807 -0.5042874813079834 -0.26862099766731262
v 0.050065558403730392 -0.64084506034851074 -0.30214262008666992
v -0.010291750799344558 -0.6533240907149882 -0.24862804368564639
v 0.028465189134393255 -0.55853366814366023 -0.25875551561757787
v -0.0053925942875643488 -0.46880923065920854 -0.2073106604546455
v 0.077803269028663635 0.38726642727851868 -0.18489229679107666
v 0.034770018645409816 0.41648240684781979 -0.15240398733067648
v 0.054506624955337687 0.30604854971599038 -0.14144747662524768
v 0.0050452100113034248 -0.40324455499649048 -0.18309114873409271
v 0.074187122285366058 -0.38260924816131592 -0.19777089357376099
v 0.044826734786421504 -0.37336558936643433 -0.19483012233961539
v 0.082322692718383786 -0.40298504428929649 -0.19699135571451579
v 0.02864502344786669 -0.46247680223095344 -0.23327963328113394
v 0.020487916067425459 -0.51377146493687142 -0.24789917115590104
v 0.15050357182350599 0.36897402052887018 -0.21817477345072295
v 0.21167070695077297 0.38119676769690708 -0.24489843845939238
v 0.21648376578983439 0.3109238665810336 -0.23029841414285088
v 0.21203256196018344 -0.34533005312790227 -0.13375152531387799
v 0.21585923433303833 -0.62558436393737793 -0.35592165589332581
v 0.27294719219207764 -0.57761800289154053 -0.35225021839141846
v 0.19591830494756293 -0.83263106912322604 -0.32481149620469318
v 0.14436093274359546 -0.74345190446392051 -0.37497999395197895
v 0.12563472986221313 -0.69028246402740479 -0.35881397128105164
v 0.16379992916691474 -0.53125425867705289 -0.31132753650247702
v 0.07258365804394433 -0.49748946328042748 -0.26856162192710065
v 0.12354432763304603 -0.52834403277406661 -0.29896796769285566
v 0.10393335670232773 -0.85075682401657104 -0.22205270826816559
v 0.16156037344185301 -0.63727558133714846 -0.37294292687298197
v 0.15113392479645779 -0.48647588875987657 -0.27387871033574362
v 0.20122739672660828 -0.55919390916824341 -0.094396792352199554
v 0.23101352155208588 -1.0279500484466553 -0.29801300168037415
v 0.18500294372037968 -0.89317840974091467 -0.26658325467033156
v 0.16547971032678946 -0.52177869850017722 -0.30856239612460845
v 0.24587610363960266 -0.51062607765197754 -0.27116847038269043
v 0.13344264603220807 -0.50160714457974198 -0.2865940668268841
v 0.25369572782769284 -0.52426214794087955 -0.15313295723200065
v 0.15959958877772584 -0.5115045955734524 -0.039976920836880037
v 0.19725189855039404 -0.53256600419031108 -0.069425583364003188
v 0.21068954467773438 -0.61711692810058594 -0.087242469191551208
v 0.41635392333887683 -0.63596282870349885 -0.36051206632645366
v -0.034918004084261801 -0.52591664382848646 -0.0095377850284128016
v 0.076295398655392033 -0.56515673956875223 -0.028893600331743853
v 0.038664772158504099 -0.77003844784260322 -0.044152083713029137
v 0.066407480442724556 -0.80516832908997282 -0.019040793338757116
v 0.087913603425801248 -0.79983732447782652 -0.0063613061804059234
v 0.14301145984111249 -0.86005331225230941 -0.031296664091326275
v 0.16615389287471771 -0.88040620088577271 -0.041981641203165054
v 0.16357581696743706 -0.89048235943071541 -0.10564626128749603
v 0.24706104954719715 -0.81436410783287771 0.047499836795551149
v 0.16127166174987645 -0.60671215314299853 0.0040715092720660226
v 0.19820066570209297 -0.41261659085326879 -0.1350072909704664
v 0.20654939669494052 -0.26445085759414078 -0.082948970519553661
v 0.18801486492156982 -0.20130704343318939 -0.040669471025466919
v 0.11022416124288614 0.21214274435352795 -0.065217069508290856
v 0.068305468989348209 -0.097544445301549085 -0.019765334517359946
v 0.11706066818337367 0.22600284224654182 -0.12609650483622867
v 0.038691119023736717 0.35284175990036926 -0.13637245368584591
v 0.075565203027039562 -0.24229807547744042 -0.10704203450949797
v 0.14622247219085693 -0.43333017826080322 -0.060803450644016266
v 0.0066926854447973026 -0.16043342425060908 -0.030235354800727518
v -0.0051466469212285886 0.35260405654015919 -0.075450799695451848
v 0.0088531308284988727 0.36220084779723744 -0.080658763887807558
v 0.024216177505992049 0.29858566516912244 -0.078096005834180166
v 0.011906975845982272 0.38054951144524252 -0.1102262759909393
v -0.011865719436434224 0.50849480105329004 -0.094690776450173889
v -0.015560214873403311 0.3736361563205719 -0.067622888833284378
v -0.05732760950922966 0.41765817999839783 -0.0015644599916413426
v -0.078134084141546586 -0.32570095632831259 -0.065616129295247655
v -0.080493412911891937 -0.35174453258514404 -0.070201806724071503
v -0.067349297967478516 -0.21562521606691995 -0.0036971319586131344
v -0.10554929774584353 -0.41596875803107064 -0.035948712042681262
v -0.072128973244355701 -0.50892293387041077 -0.049470867083968854
v -0.10638632347904702 -0.38541758150118688 0.00047775547043609119
v -0.092685031019608191 -0.42302792071036283 -0.014130216659752446
v 0.48260283470153809 0.47973766922950745 -0.26234111189842224
v -0.091737306023795678 -0.35473015140476111 -0.046295616396334303
v -0.10850846022367477 -0.3769061267375946 -0.024210600182414055
v -0.092275448571575117 -0.44881087499684913 -0.090648549275622547
v -0.041003022314586322 -0.68795983406156358 -0.092934582588693068
v -0.035450787254139367 -0.71428753706286807 -0.12722427891386981
v -0.00034119238076341042 -0.69008289561580727 -0.045691150938470738
v 0.0067251131052125041 -0.57634621289934962 -0.0035282048561882618
v 0.0010050465559689711 -0.63077170580064124 -0.020154849930532234
v 0.0078897887152893746 -0.43031878149946851 0.02744181728147857
v -0.019567670300602913 -0.54045587778091431 -0.01419708039611578
v -0.073284149169921875 -0.52954632043838501 -0.052082289010286331
v -0.10142399413812724 -0.28999601355097698 0.020955717811437992
v -0.096512301506998646 -0.33208816827191062 0.056126585506437281
v -0.10280019453464509 -0.25679862900765488 0.092444857322383958
v -0.095355591187043925 -0.20886046747010009 0.14483149069356382
v -0.095198363065719604 -0.26653113961219788 0.048968769609928131
v -0.080412961542606354 -0.17122173309326172 0.086499117314815521
v -0.091472639239091269 -0.14700990020773572 0.090504498497335495
v -0.024325864841774372 -0.12894527120698693 0.0074445493684306115
v -0.0072143665971395625 0.30908383187432009 -0.023220487280048694
v -0.055167005606002045 -0.017076898185716179 0.13867435046448387
v 0.050987839698791504 -0.34342589974403381 0.14048962295055389
v 0.11713671769326568 -0.76911284818466552 0.017539074210365272
v 0.043399960730515372 -0.080599831916344261 0.0018645302977889028
v 0.16277788579463959 -0.30451583862304688 0.017023589462041855
v 0.20519394392569165 -0.14881804020549821 -0.012352634709170788
v 0.21538580422182563 -0.63485868016557145 0.016697836397691977
v 0.18906072932582904 -0.69305380132776895 0.039007797855544771
v 0.19311642891753811 -0.056726118270815251 0.018093427135758514
v 0.20401553753637383 -0.050807179803966235 0.026183548162392302
v 0.13380755484104156 0.019606189802289009 0.049025710672140121
v 0.071614876389503479 0.27956557273864746 -0.12670843303203583
v 0.034138407509421015 -0.34569444384603681 0.13569853257676845
v 0.045833518897991511 -0.13582050201694829 0.3522947971703328
v 0.28115642948865949 -0.19154233933307116 0.29338438712446147
v 0.19008108389872833 -0.25412163518683756 0.18177495625468704
v 0.13785570859909058 -0.27870467305183411 0.15325425565242767
v 0.17167670577953204 -0.25014188399264181 0.19311427071680035
v 0.18823563039829702 -0.081723553640049032 0.44716632471682116
v 0.16639612865057143 0.11966935827426861 0.45939910211110313
v 0.13162055611610413 -0.021345449611544609 0.44244587421417236
v 0.1110994934709735 -0.13663769310237611 0.38552198326660808
v 0.026549451798815276 -0.13987205164284333 0.32838677757142648
v -0.066895447671413422 -0.14967171847820282 0.22207765281200409
v -0.089844529707124254 -0.1054790023785151 0.13991164526085895
v -0.036793854156834074 0.017103470571490968 0.16613345849445435
v -0.090351349026539338 -0.12985062526519695 0.17466738589771741
v -0.086944022948709329 -0.08928197683958726 0.1491281189023359
v -0.086331235412207899 -0.083150500966380395 0.18113586761498207
v -0.042476620525121689 -0.051050301641225815 0.28910985589027405
v -0.046056643110505238 0.0063251778787651956 0.2617469398627098
v -0.038811757653115952 0.0084314029200446092 0.29206621455238879
v 0.35555630922317505 -0.91645961999893188 -0.41776606440544128
v 0.17426921598256154 0.10076806823838899 0.45690048874197497
v 0.02105480853659317 0.42312171390322573 0.35471262764232064
v -0.00065246030359590677 0.46230161810033932 0.35943889878248808
v -0.014837109188630078 0.40642633705128595 0.30223560474461486
v -0.032979791450062169 0.45885465304811485 0.33643271640826838
v -0.040607548802468023 0.48633049128555006 0.34128385827188451
v 0.04771145217723035 0.77585053607887267 0.45081287878521531
v 0.6020830642622309 0.43114725744266641 0.27500516124168084
v 0.16184316111569461 0.1642762901367113 0.46465322746689863
v 0.17168387465896112 0.13317250662168778 0.46494940013407626
v 0.19665907323360443 0.039560139179229736 0.46653798222541809
v 0.20505780786557498 0.17072563747068903 0.47901994066482728
v 0.15127406219118042 0.20440431157992858 0.4532628430399494
v 0.08608503359632444 0.44870771153700001 0.42298773069012041
v 0.1301864524785675 0.34828968144749201 0.34348108329094101
v 0.10158130667784682 0.075160084604652039 0.43717468450096569
v 0.067039787769317627 0.39083617925643921 0.36684501171112061
v 0.08283257856965065 0.16459369659423828 0.26238350570201874
v 0.02463805748894355 0.093385044860916144 0.21220306226394423
v 0.045696455623979788 0.13546755355291029 0.27120965214715692
v 0.15426659874513357 0.20760237741433676 0.2270835492548873
v 0.17345967888832092 0.21435254812240601 0.22865024209022522
v 0.17674204107443955 0.1768879115863656 0.17117424137376677
v 0.1803997281882056 0.20823376577721159 0.15193986092270162
v 0.40898549835504933 -0.058104752410396143 0.44552607590121146
v 0.18412103346574776 0.12798174965358194 0.138707155263952
v 0.022890616879178372 0.26134621062224317 0.031949970603171486
v 0.085913220426840936 0.30155768352056811 0.24514415691006822
v -0.05957362696830374 0.48109350248996391 -0.016576640577101513
v -0.055975068360567093 0.53140664100646973 -0.0080451797693967819
v -0.04312584176659584 0.027221279218792915 0.24799938499927521
v -0.039542598527479919 0.014401389073633187 0.18783122323239002
v -0.0058857427431477545 0.06661067523446644 0.21623313163072791
v -0.056242021059465117 0.36623462247295613 0.083055850156415742
v -0.041815000721832793 0.33704333483067445 0.1166625532367617
v -0.078829754449370709 0.44493651225195135 0.047040719910791319
v -0.097309268391431517 0.48984770516340631 0.10168702453879461
v -0.10589916549203382 0.53805859213916085 0.17726384253558039
v -0.075579438271184574 0.49573158810808815 0.017268609657780168
v -0.096788669286735338 0.50833571552755341 0.09454091548135847
v -0.087903909570140409 0.52698231781843663 0.23762102477696539
v -0.072701150661194647 0.58795986346935847 0.31405193204213716
v -0.10142670948658462 1.1108947145670396 0.28422475072561421
v -0.10471270862156554 1.0752981256797531 0.27654470324661018
v -0.091990888118743896 1.1198221445083618 0.34345471858978271
v -0.047322019934654236 1.0782275199890137 0.41033089160919189
v -0.044964249788784494 0.99244350658959057 0.34701656586471102
v -0.079680293504637831 0.66556537862684839 0.32534253705795962
v -0.066747808610656087 0.72505478445037308 0.31912938065852631
v -0.058755308389663696 0.9498705267906189 0.21608491241931915
v -0.034170090146373296 0.92025663041191019 0.25161666088146617
v -0.023501746007460227 0.90149558649752293 0.27516136747406855
v 0.072046181062916076 0.87567374857887503 0.34776569466152946
v 0.010034668682270117 0.80184837521695607 0.25410069027413962
v 0.049264321103692055 0.81174081563949585 0.35632652044296265
v 0.12777724741034718 0.89788934868045112 0.38799729838462854
v 0.079798028997520393 0.91709905966271188 0.40325266718084879
v -0.054766214020016399 1.0135890036542079 0.36235665733280648
v -0.031446922883646679 0.98559469060738902 0.35813385390258784
v -0.013368262747394614 0.69995308339741413 0.41005882698136353
v 0.0043100251056829497 0.52959202353356283 0.40530863207684975
v -0.034224295892704898 0.57974068226029318 0.36987271663683724
v 0.13106488131491473 0.74263467394871285 0.52523009293968692
v 0.10315553098917007 0.56359392404556274 0.47772887349128723
v 0.35807748138904572 1.0678412914276123 0.58158940076828003
v 0.11871976814353642 0.95042625580062756 0.4433694680576481
v 0.20325120315752043 0.84373571016369087 0.50340645477253876
v 0.17887283861637115 1.0074645280838013 0.52489000558853149
v 0.20918687263505908 0.57139311701571072 0.51822469942463378
v 0.15003256755100441 0.81156280370653933 0.50553460171838438
v 0.15493929399330439 1.1130505357800651 0.60514593419952423
v 0.16454815529707739 1.0352077588276636 0.53948959248370043
v 0.11500603705644608 0.54202306270599365 0.48636800050735474
v 0.084294213475391622 0.66890951165966772 0.49715674485860545
v 0.069548071720958518 0.67815692597022414 0.47790566909000826
v -0.005599508287840357 0.57203580310807645 0.40419736539364437
v 0.0070662961551426458 0.69238981522619147 0.43972126446435034
v -0.022126810625195503 0.62185150384902954 0.39918619394302368
v 0.024820871512134173 0.63941422080341703 0.445969053875587
v 0.043258760345979856 0.6614183551847429 0.47327321223487928
v 0.10023320008311566 0.54616883881287082 0.47564197684981074
v 0.23837204277515411 1.3888704776763916 0.57256472110748291
v 0.0026237955365088967 1.0079769038753985 0.43289396894574894
v -0.06423954955373351 1.0836939571106676 0.38691516967363987
v -0.058005561232387461 1.0940911402533111 0.44605766536002028
v -0.025794869057697199 1.0697066956331462 0.46657868180508077
v -0.036171575085778528 1.0630628486836213 0.43457532760599926
v -0.0020153470647452168 1.1026319711254762 0.4950866758101824
v 0.034753010963470721 1.0985482147409638 0.54201589621377111
v 0.055835183746694127 1.4018093895871711 0.53366878774839888
v 0.043132530424161999 1.4176936705487513 0.56615703391159689
v 0.020224333805424946 1.4459925691997864 0.51401217628612295
v 0.0019885706063528918 1.3894032612317357 0.46580329473212784
v 0.031508158206087697 1.1740952671858578 0.54773639184474465
v -0.055933462145975353 1.1153369609500694 0.43315241611327704
v 0.019896430894732475 1.3617299795150757 0.46325227618217468
v -0.055890543310706198 1.5092314545081478 0.43760513822970548
v -0.075148864927817166 1.5645901277680836 0.3664680202938454
v -0.065413981528968657 1.5535752317171676 0.43831408236694896
v -0.061391120744630975 1.5453082685278148 0.44525323377199488
v 0.048092048615217209 1.6269402503967285 0.5084373950958252
v 0.5036003589630127 1.3733299970626831 0.51982778310775757
v -0.0080161836245996928 1.5045506388147425 0.51547374002826929
v 0.029162190854549408 1.6014543771743774 0.52515232563018799
v 0.021614154800772667 1.5396093726158142 0.54329633712768555
v 0.052525099366903305 1.4954752922058105 0.58048820495605469
v 0.11562627702309129 1.5303856741764161 0.64226680069834341
v 0.14496639931234956 1.5752895607327824 0.66413279801152847
v 0.13563695793931263 1.4516299077298171 0.61294661608988887
v 0.072025375949607215 1.5796182687275593 0.59172743766762959
v 0.15517479655427077 1.4095050029117233 0.61170931382462301
v 0.20812567768521784 1.5014096088312368 0.67697753589701348
v 0.13865174296380606 1.1966423590585384 0.61478038833124671
v 0.176650270819664 1.2341898083686829 0.61005297303199768
v 0.084891729906190649 1.2132631334395538 0.57976158531987609
v 0.18588241025741645 1.4272525701686958 0.63304354052969991
v 0.15465498362884905 1.4272262751295688 0.62909284200631022
v 0.18641309440135956 1.5568298101425171 0.6705518364906311
v 0.24733767732151529 1.3520681826991585 0.54198272341526021
v 0.21459508221818321 1.9777875322573077 0.58007775068529899
v 0.19232337077711134 1.9631243052407619 0.60179593014544264
v 0.19765297722006447 1.7640791547843107 0.49170132955869117
v 0.20095956415249494 1.7721210829624312 0.4788466831340466
v 0.15035397701530878 1.2909437909348418 0.5042165265379922
v 0.16649057198859404 1.3125173473148084 0.51150060930348218
v 0.16721394383333757 1.356759996789334 0.5364256762767905
v 0.14907744526863098 1.3424782752990723 0.49011686444282532
v 0.17683510088974647 1.34270314004142 0.51722877030671599
v 0.14844251948701592 1.3483456931210747 0.52878871573466257
v 0.11392965540289879 1.6517338752746582 0.59110161662101746
v 0.17013883197663932 1.9732146605690186 0.48032623198540947
v 0.046250190585851669 1.9980589151382446 0.46823984384536743
v 0.10391008108854294 2.0102553367614746 0.45177549123764038
v 0.054735660552978516 1.9921802282333374 0.34872335195541382
v 0.081731922924518585 1.9603763818740845 0.3516983687877655
v 0.056351836054718857 1.973656585254751 0.35008746516779837
v 0.0036115800030529499 1.3445456027984619 0.42112204432487488
v -0.00069057764796231992 1.2414847021379813 0.30311650061544937
v 0.10824337918966245 1.7733832487260615 0.32343795370427392
v 0.17856863210860574 1.7822915610177577 0.44971878757985956
v 0.11149374421845909 1.979343685091931 0.40733100466543126
v -0.02037560982067263 1.2705991846101576 0.22293417428801945
v -0.055015610995846995 1.4540038246949403 0.42310294504111451
v 0.0031485511570127438 1.262234001931523 0.28576082571473221
v -0.0229149464301238 1.2738814109137262 0.25026677835182248
v 0.10009975731372833 1.8910040855407715 0.27233296632766724
v 0.075403288917960373 1.9976399090648433 0.31711714685742892
v 0.018546766658132159 1.4119533911579076 0.50441961579428407
v -0.029804053999884606 1.3749169269140828 0.43753856646871386
v -0.054306119521362099 1.3411406700162625 0.32992679201889213
v -0.0079419750862925412 1.3286274225173653 0.38667974285515422
v -0.069199743638656275 1.1109161276062962 0.42729690317946667
v -0.074426604448153855 1.3599263781834412 0.25337430404726013
v -0.075542537843564239 1.1414762867997332 0.28498962320689192
v -0.087916754109543235 1.1246218441459757 0.2686517601813132
v -0.087718188762664795 1.4520720243453979 0.35635733604431152
v -0.084831366591116036 1.4381146828633922 0.34666482869189147
v 0.033746906031623787 2.015460597374497 0.37964065899703009
v -0.10791770368814468 1.4891655445098877 0.26637589931488037
v -0.094135653227567673 1.5058407187461853 0.19293275475502014
v -0.11284021335617554 1.0826861663440894 0.22660081291333245
v -0.036297950893640518 1.282899796962738 0.18314030021429062
v -0.01867339015007019 1.2665297985076904 0.16322880983352661
v -0.054233140624740113 1.3000303748464797 0.2280174336873754
v -0.069364853203296661 1.3211138248443604 0.18071499466896057
v -0.098891315794921802 1.4805244738415388 0.17679576026927357
v 0.036846034115563843 1.2450067449263127 0.11823889051748976
v 0.0484294593334198 1.2214980125427246 0.089424006640911102
v -0.060583760868385912 1.3574962838626958 0.11285998495118443
v -0.072845671203812787 1.3967042445757141 0.10905427129049125
v -0.078687641026900665 1.5247201585743946 0.1271253801448031
v -0.072854727506637573 1.4975838661193848 0.095290392637252808
v -0.032925128936767578 1.5145690441131592 0.044265478849411011
v 0.061765581369400024 2.0491454601287842 0.1164163202047348
v 0.018617710408202578 1.4362866341022569 -0.038370136363904593
v 0.0065520298667252064 1.4019553661346436 -0.021814830601215363
v -0.0222816076593895 1.4215677809154916 0.0061772026859070314
v -0.040579645754852893 1.5242272114785185 0.077488788338406292
v 0.024437280371785164 1.4620717763900757 -0.038077138364315033
v 0.0059297401458024979 1.3887580633163452 -0.016968360170722008
v 0.035344094862562909 1.3111790226335454 -0.010360584366781642
v 0.023295609280467033 1.0504232048988342 -0.060977475717663765
v 0.025613219906603042 1.0703151253601704 -0.066312556069488743
v 0.043709143996238708 1.0541180968284607 -0.087587077170610428
v 0.03660868311721889 1.0735091645023951 -0.077175316799402247
v 0.027991551148177477 1.3340644362950198 -0.018229137127931311
v 0.0064991600811481476 1.4563783407211304 -0.010110249742865562
v -0.0067827753368184234 1.1782775181442806 0.091729762927603528
v 0.0083469134551344207 1.2803999455063626 0.063434920192966329
v -0.029493249952793121 1.294070839881897 0.092111140489578247
v -0.022523200139403343 1.072931170463562 -3.2759999157860875e-05
v -0.0040945447981357574 1.2830488979816437 0.07594016008079052
v 0.00056160986012570994 0.86905311977069832 0.11397941055119637
v -0.095439087599515915 0.56249076128005981 0.081225648522377014
v 0.026168345473706722 0.93066239356994629 -0.028720700182020664
v 0.019585670269326772 0.96204882900999011 -0.039753620071349652
v -0.034271124750375748 0.63697737455368042 -0.033311220817267895
v 0.043271504429569868 0.94632718046767028 -0.066775800805084523
v -0.089399937720552811 0.6649538178628478 0.062328089520859088
v 0.0098941056240965872 0.59416930815371227 -0.11443108899932829
v 0.01217292994260788 0.60980379581451416 -0.10742668807506561
v 0.068020416427908542 0.50435428215779832 -0.17902486421582892
v -0.037346929311752319 0.54516756534576416 -0.040687188506126404
v -0.0055190335025605761 0.63510808603975122 -0.071532978763736182
v -0.046576834806169976 0.401128384007302 -0.019464042087750745
v -0.096428521343454129 0.5909398720657103 0.070123936072067919
v -0.091938629746437073 0.55829828977584839 0.060583241283893585
v -0.10111658051952184 0.54625774220183609 0.1067440980888682
v -0.10146228785016614 0.5245157164235057 0.13965940980257135
v -0.10527189821004868 0.56468558311462402 0.1217927411198616
v -0.10231530976306415 0.50358352303310905 0.19479336921515866
v -0.11325666597963326 0.64881075943122568 0.1887578715019777
v -0.10337335718041528 0.68061600763840469 0.17980863012860684
v -0.079280847030662599 0.72571490975655228 0.18415688619128187
v -0.041991835508175784 0.7396941153542691 0.12147679478396425
v -0.034163851290941238 0.95012867450714111 0.062165770679712296
v -0.014983278314185994 0.87814927647648477 0.12716652309146892
v -0.047468561679124832 0.92425954341888428 0.1692187637090683
v -0.057323155485941253 0.9761059387874963 0.092517069734707053
v -0.0036938579431422375 0.86241080418414284 0.18904480102635171
v -0.0032274506926029531 0.88136134022866286 0.27131771685500422
v 0.016936568185695423 0.81188269059118956 0.23822822525912196
v -0.0023194394015653278 0.87466124828491387 0.086485369539883922
v 0.04209908793112354 0.77529521219271291 0.096905968262773715
v -0.036449730396270752 0.72883480787277222 0.095437332987785339
v 0.069537464529275894 0.8769037127494812 -0.056904800236225128
v 0.067107059061527252 0.86678820848464966 -0.039429880678653717
v 0.057611800730228424 0.79296845197677612 0.08389967679977417
v 0.066411331295967102 0.79907137155532837 0.038415040820837021
v 0.022597842404300104 0.68432008406676104 -0.053688101293180197
v 0.0074731428508633263 1.1677059738623465 0.052157617766402792
v 0.068558705301454734 1.1952079508342146 0.053561715484294781
v 0.064221976268750341 1.2737672994600842 0.01677872732920796
v 0.063312842056808441 1.2737142218261219 0.00074948150656768187
v 0.044239449716042517 0.9524337393835578 -0.070079494099048123
v 0.11249323907064546 1.0349033040427795 -0.14436312349458591
v 0.1882119345875663 1.2423832628322271 -0.034541966885305621
v 0.17403778433799744 1.2572318315505981 -0.060408689081668854
v 0.24358497560024261 0.30617019534111023 0.29132738709449768
v 0.084991784448428115 0.72036877583129655 -0.028401546418618515
v 0.15784187614917755 0.7699243426322937 -0.050422888249158859
v 0.17322239349373347 0.72078536203588039 -0.052982196337585406
v 0.21208469569683075 0.67188560962677002 -0.13397161662578583
v 0.16445528823829941 0.79670773774154713 -0.091180213861225198
v 0.13700496513460217 0.81399969007249984 -0.07692433521377906
v 0.18657929780235791 0.69380736545171051 -0.088720727767100119
v 0.11673611143092451 0.84499386594368608 -0.10045491325533597
v 0.13139127741607506 0.67651231586190264 -0.10503609436680808
v 0.082560184044795454 0.64113513822562629 -0.12957166115145452
v 0.17097027851231222 0.5219207532289809 -0.24370304473143695
v 0.18505673949952839 0.55398225117325228 -0.22987274046350453
v 0.18421618714230703 0.57612052489940635 -0.22907564952007675
v 0.18251624232826424 0.91416891881532591 -0.14446246269891927
v 0.33336116394609244 1.0354037809462058 -0.20702255356851876
v 0.19264078914494945 1.0544726322694853 -0.1643358151853998
v 0.093161092706951359 1.0454518330909057 -0.12488567000785229
v 0.16028257492906678 0.94083146498473402 -0.14754866046148049
v 0.13118988084455283 0.98450677742506421 -0.13743610942655757
v 0.10714777054465609 1.0946027367739832 -0.12690210982045474
v 0.10316292941570282 0.91938591003417969 -0.1187184602022171
v 0.16695486867546386 1.2906033231473055 -0.097314598346846387
v 0.26002273622246597 1.6459624218651643 0.084196595465383453
v 0.21169423709148635 1.6942233325295588 -0.034767972724891787
v 0.19556021267765963 1.7311572000326005 -0.060017787902654406
v 0.036983995954611229 1.0003349650716495 -0.069442511451492869
v 0.049591233517063196 1.4479983053116645 -0.070423106315585057
v 0.11947007733503029 1.5188898428207862 -0.062995983226209501
v 0.049503818154335022 1.4344390630722046 -0.091181091964244843
v 0.10407508164644241 1.4063738584518433 -0.10532709211111069
v 0.19652560541126687 1.3914543410867215 -0.16952694295845214
v 0.14526555421978593 1.769154427665641 -0.029950280283787614
v 0.16892364621162415 1.9109781980514526 -0.03899788111448288
v 0.14999725382238485 1.8681955617865094 -0.051136688010968538
v 0.12879924476146698 1.9357610940933228 -0.059090219438076019
v 0.13569708168506622 1.8085572719573975 -0.041717410087585449
v 0.087119169533252716 1.8982536792755127 -0.0056893499568104744
v 0.0058666933853612725 1.472364218572199 -0.015403237576102909
v 0.054480663471576332 2.0189660602586916 0.042478269868350897
v 0.13003874337120677 1.814752053211431 -0.040350904176824527
v 0.1168394847001591 1.7953606251518623 -0.023839045019805206
v 0.11475463490082237 1.8435491102593871 0.1017631698421437
v 0.13246124357845365 1.8323680042662056 0.062733756595483997
v 0.18675281468199897 1.7263811366680686 -0.01891029164871216
v 0.17163373996411779 1.7504117858178256 0.0012863863349928139
v 0.15097594261169434 1.7544095516204834 0.079634666442871094
v 0.075108355909469626 1.9013269309264456 0.021404902907151295
v 0.057689789682626724 1.9869277477264404 0.034559950232505798
v 0.072643074996794371 1.9893941791922101 0.13419556060125015
v 0.079471628122589247 1.978094791852804 0.13730364011568089
v 0.081807876550358066 1.9811156742260883 0.16264148933040126
v 0.060708701610565186 2.0207576751708984 0.1340271383523941
v 0.045131038874387741 1.6276966333389282 0.20190611481666565
v 0.069555351740751656 1.956705756058176 0.19057425243453271
v 0.093741187935200421 1.8526511666215038 0.19265636704178088
v 0.10090699791908264 1.6425613164901733 0.23793338239192963
v 0.15489963816483923 1.7457454746891821 0.18731874492923062
v 0.15702745590965245 1.6800626750571601 0.16990581718607511
v 0.18601944889643127 1.6815235272828513 0.12550276697601837
v 0.10001190302789306 1.8922752947154156 0.16507303576910778
v 0.21324329976170847 1.8382253936932078 -0.07464031828751462
v 0.20771320164203644 1.6872916221618652 0.10524751991033554
v 0.28122671620525264 1.5634417994236482 -0.036402735768319601
v 0.3205115434035451 1.6176384541021531 0.048314219609454916
v 0.41410757822351441 1.8013571145565019 -0.073956627502057601
v 0.50264651695170415 1.5455817707017983 0.015717492314490506
v 0.31752792199450047 1.5769467427060182 0.085456683966804517
v 0.34938831784552427 1.5464881640679045 0.043108136517914328
v 0.50793319940567017 2.0003402233123779 0.13150565326213837
v 0.39107173398715173 1.9767426379523985 0.15734197431991051
v 0.47921022772789001 1.8951667547225952 0.13359774649143219
v 0.42264842987060547 1.8464255332946777 -0.026744470000267029
v 0.39721453730966311 1.807328549144549 -0.070133456371073599
v 0.3776253111915398 1.8141919208279982 -0.062038071715929718
v 0.43740637926908443 1.574884014316845 -0.025883814582537523
v 0.35144808888435364 1.8333396911621094 -0.061732161790132523
v 0.47381536085581155 1.5792086392361413 -0.055199510574738618
v 0.2737737925360802 1.683722274479218 -0.041961931446784818
v 0.29053595662117004 1.6460729837417603 -0.05607115849852562
v 0.22491283714771271 1.6837183237075806 -0.072347439825534821
v 0.25137809949148399 1.6682151882595397 -0.038156971069352071
v 0.32484063575956706 1.8047394168798692 -0.08473299804144413
v 0.24662658380332686 1.8488034021331419 -0.060820566167475935
v 0.31201952695846558 1.8752439022064209 -0.032628189772367477
v 0.32162266969680786 1.8194972276687622 -0.081077836453914642
v 0.27104408578961586 1.8232990703073848 -0.076663054025836855
v 0.32611579843762001 1.7430898526110772 -0.092305556915789871
v 0.28491727096868202 1.7284186110371438 -0.11340789428461609
v 0.29394737366923523 1.708761622167428 -0.081305449996101883
v 0.40538781881332397 1.7228611707687378 -0.10739132761955261
v 0.27123567676300564 1.520033085132908 -0.090833414038885604
v 0.39819750189781189 1.6158249378204346 -0.1249234601855278
v 0.33534929111054118 1.6359129932661325 -0.084982403356649014
v 0.49560195827786863 1.7649015416457594 -0.097398156655928089
v 0.46076890893824618 1.6866474784066179 -0.11350449817479467
v 0.40780565142631531 1.4902589321136475 -0.11203192174434662
v 0.33814433217048645 1.52754807472229 -0.098007053136825562
v 0.26889294385910034 1.7477658987045288 -0.09512598067522049
v 0.36215099692344666 1.3764294385910034 -0.16507379710674286
v 0.39088854193687439 1.3382573127746582 -0.16676175594329834
v 0.16422990323708775 1.0542022437283269 -0.17292507503474555
v 0.31459724903106689 1.4611258506774902 -0.15326036512851715
v 0.29914981045524547 1.3736971499806798 -0.18469245697287967
v 0.30519358083900111 1.3118323755147385 -0.15433009151764818
v 0.41139092236705793 1.3531892652392814 -0.16575314959716639
v 0.34762480854988098 1.3115606307983398 -0.13876973092556
v 0.33852590620517731 1.311759889125824 -0.1480800062417984
v 0.24796125292778015 1.3632906675338745 -0.14554058015346527
v 0.26846852898597717 0.97135436534881592 -0.19309930503368378
v 0.42270461181482843 1.0417848291510186 -0.19084659672220744
v 0.39517275397912655 1.0014736032406526 -0.20523142960640331
v 0.41140599444671566 0.9725897557275609 -0.20702016988778349
v 0.38085222244262695 0.96229416131973267 -0.21749599277973175
v 0.40467280149459839 1.0254216194152832 -0.20889300107955933
v 0.31295473535759655 0.99163214293648216 -0.20386871219264716
v 0.30323790419581031 1.0510235707439315 -0.20600608004234314
v 0.22693632829242949 0.96888452978133077 -0.20136663627927806
v 0.31566901553187326 0.96591182924454966 -0.20253074877657162
v 0.35946553055234914 1.0085933519113488 -0.21099002392233343
v 0.38642440995246785 0.96506946821318862 -0.20439779283273948
v 0.14444862145646842 0.5606384226714497 -0.21370164514750692
v 0.32249577343463898 0.86975312232971191 -0.19095372408628464
v 0.36980240991314578 0.81148497688884458 -0.17396742211842475
v 0.38772916793823242 0.85874307155609131 -0.19610507786273956
v 0.42331185936927795 0.87849164009094238 -0.20089949667453766
v 0.43978315591812134 0.5681227445602417 -0.18733954429626465
v 0.5341678995807374 0.9555532643953587 -0.18131163467335254
v 0.42585547554019432 0.79630053031446046 -0.18218713427143562
v 0.45028948363226123 0.90894722502208891 -0.19489480705482745
v 0.29467687010765076 0.80133366584777832 -0.16321036219596863
v 0.224567302483971 0.85945238156626436 -0.17801977856872972
v 0.36732227041645638 0.94019608074303529 -0.21337858392933901
v 0.31933778524398804 0.78623229265213013 -0.14236061275005341
v 0.21227770547500108 0.77732436030357221 -0.090540359382645083
v 0.37064718495024418 0.77489942456981376 -0.14690629478343128
v 0.31188113987445831 1.182288646697998 -0.058419158682227135
v 0.22678399724305875 1.2589461394055879 -0.089343017610935188
v 0.27060494024313153 1.1996250028728892 -0.057338921278411462
v 0.3554593079800733 1.1686284516911218 -0.069840821511527054
v 0.42654205798117051 1.1347241661672502 -0.11171275112710739
v 0.41857889294624329 1.2988307476043701 -0.14449465274810791
v 0.45014193654060364 1.2812656760215759 -0.12007468193769455
v 0.48288550972938538 1.2352170944213867 -0.079113736748695374
v 0.38664260506629944 1.2295109033584595 -0.059386130422353745
v 0.43637114735760935 1.1914047387015043 -0.036173831801862129
v 0.40904190883528957 1.2465300570497446 -0.071524800325254573
v 0.40825137065472267 0.79314455715006826 -0.16522051761450049
v 0.41763342648826685 0.71921902444014774 -0.12673735386533108
v 0.50287657976150513 1.1065685749053955 -0.14292210340499878
v 0.51718384027481079 0.92861193418502808 -0.18606548011302948
v 0.6183131817591091 1.0752536794211469 0.23962144335522892
v 0.67650535194058503 1.0456879592247723 0.19997397322849986
v 0.64864718914031982 1.1174824237823486 0.18606926500797272
v 0.65473530482546649 1.0666071113782061 0.21173706710994813
v 0.70760294656314815 1.0214458651002642 0.16264126040720547
v 0.72854877183465871 1.0013678365109233 0.22110290694085522
v 0.72366756772579099 1.0417638810065428 0.19321080314908118
v 0.79574919104441943 1.2492524930788789 0.2076031144239692
v 0.61923843622207642 1.183823823928833 0.079062990844249725
v 0.71318978071212769 1.2167748212814331 0.07628680020570755
v 0.71110959696860931 1.2064739704170153 0.084670813764728056
v 0.79345923162372145 0.91583237917456883 0.14237203849319882
v 0.80083119869232178 0.91684192419052124 0.21812811493873596
v 0.73411274783698321 1.0108654797346406 0.1915418104951499
v 0.71475115207929152 1.1771936834480772 0.18497867844773341
v 0.69455528259277344 1.0387775897979736 0.23504607379436493
v 0.7711862325668335 0.40379157662391663 0.049193408340215683
v 0.5626845187527808 1.0264492199408302 0.35344005962918151
v 0.77468938830215406 0.73694841899466779 0.13411146352048295
v 0.69042819738388062 0.66780775785446167 0.015581759624183178
v 0.73036515712738037 0.85790693759918213 -0.022424489259719849
v 0.70825224416883559 0.78612349781615942 0.035305550957344972
v 0.7143934965133667 0.85102355480194092 -0.0045349397696554661
v 0.71784746292885881 0.83982428985599222 -0.037004838131623669
v 0.68684286642932957 0.86621529745884218 -0.021128000875458387
v 0.55188435866860597 0.7525392321895169 -0.12152611516837294
v 0.591436284810542 0.81490752247162868 -0.12313135733951457
v 0.62815805904452782 0.89331376280346753 -0.13226182749274809
v 0.68017059564590454 0.94772708415985107 -0.1078314334154129
v 0.58008188615891254 1.1957448654939198 0.017830709793313054
v 0.63978564739227295 1.0069816112518311 -0.10925783216953278
v 0.55117460158344633 1.0142118676408414 -0.16849569568924141
v 0.610144500755048 1.0233737701283088 -0.14430291692617847
v 0.57377593449353548 1.1045943972869567 0.04664700090141307
v 0.6172944861593026 1.0831862760303348 0.073269952719194495
v 0.63457473439869039 1.2068228534607186 0.022354173705511182
v 0.58755252647966838 1.0906671868630835 0.012629516853709942
v 0.67389110279283682 0.99604605677175007 -0.09670390121419721
v 0.71678626537322998 0.8712165355682373 -0.0075932699255645275
v 0.73594952436534822 0.88161125379062222 -0.026370024817233096
v 0.77476655546079798 0.87502458702608121 0.094681180949490573
v 0.71348552987685088 0.97280754011901427 -0.049525670695341292
v 0.72227944394281673 1.3875054336499779 -0.027501336598201941
v 0.69932132959365845 1.2874563932418823 0.031876251101493835
v 0.64739383643709181 1.2462820888812209 0.0067600287686531355
v 0.69116735458374023 1.4072096347808838 0.016117790713906288
v 0.60428049702217168 1.4536430850871569 -0.023208684560120339
v 0.63501130823967289 1.2631684902044349 -0.013550179336080418
v 0.61962765538598741 1.3052064097969067 -0.072604951706985971
v 0.47967302799224854 1.4620089530944824 -0.11381383240222931
v 0.53906416893005371 1.379441499710083 -0.12740215659141541
v 0.56713330745697021 1.3945542573928833 -0.1460069864988327
v 0.6804635270880659 1.369141036270497 -0.087404349676157456
v 0.72299568797433456 1.3630139115932085 -0.043898335783870257
v 0.64193969964981079 1.3806823492050171 -0.099377177655696869
v 0.66841163138435478 1.4168855237048561 -0.056492148148450987
v 0.71392828226089478 1.3730881214141846 -0.058898229151964188
v 0.60191992977258324 1.7124549414005055 -0.0640696912646153
v 0.51459572259579855 1.7040992021542944 -0.10348881196166161
v 0.5435014714534363 1.5915597793749401 -0.090303860699689514
v 0.55910459047324723 1.6095248935475208 -0.094208361346345623
v 0.58921816965221874 1.7265046700156035 -0.083282161601461471
v 0.62317808907679717 1.5797434452154504 -0.029747448512188544
v 0.59327369639674321 1.5754426801790768 -0.048157410462504727
v 0.55303139758469155 1.5524786862190982 -0.0081566523160258083
v 0.53714948892593384 1.5087286233901978 0.065818920731544495
v 0.56832444667816162 1.5059161186218262 0.085075989365577698
v 0.65815442800521851 1.6018730401992798 -0.032211579382419586
v 0.68737404939985225 1.5891563562843172 0.0041916653157910806
v 0.52815333019382493 1.5531458041468054 0.030945762849610783
v 0.70184532104432951 1.6277911734758475 0.053852497923251239
v 0.78067476645839651 1.5856365066758915 0.11311111699128773
v 0.78880011515677728 1.3351147206633209 0.086916842066460706
v 0.70893394947052002 1.5774387121200562 0.036877598613500595
v 0.64874411971785528 1.5071708684510796 0.076782464266740957
v 0.66831779479980469 1.2256243228912354 0.021416110917925835
v 0.66807259226328652 1.5135020290642855 0.08493538743823599
v 0.64908605563096478 1.4985234239162821 0.10193384181815872
v 0.49763756990432739 1.5330988168716431 0.038161169737577438
v 0.64390072949501831 1.7359708143316726 0.027415454523958264
v 0.71255836591177302 1.6092746395674089 0.029031941157848587
v 0.65220406269547226 1.5167041438545206 0.080665848594535572
v 0.59412288665771484 1.8607640266418457 0.023418299853801727
v 0.68242120742797852 1.7752494812011719 0.10882900655269623
v 0.75098860263824463 1.7207843065261841 0.17349137365818024
v 0.57823860645294189 1.9805692434310913 0.17606303095817566
v 0.68158292770385742 1.5013020038604736 0.20477776229381561
v 0.69992542266845703 1.4856894016265869 0.20793333649635315
v 0.74637651443481445 1.3934965133666992 0.22084231674671173
v 0.73536801338195801 1.4780987501144409 0.2351834774017334
v 0.78937560995838729 1.5383161028661259 0.18259708514161696
v 0.80238763664302137 1.3213239406122226 0.19697314257039025
v 0.72684698760365785 1.7324944548877088 0.20480714096227465
v 0.8053066210027503 1.622078562308241 0.2700530359570355
v 0.78358986825326071 1.5464264537938108 0.31793049011345426
v 0.80166155099868774 1.5898179411888123 0.29049603641033173
v 0.79488058329344469 1.6375237027832397 0.31392862458628057
v 0.74590726543449537 1.63440744960623 0.4361091152365249
v 0.77669621073852035 1.5932513741258885 0.38027014300009881
v 0.7754327540945849 1.354616053358066 0.33047782729224268
v 0.72021621465682983 1.4644683599472046 0.26169547438621521
v 0.71841273897641611 1.4630494817090349 0.34598919772602427
v 0.65053278207778931 1.407153844833374 0.38581126928329468
v 0.70085448354111868 1.457935644467369 0.3690330914326353
v 0.64301585401848593 1.4343565594108003 0.37919729314873657
v 0.7070359975332785 1.5335826787298634 0.48123579827252333
v 0.68784862756729126 1.6344377994537354 0.49880132079124451
v 0.64874775763716452 1.6675039338373545 0.53613363969459471
v 0.69660258293151855 1.5073630809783936 0.50888156890869141
v 0.74587925792817467 1.7160704525930472 0.41533628208266427
v 0.58254015445709229 1.9262057542800903 0.39536866545677185
v 0.66061727449041718 1.9454108884661654 0.25346984034188358
v 0.63092013254097234 1.9465548077649846 0.29602344589829865
v 0.56203901767730713 1.9152071475982666 0.22863216698169708
v 0.56876310908485772 1.947328137044283 0.2244818528685413
v 0.57359194526976309 1.9085016659870491 0.25536004767459369
v 0.58863753080368042 1.9793543815612793 0.30225399136543274
v 0.5757394204170283 1.9556634118985159 0.29431609347135712
v 0.59526971205391477 1.9613798629259196 0.35628199669917265
v 0.66485679149627686 1.4789615869522095 0.50855270028114319
v 0.56972938776016235 1.7900528907775879 0.42461484670639038
v 0.61497627357576623 1.9387691233078077 0.42044598273632255
v 0.5527579995050993 1.9959973921877308 0.20908434736722734
v 0.56479797358300066 1.9408679545421454 0.36592297437292681
v 0.16763712465763092 1.9970688819885254 0.4733673632144928
v 0.21265366674499112 1.9463641306681643 0.55466054550545907
v 0.21569420397281647 1.8415461778640747 0.4985964298248291
v 0.26376673579216003 1.8083031177520752 0.52437019348144531
v 0.2472851574420929 1.8051196336746216 0.51012039184570312
v 0.39472454734920565 1.3629042270731542 0.55109423729084406
v 0.34853334746810788 1.3890506904057649 0.55257661005234771
v 0.53057290096200316 1.7974936877207552 0.45182842998559269
v 0.56305630611098756 1.4348124346711051 0.48527376180918452
v 0.48758167028427124 1.8326195478439331 0.52060782909393311
v 0.57060641050338745 1.8793501853942871 0.42703896760940552
v 0.50104105472564697 1.8565895557403564 0.46732792258262634
v 0.69457101821899414 1.6955454349517822 0.50057995319366455
v 0.37963556191923498 1.9625167276325579 0.56742063761891604
v 0.40046572685241699 1.7638763189315796 0.55970168113708496
v 0.43880987825989382 1.3854391023501464 0.55332694586038667
v 0.46463581919670105 1.3215485811233521 0.58255946636199951
v 0.41321703791618347 1.3591761589050293 0.53076112270355225
v 0.12855222227851537 1.405217982845965 0.59562780588833952
v 0.36103174090385437 1.3818182945251465 0.55425673723220825
v 0.32553964853286743 1.7363358736038208 0.57263481616973877
v 0.32601985335350037 1.3785401582717896 0.558063805103302
v 0.29686625872187972 1.3522623880977815 0.53190949885042627
v 0.32525822520256042 1.3989168405532837 0.61189138889312744
v 0.3023246981329365 1.405280082658168 0.60567312259953643
v 0.27978921644352012 1.8777364347126089 0.55966077394454983
v 0.19391271471977234 2.0002610683441162 0.6055830717086792
v 0.21025753399887914 1.5848980715741203 0.68226284183772756
v 0.198596508498248 1.8965974156449301 0.58949713132759118
v 0.22995512007987942 1.4444965223783317 0.64875145791222733
v 0.30451906697483588 1.472169796242889 0.67408371424181401
v 0.26227550047784959 1.5225631709426175 0.6868197095709403
v 0.31076883935857741 1.5060869205554979 0.68935023976792487
v 0.3178733632130149 1.5121823874189388 0.70504351618780248
v 0.29400282343472156 1.5641081571644802 0.70756325816346588
v 0.43067645655312559 1.590563021298641 0.71503376028591525
v 0.51706677675247192 1.6132189035415649 0.67378252744674683
v 0.5640493631362915 1.6155854463577271 0.66713488101959229
v 0.62633520364761353 1.5930514335632324 0.60493063926696777
v 0.68300839547257197 1.5321551725697258 0.55099057209928592
v 0.71137940883636475 1.7121334075927734 0.46571382880210876
v 0.49696094302980393 1.8787091726600056 0.52373696287129567
v 0.38099545240402222 1.8042235374450684 0.53332549333572388
v 0.54354136905090022 1.7483871421700481 0.489111567096078
v 0.52825037423291377 1.4203194001488617 0.54908416805096105
v 0.58937981276721796 1.4783533405651474 0.5970617331395357
v 0.68191422828297854 1.6259162425962737 0.53438730791994637
v 0.44660985469818115 1.4245642423629761 0.60087335109710693
v 0.50262917714029343 1.4613639550209725 0.63984395465313326
v 0.44962812927469004 1.5300371730224649 0.68359690127099204
v 0.37671187943579254 1.5096768801739875 0.6818480967653161
v 0.44215478011283244 1.4725891763901933 0.66790297939530241
v 0.47607463598251343 1.1821560859680176 0.61195731163024902
v 0.54000890254974365 1.2633969783782959 0.6077038049697876
v 0.49538393318653107 1.4415006041526794 0.60906541347503662
v 0.64035453278193522 1.2561479912950535 0.53646142989175805
v 0.65037547014497488 1.2829328258132351 0.53829161301688155
v 0.70743657346026889 1.3018024974202853 0.48784869797624353
v 0.67252937653227418 1.2622797021206316 0.52399953929305865
v 0.49518779431398496 1.1754351667332268 0.60661525819159001
v 0.54520107847621946 1.1354541871248141 0.54903032756003722
v 0.36734506541265161 1.0622928419169744 0.5760229938503566
v 0.44668077874234324 1.029570585815891 0.50320045113941592
v 0.59128028154373169 0.84638309478759766 0.50900274515151978
v 0.49977457523345947 1.079425573348999 0.54311400651931763
v 0.48740761980360442 0.69238176467354406 0.52504785387308739
v 0.45130215458675538 0.80435873501861355 0.55747318796823264
v 0.46581322898179528 1.1181042710499078 0.58031881141339425
v 0.45442453026771545 1.1183640956878662 0.58576291799545288
v 0.41742001473903656 1.0482444167137146 0.54164755344390869
v 0.43709432823596267 0.84969068077757515 0.55377129546019099
v 0.37948757761391877 1.1210726633526737 0.60159402295756725
v 0.42762085403691225 1.0945505237877293 0.59061175799322518
v 0.3671608567237854 1.1384968757629395 0.61274701356887817
v 0.36793762445449829 1.2576762437820435 0.63983750343322754
v 0.27554802615791063 1.2060886370208499 0.64819400374018021
v 0.23601151564974451 1.1706340190086111 0.64049031423003799
v 0.41045543551445007 0.17223407328128815 0.50533038377761841
v 0.26230177708120034 1.1838365582992489 0.64881013672225263
v 0.28347703681800429 1.1145808549242802 0.60519108059185156
v 0.30018344521522522 1.1203339099884033 0.62041950225830078
v 0.28217282493755408 0.75679633336237784 0.56985236395360872
v 0.29100432991981506 0.76725232601165771 0.572715163230896
v 0.28772512347594986 0.74254329763601146 0.57454105261883859
v 0.26339066100451497 1.0370112360365094 0.56950023543371442
v 0.30895812089120306 1.0935945591934233 0.59925431301666687
v 0.2069898155779184 0.97846478192386743 0.50512807547166905
v 0.27174916863441467 0.94681024551391602 0.45852246880531311
v 0.21844485161243207 1.3426745385128047 0.51328931777093523
v 0.42165429032316631 1.0650733137218178 0.56315283071545941
v 0.39454076716886943 0.73256549334961962 0.57311561846927195
v 0.44538048238140582 0.76472743096223739 0.55497063343255748
v 0.41426005959510803 0.73222720623016357 0.57553333044052124
v 0.6121619340875426 0.80788585120535117 0.48102721553111855
v 0.69239842891693115 0.74863708019256592 0.40071922540664673
v 0.62571338728529269 0.80841068569717811 0.47910677155910514
v 0.6160961389541626 0.82687759399414062 0.49879711866378784
v 0.62518453598022461 1.1645087003707886 0.49247440695762634
v 0.24389095604419708 1.3313114643096924 0.54347020387649536
v 0.38612076640129089 0.95052939653396606 0.4334871768951416
v 0.42993158102035522 0.97558611631393433 0.42894488573074341
v 0.52474934043369437 1.0231880133982822 0.40020533714198553
v 0.47040313482284546 1.0093618631362915 0.41940060257911682
v 0.25193072110414505 1.3708656430244446 0.55808195471763611
v 0.59604036808013916 1.0830625295639038 0.24956358969211578
v 0.62050741910934448 1.0822445154190063 0.3105718195438385
v 0.60601979494094849 1.0891740322113037 0.26231539249420166
v 0.66256228735681255 1.3218357653041861 0.50294729799105231
v 0.64508956670761108 1.0640034675598145 0.22863779962062836
v 0.66272145509719849 0.96496504545211792 0.32905164361000061
v 0.67687833309173584 0.88121944665908813 0.4355054497718811
v 0.70527058839797974 0.72624975442886353 0.34553134441375732
v 0.64293038845062256 0.89673560857772827 0.4267108142375946
v 0.65320324897766113 0.94738900661468506 0.34224432706832886
v 0.60472718458254904 1.1012605287390933 0.44073430713497269
v 0.66333621740341187 1.1542544364929199 0.44149744510650635
v 0.71479541063308716 1.1984438896179199 0.38872957229614258
v 0.69279807806015015 1.1967605352401733 0.43810209631919861
v 0.63723110174621267 1.1776886578873509 0.48071814423288639
v 0.78122572238653998 1.3052121135002046 0.37648985630556114
v 0.71561503410339355 1.2240368127822876 0.42676711082458496
v 0.67121046781539917 1.1286804676055908 0.37729495763778687
v 0.68967418581224038 1.1476720816459454 0.35221273942004699
v 0.69487839937210083 1.1633843183517456 0.4094567596912384
v 0.7323756217956543 0.94892865419387817 0.28662148118019104
v 0.75077426433563232 1.2179697751998901 0.30060124397277832
v 0.72911280393600464 1.1727056503295898 0.28908970952033997
v 0.76865625381469727 1.2456589937210083 0.33025744557380676
v 0.7764047384262085 1.2468454837799072 0.2871062159538269
v 0.76995772123336792 1.242628812789917 0.31830707192420959
v 0.74235570430755615 0.84904205799102783 0.36988362669944763
v 0.74618417024612427 1.2808481454849243 0.4128282368183136
v 0.73425373246983916 0.77413309174062706 0.34765684587768192
v 0.71449054181393323 0.81374549689899778 0.39859708992376919
v 0.7810896635055542 0.90754222869873047 0.23455360531806946
v 0.73091435432434082 0.76048481464385986 0.017381519079208374
v 0.77266210317611694 0.38501888513565063 0.15773488581180573
v 0.74195784330368042 0.65231162309646606 0.15106569230556488
v 0.7741777631599992 0.36683918899151019 0.15475743954544161
v 0.77082178180998451 0.36580243195800105 0.22709652034241964
v 0.76608384320728651 0.35051335671386852 0.22906826038641148
v 0.74312520027160645 0.38316386938095093 0.23614314198493958
v 0.75429528951644897 0.34108138084411621 0.2394268661737442
v 0.75032077063865321 0.29328409482651974 0.2431459050946341
v 0.77163600921630859 0.27581298351287842 0.20187385380268097
v 0.77471470686470589 0.27105954380394753 0.18618624243570955
v 0.7788179478391779 0.28923446781907575 0.10672433089234785
v 0.77443778514862061 0.37933799624443054 0.12787055969238281
v 0.77930181712287638 0.31850415948823407 0.13683428088652272
v 0.69787880446186923 0.36788602234045703 0.26784887969702631
v 0.60594028234481812 0.53933382034301758 0.16622747480869293
v 0.71183484792709351 0.50753277540206909 0.05338003858923912
v 0.70050811767578125 0.44543004035949707 0.15922951698303223
v 0.67473435401916504 0.34689980745315552 0.3288949728012085
v 0.6914588708413606 0.23089551668025513 0.31019541724586053
v 0.64278274774551392 0.29143795371055603 0.39256307482719421
v 0.73168599605560303 0.28181260824203491 0.29193338751792908
v 0.69140164313059782 0.35321181279239133 0.3025214702829519
v 0.71246976114633176 0.63852225649178052 0.28153346813028796
v 0.69036129118801026 0.6173581482368744 0.29527493181604675
v 0.70076489448547363 0.7205011248588562 0.36917653679847717
v 0.69949547651126576 0.61629798627311694 0.17391148277460203
v 0.70919063818322636 0.65123919466327995 0.056148783794750537
v 0.61122971773147583 0.63815480470657349 0.048657320439815521
v 0.66390530029826655 0.59167470912839537 0.14846958713319269
v 0.66800926321276843 0.58215494172473159 0.20132476663354146
v 0.69032257447861467 0.59201694060185295 0.2512473438485277
v 0.68879085245283789 0.6051663164221055 0.17808691915044106
v 0.71794325113296509 0.44776630401611328 0.14945752918720245
v 0.63607384084975127 0.45524174152729058 0.20551079827016278
v 0.21293084777007884 0.28544481403774313 0.28561610954434735
v 0.53346753120422363 0.47535401582717896 0.30141791701316833
v 0.49927598237991333 0.40409594774246216 0.322845458984375
v 0.25463189051582757 0.31875506734112385 0.30097341106459036
v 0.35620413467868295 0.35904849950369894 0.33628974156115221
v 0.25709402561187744 0.3339550793170929 0.31397876143455505
v 0.38497798297281594 0.68720363300389287 -0.095619904520481733
v 0.61175960302352905 0.54261553287506104 0.15830494463443756
v 0.61882079762896536 0.53334809027508689 0.22085902719346023
v 0.56196516752243042 0.50741320848464966 0.15471501648426056
v 0.58247953653335571 0.50970137119293213 0.28769254684448242
v 0.58601351063125229 0.50664851717817849 0.30410758443009578
v 0.31859844923019409 0.38050012290477753 0.35207158327102661
v 0.46688622765955995 0.43080270015053973 0.32500158382580391
v 0.48056397826846814 0.44341372001742863 0.33000320824929413
v 0.47558730840682983 0.45754712820053101 0.35029205679893494
v 0.46504913540352633 0.4532491782027277 0.3833582514287367
v 0.50920012765541489 0.4677045078559961 0.34005220093539079
v 0.38775629479533669 0.42650170030912049 0.38822064214371865
v 0.29617529495486816 0.39783026185499765 0.36894105137852318
v 0.1898300043610941 0.37900782584526121 0.39180926021984785
v 0.23474413122309434 0.34392713309177597 0.34037747563094439
v 0.24457679998666762 0.32796145007116673 0.3104357608544025
v 0.26466845220698038 0.33251043490956711 0.32446203208666918
v 0.47757574915885925 0.38382431864738464 0.33332511782646179
v 0.50748029580992138 0.48012516289411983 0.38230934030258756
v 0.53571879863739014 0.48568582534790039 0.36026003956794739
v 0.64825963973999023 0.26611617207527161 0.37423849105834961
v 0.677898108959198 0.26613768935203552 0.34100079536437988
v 0.68098364414286927 0.3716204172242889 0.3151879404488121
v 0.57352352142333984 0.50217229127883911 0.31920316815376282
v 0.67277276262221675 0.3793277336644944 0.32294757426600479
v 0.67085838317871094 0.5869482159614563 0.36043441295623779
v 0.38976800905785225 0.47710013966350573 0.45707574286945979
v 0.36666071098292896 0.58997645418726175 0.5320857750619078
v 0.32093936204910278 0.3382720947265625 0.37981632351875305
v 0.49322107434272766 0.5097925066947937 0.44053035974502563
v 0.42569487137585399 0.53157812577615238 0.50603123665899075
v 0.40127901777352698 0.16971766532949117 0.50334188775371935
v 0.33817386361646973 0.484513971348348 0.49981823420937943
v 0.37874636054039001 0.45803330838680267 0.44130906462669373
v 0.29555231600317622 0.40619602594837945 0.39957696519270575
v 0.35066869854927063 0.32805162668228149 0.40038946270942688
v 0.32736620306968689 0.31133979558944702 0.43615239858627319
v 0.26464238159043924 0.38758685444072 0.38083544495636479
v 0.28259146213531494 0.39220869541168213 0.38261988759040833
v 0.2686401903629303 0.27445241808891296 0.46500909328460693
v 0.2787880003452301 0.17988033592700958 0.49893143773078918
v 0.20250104342467543 0.24798449922445695 0.46101624174446093
v 0.29304376244544983 0.41974654793739319 0.43839657306671143
v 0.30120628228122365 0.4668771972227872 0.49327923811485114
v 0.27641886181638375 0.44954058706868966 0.47776595080304929
v 0.38827511668205261 0.57771939039230347 0.52959519624710083
v 0.26650066655226579 0.7192092385069544 0.57000822215667435
v 0.27421472513674772 0.6311425949597318 0.5502559149965498
v 0.23306467431685909 0.60555027255102334 0.53649821558480293
v 0.22604927403894406 0.59227649743323885 0.53768177630859915
v 0.26542976498603821 0.5693894624710083 0.53759437799453735
v 0.31711848370706369 0.27637829674597825 0.50082999899855907
v 0.3568148837787205 0.56169635916195659 0.52820563938580001
v 0.41433177797217813 0.58738983988812898 0.52702212098054146
v 0.37777784466743469 0.6682591438293457 0.56121796369552612
v 0.43557655811309814 0.6869235634803772 0.54573708772659302
v 0.36062047229193861 0.68537771839713457 0.56556129519919629
v 0.36279451847076416 0.69656461477279663 0.56123381853103638
v 0.36790191866637778 0.67846849652251084 0.56140196570389811
v 0.44437938928604126 0.52040994167327881 0.49508896470069885
v 0.29411399364471436 0.68228280544281006 0.55657094717025757
v 0.47232261300086975 0.59251886606216431 0.51738268136978149
v 0.50704844842295527 0.63024068448612869 0.51348638036952998
v 0.68099297594030828 0.6639765645756085 0.38411447563978907
v 0.63970300033904082 0.64068526266046333 0.42026567846440538
v 0.60277222869035596 0.69902425727038364 0.4837978732378081
v 0.63261646032333374 0.61217266321182251 0.41578966379165649
v 0.62910270690917969 0.56553816795349121 0.38017058372497559
v 0.6179237961769104 0.55867326259613037 0.38055360317230225
v 0.50877374410629272 0.50368261337280273 0.41893911361694336
v 0.4803086519241333 0.50212109088897705 0.43397250771522522
v 0.64640047736809769 0.29071381764363746 0.38774762504230487
v 0.64581138465539045 0.25137324571762387 0.38075620353005751
v 0.54343993741543595 0.35515074392463769 0.4293244264708565
v 0.44378679990768433 0.45264682173728943 0.39852473139762878
v 0.51587444543838501 0.48918884992599487 0.38026458024978638
v 0.32906540377893329 0.35292150731346028 0.34996388584941823
v 0.54866128941619552 0.49752634335186041 0.37143890556764686
v 0.63160226574721778 0.31921069473089086 0.38887921611883408
v 0.65367924235775043 0.26944584554779377 0.38676480389685058
v 0.5584748387336731 0.50465041399002075 0.37113368511199951
v 0.58690278206287927 0.58411312283822492 0.44204439358029485
v 0.61120331287384033 0.33215615153312683 0.39974859356880188
v 0.5908845067024231 0.32130196690559387 0.42670324444770813
v 0.5202745795249939 0.36358460783958435 0.41381067037582397
v 0.58299663060845286 0.28054386512185664 0.45441614993360346
v 0.46023027436211222 0.52571936951944909 0.48504393648127792
v 0.354726642370224 0.47976574301719666 0.48400235176086426
v 0.46095752716064453 0.26637753844261169 0.49458232522010803
v 0.43158383535057671 0.17949966241107945 0.5007147002547736
v 0.43141329288482666 0.23253065347671509 0.50053435564041138
v 0.44790836014649954 0.14680045982293966 0.48019316223390329
v 0.47503441913220068 0.13284463526671972 0.47307912421618875
v 0.51075747091212209 0.14340514981707531 0.46771863983977713
v 0.63914150213082366 0.16943643368319367 0.37668693050199709
v 0.61021143198013306 0.2167680412530899 0.41403144598007202
v 0.63971394300460815 0.18292197585105896 0.37821146845817566
v 0.57975131273269653 0.39961650967597961 0.34056943655014038
v 0.59387849538365478 0.27465883886971848 0.43695843539015411
v 0.61487439010472655 0.22589166472423888 0.41598809455841679
v 0.63387364336672025 0.11923310446206847 0.38411233841436399
v 0.55728911972659245 -0.048704719390994786 0.33023720376841204
v 0.54975661557239719 -0.033592210240705411 0.35802553727514763
v 0.46503844794890326 -0.089658656863138522 0.37047385982208503
v 0.50042432814558879 -0.041322503615998867 0.39968645368385686
v 0.60493093374043094 0.14124310664060899 0.4016661451901995
v 0.64414727687835693 0.094217546284198761 0.33440601825714111
v 0.63720840215682983 0.10831121355295181 0.37014821171760559
v 0.59616387408094385 0.051064646849493626 0.37007577434232458
v 0.57869558354554562 0.021566861921679257 0.35998928303438676
v 0.51868928436339123 -0.01120034446771734 0.40375106754342677
v 0.60528665781021118 0.054818309843540192 0.36684975028038025
v 0.52089261958800859 0.047478904888863339 0.43332281066322426
v 0.53770016369615259 0.06092206244099372 0.43467145730943529
v 0.49543755253973543 -0.037648684505654235 0.41178554857182448
v 0.48413400374362542 0.085081872059518213 0.46040457840526239
v 0.24163159728050232 0.21316109597682953 0.49452844262123108
v 0.30868706080655045 0.13759391433532736 0.50545385212310046
v 0.50027644634246826 0.2577534019947052 0.49259933829307556
v 0.38953318525111724 0.15079339023441393 0.50202178606852399
v 0.38812714815139771 0.12861064076423645 0.49808093905448914
v 0.41597503423690796 0.16623313724994659 0.49741706252098083
v 0.40419654923146797 0.2755796971808 0.51403951302435402
v 0.37063762142774709 0.12727434581351285 0.49470007272741162
v 0.31406739354133606 0.14876577258110046 0.5076897144317627
v 0.31692302227020264 0.24958866834640503 0.51223796606063843
v 0.28842413425445557 0.14604774117469788 0.5040631890296936
v 0.31003105640411377 0.17467604577541351 0.50706285238265991
v 0.26531398296356201 0.2615191787481308 0.47306118905544281
v 0.20170459151268005 0.1056094691157341 0.47636505961418152
v 0.23918179433452363 0.14546843328569312 0.49001222687533813
v 0.22485974111283916 0.13755871097225666 0.48869251935417946
v 0.23970561067454657 0.16030602632088417 0.50088934685420583
v 0.28021360754853936 0.12231279241602823 0.49899318000602966
v 0.30700453290702046 0.10025318938631604 0.49776715133445837
v 0.28744295832685446 0.0087710735684109527 0.48608490660891607
v 0.3385763136260741 0.037570611267199246 0.4840653434012544
v 0.3334909975528717 0.033730730414390564 0.48632243275642395
v 0.28931394988382753 0.055406113644487429 0.49039941378370505
v 0.27486497163772583 -0.025554189458489418 0.47595459222793579
v 0.24698481841687714 0.040600641563351594 0.48462490298198174
v 0.25475265370983413 0.005951452688516678 0.48041177903154647
v 0.2671201081299604 -0.0023811015553934717 0.47991532832453132
v 0.30235626585044184 -0.082086955862626931 0.45440918567070626
v 0.23786578091031496 -0.13824662302404603 0.40949261297958645
v 0.2662327513263103 -0.022077480854280709 0.47444105262431135
v 0.29648384076761758 -0.061829464814171856 0.45863094510297187
v 0.47002428770065308 0.12722091376781464 0.47437554597854614
v 0.40887507796287537 -0.036724790930747986 0.46423408389091492
v 0.41946660830850102 -0.12029669287359908 0.36522070406630852
v 0.3582766205072403 -0.076673921197652817 0.45040398836135864
v 0.31669777631759644 -0.14029647409915924 0.38979077339172363
v 0.33590933680534363 -0.090435601770877838 0.44180026650428772
v 0.39408284425735474 -0.15629419684410095 0.25960969924926758
v 0.50868426375240117 -0.10269815617206655 0.25625666176189799
v 0.51083304469781099 -0.058851238956391071 0.3802349965440196
v 0.46774336695671082 -0.12392254173755646 0.27036511898040771
v 0.37448585383657129 -0.1584816624410027 0.1820212331276706
v 0.39438566413448406 -0.13474223926531495 0.13180111317924043
v 0.28769057971616885 -0.063269328871479583 0.14466380277888549
v 0.43544390797615051 -0.1421598494052887 0.21121858060359955
v 0.25135445698128434 -0.10184726775037245 0.11508938776339309
v 0.27454274892807007 -0.10159771144390106 0.084916390478610992
v 0.29866510209153879 -0.18656226064962295 0.14737536404502627
v 0.28704634308815002 -0.11673074215650558 0.080266587436199188
v 0.23576111055628787 -0.66057196793731354 0.038327795704117117
v 0.2138347327709198 -0.15800066292285919 0.079652316868305206
v 0.23027466063751567 -0.78573150672758352 0.046668253869576994
v 0.33364237102288358 0.047856756990635921 -0.0073293875705990148
v 0.19160139909954421 -0.24362531299625587 0.062177702265049199
v 0.24283269091514209 0.11733988994518939 0.066069864642157791
v 0.56223297119140625 0.5666501522064209 0.00013859999307896942
v 0.24532055209727266 0.098152137373715073 0.068568916206208433
v 0.28654234780448856 -0.72614610661887824 0.057093061692980798
v 0.31331645301951783 -0.67183903300609615 0.052847804020885125
v 0.27801925686208129 -0.15206638713098061 0.051124432647073913
v 0.24776630944055464 0.30380401435189819 0.31945828618139677
v 0.46997302770614624 -0.070552922785282135 0.084959328174591064
v 0.41487819752597366 -0.024949293613740889 0.0030146358562303166
v 0.43762048059143788 -0.028501734209023764 0.0015345897681596666
v 0.38192640864317406 -0.75137523793910987 0.051564584811924899
v 0.34247370980272485 -0.64370438930176188 -0.0044406175000797268
v 0.34103785191407787 -0.69478672162788624 0.052334221039146894
v 0.34613831645748422 -0.16890575112353307 0.21559135317947686
v 0.36187252402305603 -0.77592629194259644 0.051874570548534393
v 0.2928023636341095 -0.86745589971542358 0.040163718163967133
v 0.46233004224610763 -0.088225794038354524 0.10099292861225451
v 0.55837055543883252 -0.054205788703639297 0.081880837260234304
v 0.4771689772605896 -0.11718486249446869 0.16101108491420746
v 0.56032516729492554 -0.077410564036436161 0.25379260872612741
v 0.51666128535764722 -0.067777994457481575 0.35078777009925033
v 0.50442861960136787 -0.086350759847073147 0.32668236799459471
v 0.55987511601950135 -0.075548080705286597 0.25027397340654833
v 0.57155367921430578 -0.026336471375125951 0.33154708658773779
v 0.63978046901125873 0.037013061196248052 0.30780186382293162
v 0.64263778924942017 0.085518419742584229 0.34694570302963257
v 0.58402222394943237 -0.007157640065997839 0.32602238655090332
v 0.61180109268261318 0.036283993380563095 0.33768327772678391
v 0.68596303462982178 0.11865291744470596 0.28903527557849884
v 0.63615418897271081 -0.010674604180056092 0.22412848218476664
v 0.65610742568969727 0.039780348539352417 0.29500791430473328
v 0.75452357530593872 0.15139125287532806 0.11600896716117859
v 0.7579658031463623 0.15388557314872742 0.086737990379333496
v 0.77554121179216762 0.27788703641760742 0.086843159402202927
v 0.78913922308280215 0.24827661582448524 0.094347743752203603
v 0.63779285091494287 0.00044814812550613168 0.04774441466371656
v 0.75560771577252239 0.21682167207376773 0.22140060688888347
v 0.70334186285604261 0.21247318571204779 0.30318329178060593
v 0.74061411619186401 0.25328835844993591 0.27248898148536682
v 0.74324687539985168 0.1742516205877348 0.24473503320117471
v 0.6761937141418457 0.10755903273820877 0.29167601466178894
v 0.75389665365219116 0.27551349997520447 0.24217680096626282
v 0.69330409545726446 0.082851619094348433 0.2455054212767962
v 0.68359321355819702 0.10497508198022842 0.28878685832023621
v 0.67433478503827804 0.050506560173325638 0.25901340993936883
v 0.69762825009446383 0.058842504330201065 0.13390495743831163
v 0.7019304633140564 0.087830372154712677 0.197684645652771
v 0.73508346080780029 0.098255783319473267 0.15422928333282471
v 0.73527699571130101 0.12268901391453045 0.11650817912597777
v 0.7669823169708252 0.14193816483020782 0.076145976781845093
v 0.76074344306923047 0.15648213821691431 0.086039763738109842
v 0.73492038249969482 0.11609601229429245 0.079055793583393097
v 0.58688769597533796 -0.69049925423316327 -0.048970646895655376
v 0.5997436904377258 -0.72558871072942022 -0.056734799411272872
v 0.6162523627281189 -0.68247771263122559 -0.078695669770240784
v 0.63836579764924417 -0.67718235187459019 -0.089591443992949119
v 0.60386478900909424 -0.66031360626220703 -0.085729561746120453
v 0.52422183752059937 -0.62428826093673706 -0.092598043382167816
v 0.58034127950668335 -0.70876336097717285 -0.05556488037109375
v 0.5367169976234436 -0.82531672716140747 -0.057999260723590851
v 0.5035741925239563 -0.77645808458328247 -0.02348737046122551
v 0.53165173530578613 -0.7378925085067749 -0.00099911994766443968
v 0.55314908536975183 -0.79272109613161335 -0.047045142447304802
v 0.49800809151343811 -0.82772492854385182 -0.066656496093364007
v 0.56289880830826566 -0.8139671191104545 -0.066089033662523639
v 0.4665597677230835 -0.69800007343292236 0.01671610027551651
v 0.62024460845829865 -0.65103303661230161 -0.092949708250926008
v 0.47222158312797546 0.075008071959018707 -0.088485732674598694
v 0.54814863204956055 -0.86538714170455933 -0.10426017642021179
v 0.53177484646228701 -0.86365541207466812 -0.10198973259972904
v 0.66585046052932739 -0.70015716552734375 -0.16072304546833038
v 0.63772940635681152 -0.78445136547088623 -0.19533908367156982
v 0.6262054443359375 -0.7722853422164917 -0.16523121297359467
v 0.64747357368469238 -0.7083168625831604 -0.083449609577655792
v 0.75696486234664917 0.14854095876216888 0.059599090367555618
v 0.5926211451996356 -0.62605290171737127 -0.16076375220653905
v 0.60974091291427612 -0.63212794065475464 -0.14958564937114716
v 0.62769049406051636 -0.63824588060379028 -0.14731751382350922
v 0.58912944793701172 -0.63167518377304077 -0.14624544978141785
v 0.55193496319078938 0.16629130223894695 -0.16476962365145278
v 0.52291995286941528 0.1179700531065464 -0.13047525659203529
v 0.50389474630355835 0.063062943518161774 -0.069576658308506012
v 0.47644332672990797 0.58666002465403999 -0.11937266751609096
v 0.41908477949975803 0.031141297618264042 -0.0738649093176105
v 0.51810985803604126 -0.61855530738830566 -0.1645282655954361
v 0.57583690562841605 0.094282221317170539 -0.079155535360674115
v 0.58365398645401001 0.065442442893981934 -0.041669610887765884
v 0.55763438637468465 0.026486543355594087 0.015762499585239349
v 0.54142290353775024 0.027901209890842438 0.0032937799114733934
v 0.5615670245986123 0.0034766626779522227 0.024485171387865039
v 0.65887272357940674 0.12805071473121643 -0.047434281557798386
v 0.65579735326193955 0.019985387520275715 0.046441010407307352
v 0.74761796278519477 0.22662410406665257 0.023872489558378611
v 0.69055310183808016 0.22817954112759783 -0.11454119682139066
v 0.62901078730938997 0.22442233904658807 -0.14418143425781463
v 0.69124271390131775 0.16614266205146175 -0.076349118188313775
v 0.6481403112411499 0.34188959002494812 -0.15688799321651459
v 0.72919946908950806 0.40274932980537415 -0.10141188651323318
v 0.75699062603118672 0.43353645823044634 -0.05597249274909212
v 0.68161338567733765 0.65532279014587402 0.029810259118676186
v 0.70346289873123169 0.74368613958358765 0.0060566700994968414
v 0.67044067474701341 0.62618175692518196 0.055309029638839484
v 0.69047009944915771 0.65844988822937012 0.016988260671496391
v 0.64894133806228638 0.62073320150375366 0.063394650816917419
v 0.66437315043888656 0.66228712849165428 0.052930992767127788
v 0.48008428250566643 0.69051336695920829 -0.094455184584727528
v 0.56661087274551392 0.60375010967254639 0.013596960343420506
v 0.57925785647549788 0.60561197411666945 0.059641541174822087
v 0.59745868645998768 0.62049301695472059 0.042814769515032131
v 0.48777001486155985 0.7052189863676348 -0.09744739816519056
v 0.57188665866851807 0.6584206223487854 -0.016565680503845215
v 0.60545521974563599 0.68115502595901489 -0.019469419494271278
v 0.49958667159080505 0.6881987452507019 -0.089083090424537659
v 0.61061023487373822 0.6906785376321064 -0.028289991956458503
v 0.49759773646008026 0.6154948957748696 -0.094313195944169689
v 0.51510518789291382 0.57547444105148315 -0.16975590586662292
v 0.48096564412117004 0.56546932458877563 -0.14669029414653778
v 0.52362531907183896 0.61511417959822223 -0.022505527488488389
v 0.49636740473326729 0.62750251306416893 -0.079325354667577161
v 0.52602280762393316 0.62105925122543204 -0.035405934023323614
v 0.55870407914998443 0.2138145085842611 -0.19160117821457542
v 0.64634246011616314 0.5242725188684525 0.012391616965057868
v 0.63480132818222046 0.53050047159194946 -0.12969008088111877
v 0.64294761419296265 0.53245121240615845 -0.091330260038375854
v 0.57639491558074951 0.5523260235786438 -0.031491748988628387
v 0.54690134525299072 0.58182281255722046 -0.11856450885534286
v 0.39545186609116389 0.72562857656186508 -0.12472602750196768
v 0.34422583050261379 0.0424747478748152 -0.019053584985874238
v 0.38163003325462341 -0.0077355899848043919 -0.0060399798676371574
v 0.42577672004699707 -0.0072592198848724365 -0.017428439110517502
v 0.36604049801826477 0.046321701258420944 -0.070201613008975983
v 0.33269056677818298 -0.878071129322052 -0.32921230792999268
v 0.47296417170279498 0.065838108243440135 -0.1133884924283422
v 0.39225404213983195 0.046932931625301724 -0.084027107234819737
v 0.32296624779701233 0.11589425057172775 -0.15242910385131836
v 0.46386657655239105 0.10485151782631874 -0.14026708155870438
v 0.45789931333989548 0.14558971243827876 -0.18521602216927852
v 0.45103786344971586 0.099367657240370458 -0.142504384282059
v 0.52546410741964711 0.69308825215461345 -0.084122754444604236
v 0.3867318332195282 0.13282820582389832 -0.1869388222694397
v 0.39397019550113577 0.076607849318833368 -0.11890086615140517
v 0.34705463051795959 0.65563011169433594 -0.10993257164955139
v 0.37509328126907349 0.69837844371795654 -0.10173270851373672
v 0.55676698684692383 0.60356152057647705 0.01272938959300518
v 0.27855635561229536 0.62496019008331827 -0.20345695551980986
v 0.52489346265792847 0.62975615262985229 -0.05285022035241127
v 0.53774732164693917 0.64527731424422863 -0.045880350396287781
v 0.3620908260345459 0.72624379396438599 -0.11734744161367416
v 0.42484044431336765 0.65560251589019813 -0.062920255544902923
v 0.48253506422042847 0.63093167543411255 -0.1152593195438385
v 0.40979644656181335 0.67460006475448608 -0.10399544984102249
v 0.51906222105026245 0.61365550756454468 0.0082470597699284554
v 0.56673622131347656 0.5989266037940979 0.047205578535795212
v 0.26685013084045617 0.10431383034931449 0.016285368154638172
v 0.45430988767761904 0.055262393239545959 -0.096902608738067941
v 0.18002935053109312 0.24496692421216151 0.2023552397590411
v 0.34230377934971074 0.092162578666772924 -0.12894707945027553
v 0.39959705193022066 0.62188182265959902 -0.13233007260982471
v 0.3234347483703906 0.66905308169052236 -0.10928102035540854
v 0.3486236035823822 0.072574712336063385 -0.10057161748409271
v 0.35373318688125116 0.74079923961479077 -0.13233746025070528
v 0.24026529293849536 0.14336216521363837 0.054978765798181103
v 0.21711278942767923 0.15387040759260748 -0.030705798376579052
v 0.21604833146545249 0.74351513671707825 -0.081683816240679066
v 0.22077172994613647 0.70023161172866821 -0.082947060465812683
v 0.31492800884440458 0.72078722706197507 -0.10747640636857397
v 0.32621641490530084 0.68488742110659939 -0.081499456041132526
v 0.28682263396398633 0.8184089687699645 -0.16137752840852729
v 0.26004564762115479 0.65135443210601807 -0.16144737601280212
v 0.37314464590373109 0.067119091983759371 -0.11573184714271689
v 0.28479927778244019 -0.17954422533512115 0.1306387186050415
v 0.26260817050933838 0.12052193284034729 -0.029444210231304169
v 0.24610249698162079 -0.50840413570404053 -0.13914187252521515
v 0.30604460835456848 -0.54367649555206299 -0.15236195921897888
v 0.33252666847310691 0.086240984585165117 -0.098114004992018541
v 0.30381428966819685 0.038739976183560607 0.020056426226630571
v 0.16655556374812874 -0.04189920115490009 0.019625043660330136
v 0.21162299290059616 -0.23944780383863126 -0.073951514754950556
v 0.23106955795922207 -0.63614073150235539 -0.0034577130589568215
v 0.20817366753098826 -0.57756833004386254 -0.074622833057246943
v 0.32616516947746277 -0.81792658567428589 0.043991651386022568
v 0.24030556922200366 -0.77195286457045154 0.04997834810998221
v 0.26134414534942441 -0.77723704178228281 0.046958975829657058
v 0.21480855736359319 -0.91414745044946888 -0.041432986257603457
v 0.29431208867630759 -0.90166090577754798 0.01606014782900652
v 0.31540093204026431 -0.84237513428777477 0.041523302563321422
v 0.44456377625465393 -0.66819417476654053 -0.023459939286112785
v 0.50586879253387451 -0.76595532894134521 -0.024160869419574738
v 0.38101696968078613 -0.66751390695571899 0.017683230340480804
v 0.39149615168571472 -0.67976385354995728 0.028541350737214088
v 0.35036660426882021 -0.021130249700707787 0.025902309651404106
v 0.39741030419151391 -0.70014982510857771 0.032902125581582363
v 0.47021692991256714 -0.66901302337646484 0.0013476399471983314
v 0.45327830177218936 -0.6721601452373297 0.011660970400994362
v 0.33793348073959351 -0.63407021760940552 -0.011937170289456844
v 0.45833176374435425 -0.65649306774139404 -0.045174591243267059
v 0.42684557910476023 -0.63121236803049052 -0.057460600120553505
v 0.44940701127052307 -0.62732827663421631 -0.069337218999862671
v 0.41350538248407764 -0.60943098509167459 -0.054629755630397771
v 0.42594477534294128 -0.90782761573791504 -0.043625101447105408
v 0.43807744127176879 -0.93394370102233615 -0.077264980433372099
v 0.45100393891334534 -0.96728605031967163 -0.12908455729484558
v 0.43664802659533575 -0.97190440537773315 -0.10454496379444339
v 0.35757015319562607 -1.0059405822453975 -0.12826469440917218
v 0.43091872334480286 -0.95821750164031982 -0.1040775328874588
v 0.40407009425372042 -0.91944512091134267 -0.038566844386422779
v 0.32260131333303987 -0.66091705116743271 0.0083433325974604042
v 0.41022363305091858 -1.0002087354660034 -0.13284294307231903
v 0.36638945341110229 -1.013896107673645 -0.13782371580600739
v 0.34035614132881165 -1.0047119855880737 -0.1158660501241684
v 0.29537439346313477 -0.96864622831344604 -0.11035478115081787
v 0.25921553373336792 -0.98268282413482666 -0.14518378674983978
v 0.28915011882781982 -0.99218231439590454 -0.10529211163520813
v 0.25899434089660645 -0.91584634780883789 0.002076019998639822
v 0.39408004283905029 -0.60230076313018799 -0.062028948217630386
v 0.20598601366808744 -0.60568039944512764 -0.10144317261564118
v 0.37734026374858065 -0.58371669140819904 -0.16813097345559785
v 0.24151518293894583 -0.52913350884375798 -0.29717827507228217
v 0.2164689366171457 -0.54891195057662623 -0.35042323739377473
v 0.2514718770980835 -0.87136989831924438 -0.2726806104183197
v 0.22748826444149017 -0.87111622095108032 -0.30324622988700867
v 0.2581733763217926 -0.96826982498168945 -0.33607703447341919
v 0.2802073061466217 -0.92262566089630127 -0.3107694685459137
v 0.24913641961360444 -0.7608256173357193 -0.40937986321733277
v 0.32780253887176514 -0.9402153491973877 -0.34593415260314941
v 0.29739391803741455 -0.85572171211242676 -0.3210100531578064
v 0.24455206930352846 -0.92192355061535824 -0.27819339075439503
v 0.32509449386821521 -0.81526271481947177 -0.3677640028843277
v 0.33186322450637817 -1.0157687664031982 -0.12939481437206268
v 0.29673313415629182 -0.95392051744704132 -0.30356275878150912
v 0.32305690791662667 -0.85405148561367961 -0.35529061845460308
v 0.30612041554006614 0.16365502122715267 -0.18176712806204948
v 0.37491238117218018 -0.58627063035964966 -0.29709720611572266
v 0.3529248833656311 -0.5494810938835144 -0.31409353017807007
v 0.35937216830349805 -0.55095607122538892 -0.32278686477297674
v 0.36414600908756256 -0.56372955441474915 -0.33246269822120667
v 0.34535952958208471 -0.56639883294356752 -0.34536736745476215
v 0.41471678018569946 -0.62292110919952393 -0.35384318232536316
v 0.42720774481157525 -0.67317103616839613 -0.34472913145473871
v 0.36122099863593998 -0.57963941877108838 -0.36570792562351123
v 0.35638604990070838 -0.56617051727080425 -0.35054601098877197
v 0.36946865916252136 -0.60704457759857178 -0.38774567842483521
v 0.36029612429460878 -0.79475048085686362 -0.36261050217445073
v 0.32934433221817017 -0.84137547016143799 -0.36126670241355896
v 0.33847853878270928 -0.85614425248878734 -0.39413249353766183
v 0.31314170360565186 -0.84414178133010864 -0.39515218138694763
v 0.21295194327831268 -0.80666840076446533 -0.40405964851379395
v 0.24704301357269287 -0.69049078226089478 -0.39512759447097778
v 0.22125396063913549 -0.77808547143270523 -0.40120816034458107
v 0.28718346357345581 -0.64776647090911865 -0.39479056000709534
v 0.25806442860792456 -0.64624444704760842 -0.39355440589566321
v 0.27845223639760552 -0.55592553890893737 -0.36032322778361953
v 0.29477972440941469 -0.58091901455727246 -0.36616221698712059
v 0.24594065546989441 -0.50977253913879395 -0.29266002774238586
v 0.21362301707267761 -0.57994282245635986 -0.37334385514259338
v 0.25963345150105105 -0.60040410920449339 -0.39357894602690252
v 0.23917822539806366 -0.5148768424987793 -0.2978760302066803
v 0.37939237058162689 0.15777584165334702 -0.19876871258020401
v 0.19264445380283257 -0.3920067253043909 -0.1713482427226008
v 0.25602620840072632 -0.49972242116928101 -0.263175368309021
v 0.25829276475895002 -0.45933139051073812 -0.23002318868862343
v 0.25449347496032715 -0.41709661483764648 -0.18271994590759277
v 0.22845483064189714 0.14845718221698598 -0.12539434643927239
v 0.18467273190264802 -0.40126510881997629 -0.19759680334834442
v 0.259021318645905 0.21786019733109865 -0.20910282311878378
v 0.24348863959312439 0.31886154413223267 -0.24984033405780792
v 0.21914441359979037 0.35736922657929515 -0.24288599738773375
v 0.3600741967867877 0.13830442572281651 -0.17803554445667952
v 0.26558631658554077 0.63455140590667725 -0.19814313948154449
v 0.25255686845200098 0.55279121426414146 -0.25459508404570497
v 0.24452520096611483 0.44263471692122575 -0.26498208372450954
v 0.33308771699266898 0.4556619265369764 -0.27712084065712345
v 0.2936394214630127 0.54045212268829346 -0.2677905261516571
v 0.3137647807598114 0.43069669604301453 -0.28247788548469543
v 0.38638145806153279 0.47535036709258149 -0.27177012735456307
v 0.2951396343122103 0.57081505250432563 -0.24869995752955054
v 0.35812431734732608 0.47097193579890412 -0.27830508131251908
v 0.34587249159812927 0.63119584321975708 -0.1817689836025238
v 0.37300590926864918 0.58743075318409155 -0.22477524627356152
v 0.3710429956742517 0.56322679857492208 -0.24728993829986151
v 0.36543211340904236 0.41235020756721497 -0.27130796015262604
v 0.38189331401293602 0.37741724341303245 -0.25902926215181138
v 0.33233291666004455 0.52668525248701914 -0.27017494007125498
v 0.30606158758284957 0.41222296828296301 -0.27808977194969819
v 0.32132552586550223 0.37734093152055798 -0.26911629220642647
v 0.35990891095030381 0.40039999340993421 -0.26477622183728883
v 0.37244495749473572 0.39972883462905884 -0.27017080783843994
v 0.39021196961402893 0.41204583644866943 -0.27845856547355652
v 0.35854022944159691 0.1962111623639704 -0.22821040228419304
v 0.34633126854896545 -0.54758971929550171 -0.29851275682449341
v 0.37935805320739746 0.36290892958641052 -0.26369753479957581
v 0.4290657639503479 0.15047080814838409 -0.18752309679985046
v 0.33784871412187817 0.21699433631753395 -0.24637041097657852
v 0.3657628377717968 0.62410814950762128 -0.15662964032513055
v 0.37998834247574931 0.20792841755348382 -0.23903985991240573
v 0.32767105102539062 -0.52479380369186401 -0.23525127768516541
v 0.3600905968293367 0.22183590386841284 -0.24307988007308859
v 0.28921172022819519 0.33012175559997559 -0.25902345776557922
v 0.32760387659072876 0.24807329475879669 -0.25037509202957153
v 0.37085685004942082 0.24136746352907196 -0.25612671213751331
v 0.31128278374671936 -0.52116316556930542 -0.29326081275939941
v 0.33920421139975582 0.38747160394118624 -0.27241208004678619
v 0.43714611873444065 0.38202061624055189 -0.27341214683347126
v 0.4350140243768692 0.36629810929298401 -0.26838347315788269
v 0.41486649436754608 0.3308272384089791 -0.26669434140187076
v 0.39244425296783447 0.21783547103404999 -0.23525753617286682
v 0.48598796129226685 0.3228035569190979 -0.25782430171966553
v 0.46442350458518572 0.32835357865879689 -0.26613515810444949
v 0.3829512473151398 0.51919326750149164 -0.26415838484685406
v 0.4607198998842213 0.58572269210213279 -0.16339033981885898
v 0.3817417323589325 0.50160014629364014 -0.25706973671913147
v 0.43825279653824512 0.55084603220565675 -0.23054523983177264
v 0.40510866045951843 0.50268304347991943 -0.27135413885116577
v 0.37873153763414208 0.56827249088366627 -0.24756195353071694
v 0.35219323635101318 0.57269459962844849 -0.23452365398406982
v 0.39344325661659241 0.50873059034347534 -0.26298841834068298
v 0.41548344902742845 0.41448192094785746 -0.27828986267237421
v 0.40789689139134139 0.39712300618343432 -0.27636903153553499
v 0.41376861929893494 0.528389573097229 -0.26018974184989929
v 0.47993570566177368 0.43982061743736267 -0.25752401351928711
v 0.41684839129447937 0.5127410888671875 -0.26235824823379517
v 0.47625452280044556 0.47450041770935059 -0.25830651819705963
v 0.64421278205259302 0.43441255120874106 -0.18761579815130144
v 0.55090844631195068 0.39400377869606018 -0.23898045718669891
v 0.56366605195703867 0.49275594472404521 -0.21993144698490125
v 0.53165631637799526 0.4679595948724346 -0.24289671413696198
v 0.50726026296615601 0.54667091369628906 -0.21505168080329895
v 0.46366102993488312 0.56969109177589417 -0.18349972367286682
v 0.62920128973723266 0.48086469149158562 -0.15406930640441782
v 0.53406834602355957 0.56251829862594604 -0.16229064762592316
v 0.55741626024246216 0.541920006275177 -0.16434429585933685
v 0.57016146275002211 0.41454336674770598 -0.21442780448441628
v 0.63997125625610352 0.40438637137413025 -0.16939677298069
v 0.60355685364688916 0.36681705709498347 -0.20875191621180147
v 0.60074484348297119 0.25235253572463989 -0.18269538879394531
v 0.60795443300616037 0.2710237824640373 -0.18538635158651459
v 0.61221985131241385 0.34117422582876278 -0.2031776145390618
v 0.57690227528485738 0.23671678122968309 -0.1954471928611847
v 0.58451282978057861 0.25810307264328003 -0.19970619678497314
v 0.59600507131126446 0.23268351501020015 -0.17740387455781698
v 0.53021761897107211 0.23346574845789136 -0.22383346832642642
v 0.54373299540742492 0.38825100766671211 -0.25119856871924939
v 0.54033614319270018 0.21123299442392435 -0.20685078832868611
v 0.51093709468841553 0.20083460211753845 -0.21294699609279633
v 0.50482583045959473 0.23997659981250763 -0.22520530223846436
v 0.49452293967701588 0.23790661026393434 -0.22603779406248817
v 0.51124813089642573 0.30404593155897885 -0.26268108428630577
v 0.37069511413574219 -0.62692916393280029 -0.39252632856369019
v 0.37369906179443385 -0.63724321369248427 -0.38987779132452249
v 0.49040425736098825 -0.58766608557935984 -0.31613789616344434
v 0.48783490061759949 -0.59517174959182739 -0.32609361410140991
v 0.46765683239425165 -0.59316694989027308 -0.32953278467165992
v 0.49457366015382992 -0.62997984327580825 -0.32849601316983995
v 0.50140625238418579 -0.64259707927703857 -0.33009955286979675
v 0.46118317544460297 -0.61724087595939636 -0.34411187469959259
v 0.5149467582940378 -0.62595380103467002 -0.31765511761485843
v 0.52934265044017947 -0.64025566098475484 -0.30811277703942413
v 0.41493882194162163 -0.60149797035053176 -0.35507902456056761
v 0.36690317787979437 -0.57646921748746438 -0.3559994039230101
v 0.40329459282528807 -0.57053226666210977 -0.32986734433073239
v 0.41371741890907288 -0.58928900957107544 -0.34810492396354675
v 0.46630277072288934 0.19749626895655212 -0.220978520819339
v 0.32864276831176997 -0.60699602190049917 -0.39348400939189648
v 0.55498578339497195 -0.61066482114392695 -0.17550964220997242
v 0.53984797490762626 0.16129141213836576 -0.17333481196950451
v 0.5564460181057983 0.18141095453826794 -0.17982266676636671
v 0.53662168979644775 0.19323226064443588 -0.19607707858085632
v 0.52402114868164062 -0.58348476886749268 -0.20470169186592102
v 0.59161669015884399 -0.61387014389038086 -0.2534564733505249
v 0.62873584032058716 -0.79213583469390869 -0.16907122731208801
v 0.65150803327560425 -0.66910582780838013 -0.19593958556652069
v 0.65501320121676909 -0.71270905491954062 -0.2293270108764045
v 0.62579189210692876 -0.65925212404893929 -0.24382098719181949
v 0.57344704866409302 -0.84007477760314941 -0.23516573011875153
v 0.61682498455047607 -0.83323222398757935 -0.1957467794418335
v 0.52031469345092773 -0.80357307195663452 -0.28763625025749207
v 0.63979113101959229 -0.76130259037017822 -0.16194668412208557
v 0.52477335929870605 -0.762581467628479 -0.28324970602989197
v 0.50901442499041805 -0.74693258182114586 -0.29247115980719357
v 0.4803814082147484 -0.94067975889203714 -0.13740710902921108
v 0.5132706294689352 -0.76433985821747585 -0.29639877661273617
v 0.56053644418716431 -0.74047893285751343 -0.25689783692359924
v 0.57051526495302129 -0.81643593490240995 -0.27900784426531045
v 0.51070600748062134 -0.63997548818588257 -0.3220885694026947
v 0.4262885319544184 -0.82520531679712561 -0.3620546958759035
v 0.37130245566368103 -0.86020845174789429 -0.3355201780796051
v 0.4865671694278717 -0.66147303581237793 -0.32551479339599609
v 0.47825762629508972 -0.64938133955001831 -0.33329331874847412
v 0.35952017691422383 -0.70779485872352055 -0.41578571613142506
v 0.4204622209072113 -0.84549272060394287 -0.35482829809188843
v 0.30611167128823569 -0.85137926128851849 -0.35234662892040725
v 0.38803624612122678 -0.83778720584912947 -0.33981287351290757
v 0.3767639696598053 -0.90570271015167236 -0.36539831757545471
v 0.3803715705871582 -0.72212338447570801 -0.43251499533653259
v 0.43847537519062235 -0.81931292098997444 -0.32037400060160176
v 0.42986086010932922 -0.79702973365783691 -0.32115238904953003
v 0.47264758681061791 -0.72721442906440859 -0.34137951006511047
v -0.01606874081225643 -0.68410380171074792 -0.23718756095908378
v -0.011943337000584241 -0.77724402403923076 -0.17413974445119196
v 0.0046899500302970409 -0.77646183967590332 -0.18571394681930542
v -0.032409923102108724 -0.71321914369255957 -0.20598247603734904
v -0.042906714842298022 -0.68330622252291762 -0.2038628955574093
v 0.015866609290242195 -0.66237139701843262 -0.27913758158683777
v 0.038532510585435858 -0.73417640824122843 -0.29528646784758089
v 0.018613265137702912 -0.76924441661336718 -0.20887389655334376
v 0.016009111671763797 -0.74880447878518519 -0.2401963820409363
v 0.041827159002226638 -0.77632147095535864 -0.2606173040062616
v 0.024433599136490101 -0.72872267454113837 -0.26014951866724823
v 0.038406770676374435 -0.72120082378387451 -0.27496975660324097
v 0.032330349087715149 -0.7544018030166626 -0.29283046722412109
v 0.052374307427336411 -0.77380850263923084 -0.30395599895203107
v 0.05209814938336306 -0.74706984798225495 -0.32097256349588094
v 0.060794021940489787 -0.67710866939598391 -0.31563007358680595
v 0.077812584171303947 -0.77239380815427616 -0.30575974112604198
v 0.055855574680414882 -0.80519646461239258 -0.21894125124068789
v 0.055619578808546066 -0.83001166582107544 -0.19809302687644958
v 0.057720519602298737 -0.86252123117446899 -0.20501169562339783
v 0.079344775541175777 -0.84188078808235411 -0.20118737588497998
v 0.045213422509450651 -0.8046361190510124 -0.1916924239004037
v 0.011134243493051784 -0.79188912033603243 -0.18055960580281827
v 0.016405023193720242 -0.78860579946135689 -0.15651107896883232
v -0.013090145741366176 -0.77623675220919286 -0.14518281441125688
v -0.0075890999287366867 -0.77202755212783813 -0.12332958728075027
v -0.029568678817763282 -0.75714214016508063 -0.13202023616028088
v -0.046454649418592453 -0.72528350353240967 -0.18478910624980927
v -0.02776832279252648 -0.74566271580925814 -0.17281283160205477
v -0.028175834392880347 -0.75886952992619272 -0.16577774842622831
v -0.039266869425773621 -0.69757252931594849 -0.16214245557785034
v -0.061241123945276463 -0.65701854900575907 -0.137907845564683
v -0.058757348222208586 -0.67168257766516259 -0.13476229530150829
v -0.045402090510425937 -0.71608559449833575 -0.1600882967049162
v -0.02014251989784736 -0.72804573140825701 -0.11877814036663396
v -0.067744890751828629 -0.65275071417238473 -0.12670669739982049
v -0.077029070361345806 -0.63160985823361393 -0.11810738691088661
v -0.057827429934153275 -0.63765549789308618 -0.18123673113902777
v 0.06008606031537056 1.0251843929290771 -0.10034327208995819
v -0.061544270925333364 -0.58399244900928859 -0.17538101588792299
v -0.084554888308048248 -0.55338382720947266 -0.13133731484413147
v -0.018959022443297481 -0.72839941134157804 -0.079336012637747103
v -0.054521383396237612 -0.59476498149296586 -0.18075172104611481
v -0.046162020415067673 -0.65645456314086914 -0.16859279572963715
v -0.026213248496400526 -0.55851473833730858 -0.21285683328898433
v -0.037385473911025084 -0.58993831791083173 -0.20690226353041311
v -0.024258449673652649 -0.62289488315582275 -0.22388896346092224
v -0.0433582207925799 -0.6039195704639333 -0.20234838774651162
v -0.046664254739880562 -0.64323738217353821 -0.19959937781095505
v -0.036760974401851713 -0.63264765080839847 -0.22128215879822902
v 0.0051167714831842929 -0.56681165409061096 -0.24927545117508215
v 0.034365654690493228 -0.64198740209593852 -0.28923029582986048
v 0.063368908056445239 -0.52497042193472365 -0.27767190156882632
v 0.051172280714002295 -0.58169791929247705 -0.28362320824367537
v 0.07165792425991821 -0.57535817427599789 -0.30684147710414594
v 0.086815195586919178 -0.54876732692124286 -0.29839198723074928
v 0.046442052335970811 -0.60704517624331611 -0.2980204831821025
v 0.080193974840324714 -0.68731534218982704 -0.3251891839982049
v 0.00049172999570146203 -0.56288456916809082 -0.23667456209659576
v 0.01078165385079723 -0.62154108873994518 -0.2586783526435244
v -0.015886279689568138 -0.67376690009970319 -0.23269039900031735
v -0.012155072724349722 -0.60277224894268 -0.22982766265996565
v -0.018506373884441714 -0.62666597575041194 -0.23294103921749137
v -0.0091929698828607798 -0.56319794058799744 -0.22805780917406082
v -0.0089648557220817337 -0.57572386655208463 -0.23963515038736544
v -0.021447882066945281 -0.53457622880310929 -0.22295700746233668
v 0.0061754398709604882 -0.52497801034582559 -0.23101822346656486
v -0.0083178628784532308 -0.50781341585529294 -0.21632804389476026
v 0.018652001623251015 -0.49815269540757667 -0.23861049172685089
v -0.065010013643734155 -0.549360651128458 -0.16534607259214903
v -0.056541539199990165 -0.53174216056892909 -0.17838648794460921
v -0.043440390680390309 -0.46821192495511815 -0.17335121151953636
v -0.087208099663257599 -0.52053892612457275 -0.12626464664936066
v -0.081790642912351802 -0.50282814530814468 -0.13319254811607315
v -0.047942899167537689 -0.4671933650970459 -0.17990115284919739
v -0.057244987313418129 -0.47845186800372874 -0.15969853107236029
v -0.036225190039772842 -0.37421832502929253 -0.14193467486975245
v -0.056559294613821628 -0.41942056662167465 -0.13599982548731554
v -0.073696037852634427 -0.4193417645147971 -0.12762582054737928
v 0.018927063652826818 -0.34084615225718767 -0.1621564854456217
v 0.01442119013518095 0.4401385486125946 -0.12882348895072937
v 0.011542114651732294 0.44548873744954026 -0.12526272512954875
v 0.017932010814547539 0.41231822967529297 -0.12364765256643295
v -0.011495831458887889 0.54265843032870675 -0.098049816658401873
v -0.0043138152707360936 -0.40320970202262646 -0.18335696696566381
v -0.049596551805734634 -0.41655421257019043 -0.16777908802032471
v -0.0052731619312541399 -0.44493660983082856 -0.20036862229874206
v 0.021986382705749541 0.51005069946554349 -0.14287130914156049
v 0.090802024113161198 0.50251578248061501 -0.19825194360522153
v 0.031833054309580888 0.38348076402309206 -0.14727322466670698
v 0.060931303070076194 0.40054680253467079 -0.16256985750066233
v 0.070156586517391969 0.33565530793480358 -0.16498532777312538
v 0.14423263679239373 0.45346270361636526 -0.22481708323923622
v 0.019422038262193641 0.42440162640324147 -0.13341580608643419
v 0.065964326174144952 -0.26877345095294131 -0.10464782123712887
v 0.03028555807699717 -0.3000710672766389 -0.13357937142063353
v 0.029723659846123084 -0.26913827565900816 -0.12133537670468329
v 0.079394010694792683 0.24733715509679816 -0.10180838721566542
v 0.0096406904649484013 -0.35603147148157471 -0.15882439993674186
v 0.051235988736152649 -0.39238899946212769 -0.20366719365119934
v 0.093646022014869185 -0.52692376462201229 -0.28925307838426317
v 0.079665931969261583 -0.42475694585809204 -0.24888416237360322
v 0.07410246878862381 -0.41347423195838928 -0.22969570755958557
v 0.053350626936370313 -0.49844962951412503 -0.25868864947512688
v 0.08366840029062729 -0.46129357268578969 -0.25862010540665842
v 0.10192873692479626 -0.41393214821728863 -0.21345827450590282
v 0.10677080813195521 -0.44460526452974919 -0.25071324982824456
v 0.12307590246200562 -0.40403708815574646 -0.22044351696968079
v 0.17612707614898682 0.3281099796295166 -0.22030268609523773
v 0.13946365523779647 -0.3481229639985986 -0.18234429861793766
v 0.14809791027007413 -0.32110462572213061 -0.16807936873611121
v 0.18083842400756234 -0.42505722736939527 -0.2263831727510085
v 0.14930911700092839 -0.43626309559175935 -0.24080059022814501
v 0.14916428211265179 -0.36653501515059989 -0.1852143858229196
v 0.17449817061424255 0.22504031658172607 -0.18043875694274902
v 0.098190097519346056 0.26747283150264706 -0.14654734099633296
v 0.16308756172657013 -0.27868056297302246 -0.14873450994491577
v 0.13921059357815521 -0.2833885670157707 -0.13900721293559085
v 0.14571862621738879 -0.25338948206594697 -0.12617670397808967
v 0.13590509787510019 -0.20217633196839602 -0.083942706406108417
v 0.15123941932845172 -0.2192807082866372 -0.10942544094545656
v 0.1110941162255248 -0.22515153734841745 -0.10171809475194669
v 0.088683697841018816 0.24073370080810155 -0.10552767439243846
v 0.10036306974709283 0.26162100576414826 -0.14680747619697082
v 0.061966739974361182 0.27914830539340313 -0.12351434929895858
v 0.10867659441317398 0.26864615934031105 -0.16066311894084084
v 0.11881253291370895 0.27071897153912555 -0.17774094151583758
v 0.11549676822467182 0.34313277898781924 -0.19133713246787604
v 0.083704286489235308 0.34968745157177444 -0.17956256661242159
v 0.11881050618733725 0.37117101780572404 -0.19615953273286149
v 0.077826740949055742 0.36295951921906561 -0.16507774618539714
v 0.13514237573562476 0.37550107722696485 -0.20965103962683546
v 0.12598681902621589 0.355371557897321 -0.20251230898927916
v 0.085266057861965464 0.4128824540763103 -0.18943360445756177
v 0.10789919382391551 0.40204634099732761 -0.20076354397513685
v 0.098227539526099888 0.44534816552103418 -0.20223275199274399
v 0.1099071062525782 0.41672096232710298 -0.20398550989073652
v 0.15886449833762298 0.43517442655551353 -0.23536300035332375
v 0.17736979754885829 0.50171539626055284 -0.24598044279032985
v 0.19605093045703587 -0.56960327297410118 -0.37273476189769705
v 0.16666189098890627 0.32400945613743559 -0.22287170550552801
v 0.17247001142172064 0.44638150468057652 -0.24047531492525556
v 0.20088550448417664 0.40317705273628235 -0.24178482592105865
v 0.22572623157394389 0.33934357518849245 -0.24783368726785199
v 0.21805018448648261 0.34748243297216352 -0.24124976472589948
v 0.21763805591902927 0.43852382444184107 -0.2597589543901424
v 0.26040118932723999 0.53627252578735352 -0.25936919450759888
v 0.25147086381912231 0.39460885524749756 -0.26478540897369385
v 0.22379609660109218 0.24635064137482474 -0.20495821556549529
v 0.17229002714157104 0.32612532377243042 -0.22451813519001007
v 0.19815589142014789 0.23319916779079466 -0.19547411755799343
v 0.20596535503864288 0.29152867197990417 -0.22764268517494202
v 0.21304866671562195 0.2580527663230896 -0.21895697712898254
v 0.21985423102729862 0.28638183937405964 -0.23045241091802315
v 0.20625827902484772 0.27581563098553802 -0.21869100792675572
v 0.20891058323710013 0.18227027042522778 -0.16589371375523629
v 0.21015478095895423 0.18028890090862795 -0.1578132807624183
v 0.24081866443157196 0.17202043533325195 -0.15583004057407379
v 0.17212734507752153 -0.31721311195734481 -0.13259377308553907
v 0.18402829763993597 -0.29884010148999024 -0.10673437500556897
v 0.16586321141907279 -0.28383575281814266 -0.10072653046721497
v 0.16805255429839841 -0.39823526342411519 -0.12503556047052
v 0.18643211299419413 -0.33551307692270993 -0.095530101436087533
v 0.19464286937456432 -0.33515565989076729 -0.14232038832681759
v 0.20160383474405011 -0.38905071213544568 -0.14056464851389669
v 0.20619798426864638 -0.31686066420045739 -0.1383687133596247
v 0.19734447363331031 -0.43090172740349042 -0.13599234824835363
v 0.19645846754787785 -0.42158819886651511 -0.10438041011355352
v 0.15406830608844757 -0.33451470732688904 -0.16247497498989105
v 0.1751282472763992 -0.36904985648169952 -0.16529450545318389
v 0.21265082345525047 -0.38937255042832519 -0.14334413451103348
v 0.21887153387069702 -0.35096779465675354 -0.15849339962005615
v 0.22474724147414676 -0.3952926462908396 -0.19807557186093766
v 0.21126816989618638 -0.42054593925315559 -0.18754481730639821
v 0.2063601016998291 -0.36043241620063782 -0.17524470388889313
v 0.24634735286235809 -0.38548651337623596 -0.19439326226711273
v 0.21447515067068515 -0.39794481098077583 -0.18284930444424455
v 0.22103704959077186 -0.35987708948395064 -0.17926511972184189
v 0.22393459934631357 0.22047017685501019 -0.20460295184531138
v 0.17688317259269043 -0.3952541353282778 -0.21045217606664415
v 0.17929241367819371 -0.37480673996337149 -0.17964143176262934
v 0.058650251477956772 2.0510168075561523 0.034831009805202484
v 0.32510859811156079 -0.51898294122788591 -0.26591128384390272
v 0.22312898012228896 -0.3799294505078647 -0.18846758142577441
v 0.2100747363044973 -0.44174425318568183 -0.24375464210474537
v 0.19622182846069336 -0.42864459753036499 -0.20882295072078705
v 0.22907666016697847 -0.5850110738558959 -0.36576310013025221
v 0.19851343333721161 -0.55139052867889404 -0.33945411443710327
v 0.22399967895829476 -0.55697910816778284 -0.36270035847039084
v 0.21789226839771123 -0.51401568666078845 -0.29968300726689195
v 0.19465385377407074 -0.55994504690170288 -0.36841961741447449
v 0.2412690382871632 -0.57070051938058652 -0.3754465918892777
v 0.18578780249066679 -0.58847019076139584 -0.36608284114400319
v 0.1677894500513821 -0.56777135302764081 -0.32471282267900897
v 0.17364577872692591 -0.58794567678854048 -0.35661318090117738
v 0.15077349132201551 -0.54139311458836359 -0.32033042208490808
v 0.19478359897821823 -0.5319803687756699 -0.31934077500936137
v 0.21883178530151837 -0.54566960489793259 -0.29955943747459673
v 0.20795307814880964 -0.64946565633096431 -0.36694131004189656
v 0.16724065896714868 -0.63565356032456277 -0.36269072202639407
v 0.1817343338839657 -0.69173234030743491 -0.367533750703321
v 0.21005500964270499 -0.49337197062373667 -0.28155851691770567
v 0.14653885457791271 -0.62049610193187854 -0.35824192626029883
v 0.17535302151106685 -0.73264031881443592 -0.37745488941374994
v 0.16186245257811602 -0.71445352684952101 -0.37649416074536152
v 0.15702420362731911 -0.69845295160269238 -0.37422718826833989
v 0.19619671238212003 -0.69599760079333517 -0.40096056675071279
v 0.21127631343303771 -0.74918841458647978 -0.39073600025055721
v 0.19907442470816275 -0.66279810134194084 -0.37715450393945626
v 0.2280395906800225 -0.66983833859435038 -0.39828726056986885
v 0.20728003714470308 -0.72302342281889731 -0.40505908732208301
v 0.22509978534761801 -0.78600463879760163 -0.40532801812598901
v 0.2077333462633979 -0.76160907783811926 -0.40221835036679948
v 0.22227972745895386 -0.74980455636978149 -0.40051129460334778
v 0.22035239636898041 -0.82275104522705078 -0.38319826126098633
v 0.26012933254241943 -0.81723862886428833 -0.38357987999916077
v 0.18126924093007313 -0.78665863529407376 -0.39194252321338846
v 0.2070256769657135 -0.86568355560302734 -0.39530572295188904
v 0.21315212547779083 -0.82084214687347412 -0.3437141478061676
v 0.22487713396549225 -0.8565407395362854 -0.30874180793762207
v 0.16881051659584045 -0.84856146574020386 -0.3173581063747406
v 0.1837782299891543 -0.87333539649917014 -0.30796932727841703
v 0.21001389622688293 -0.83580392599105835 -0.38147678971290588
v 0.18953297877026248 -0.83230769556240414 -0.37101608910504041
v 0.20310217142105103 -0.8576316237449646 -0.37612250447273254
v 0.18966489313824647 -0.82567369030536553 -0.39701597323347165
v 0.15252912932670543 -0.79901514620981673 -0.36899800325612098
v 0.16992679238319397 -0.82832843065261841 -0.34345579147338867
v 0.15225724462233872 -0.81797046652720606 -0.36288174200187195
v 0.18175496160984039 -0.78216767311096191 -0.40697330236434937
v 0.16749224425280829 -0.75372161145642314 -0.37213689648882037
v 0.16046199202537537 -0.72183752059936523 -0.3842349648475647
v 0.14835852445789438 -0.71976441893586129 -0.37494626766778505
v 0.13709551015821045 -0.76107063297338495 -0.36594174272940971
v 0.12576543525340614 -0.80828204408912641 -0.34567663524717751
v 0.099390116948480309 -0.76736457679905568 -0.31805669373677847
v 0.10401454545246763 -0.74784483079485686 -0.33919938725338761
v 0.099831141863128567 -0.77813399275637563 -0.33849081880773835
v 0.11747775987941964 -0.78723185694702702 -0.35145875339925731
v 0.095365374744794493 -0.79194598978647834 -0.30934433573135062
v 0.066366859274214693 -0.71140920260642482 -0.32311397189456037
v 0.12101385742425919 -0.72768020629882812 -0.36080226302146912
v 0.089702319705223174 -0.70170466935289499 -0.33732787575159118
v 0.12466699007278356 -0.58568070005634065 -0.33788155426135835
v 0.14553887161364051 -0.59343162880282219 -0.33959160887826229
v 0.14465995132923126 -0.57215148210525513 -0.3376958966255188
v 0.12601156532764435 -0.55532151460647583 -0.30172565579414368
v 0.14385578429606183 -0.52410475874731877 -0.30873207665444991
v 0.1207097078448827 -0.53747515493251297 -0.3080142789828596
v 0.12766647077458398 -0.56939786393623781 -0.30884001887571805
v 0.111597036195186 -0.56773705574679056 -0.31169240089460237
v 0.071787440524007054 -0.5199743069389785 -0.27003431435647629
v 0.1385607123374939 -0.46233309805393219 -0.25878870487213135
v 0.14472250627258346 -0.51083324454414802 -0.27846431889491263
v 0.15697017512476566 -0.50576349327311299 -0.27780057317672308
v 0.1459467733199111 -0.86351303270123203 -0.24424170342911819
v 0.084755301475524902 -0.83256798982620239 -0.23257781565189362
v 0.14172008823851295 -0.87259283021586131 -0.25671055063109266
v 0.10363321901757237 -0.87033414475688342 -0.22788165602225879
v 0.21567416191101074 -0.89999222755432129 -0.29336801171302795
v 0.11897101253271103 -0.91079407930374146 -0.21505053341388702
v 0.16957849274831044 -0.86684137583610321 -0.2777656171914098
v 0.17296310672324139 -0.90535778547152812 -0.26505221237563992
v 0.17697755426078918 -0.51397116001706666 -0.28267964501221327
v 0.13651380890552769 -0.83899812768134352 -0.28988052948251541
v 0.16842805120691304 -0.53822877522808665 -0.050746769119346974
v 0.14134610388800903 -0.90574215954823134 -0.18149360423376021
v 0.18927063047885895 -0.9519839882850647 -0.17158275842666626
v 0.21692104637622833 -0.96760070323944092 -0.15204870700836182
v 0.20013237221165259 -0.92680921409568184 -0.11854678718740277
v 0.21262313425540924 -0.93656808137893677 -0.28082948923110962
v 0.229336217045784 -0.93166995048522949 -0.29263579845428467
v 0.20236736066117025 -0.92151477499168455 -0.28779257247503931
v 0.25414115190505981 -0.85376757383346558 -0.25585153698921204
v 0.23240979015827179 -0.53498411178588867 -0.28911268711090088
v 0.20695002018354261 -0.51629793590574791 -0.29923420330610789
v 0.27902531623840332 -0.81909805536270142 -0.28643783926963806
v 0.24240504205226898 -0.85887187719345093 -0.252126544713974
v 0.20827876031398773 -0.84427934885025024 -0.27132034301757812
v 0.26043034069672039 -0.54747653269624741 -0.14323975044184964
v 0.21032228790728591 -0.47602282435074439 -0.16377548061039429
v 0.21082837146885347 -0.46612454617748927 -0.12984556032872843
v 0.20612311846459727 -0.47406321272271928 -0.1374562492699806
v 0.23674042522907257 -0.49779921770095825 -0.11942756921052933
v 0.20206573631216526 -0.46228373173115295 -0.1061556127702967
v 0.21762035523050124 -0.46729016158394759 -0.25285610764374405
v 0.16424855634881927 -0.47903704340251579 -0.27051671145938999
v 0.20829703964302798 -0.43861137129948574 -0.24222044822037
v 0.197777547590784 -0.45196347341291809 -0.17066417638336956
v 0.20645369780801581 -0.42701789529550294 -0.08521288237392273
v 0.22917244352125585 -0.43530816105608156 -0.19988648036545936
v 0.21059447526931763 -0.431231290102005 -0.15417532622814178
v 0.1867117219763367 -0.43241722097890739 -0.10830631613164592
v 0.21993691115958555 -0.46603327851529402 -0.21568938418060818
v 0.25715945814447116 -0.47877806310934612 -0.15715213367588846
v 0.21679294281788958 -0.45568356245650982 -0.18606381878720368
v 0.086623638868331909 -0.46417379379272461 -0.030819179490208626
v 0.16905231027352915 -0.46471508871012163 -0.093766160415785338
v 0.16067634854330776 -0.44540933681414063 -0.073432404583823344
v 0.1400191009829764 -0.4644590749659242 -0.045809207022065909
v 0.15894778764841247 -0.42289777096561176 -0.057914804057597163
v 0.1744997314280036 -0.38578110001608606 -0.042338710056687323
v 0.19372376799583435 -0.39539182186126709 -0.079778693616390228
v 0.1748650074005127 -0.45857110619544983 -0.074784480035305023
v 0.18300923735057226 -0.56177742030451072 -0.035539525498384725
v 0.16749546732970713 -0.4927641217096892 -0.045254308147608731
v 0.16952510668964452 -0.48596792313926029 -0.084338838793126092
v 0.12399979680776596 -0.49585860967636108 -0.035660300403833389
v 0.15730039775371552 -0.50909394025802612 -0.071409732103347778
v 0.14295142122420954 -0.46498948659282507 -0.073441911828974624
v 0.19608814172393463 -0.52554105550274133 -0.074359248996740082
v 0.21553837748169155 -0.51466340801345056 -0.076186794505129968
v 0.23057689817806987 -0.49870485826646199 -0.096136068830667221
v 0.24665858619512279 -0.51843979629843207 -0.14028109019967092
v 0.22039677001419652 -0.59158762716211755 -0.061206257473993858
v 0.23128722608089447 -0.54752838611602783 -0.093415513634681702
v 0.2109543957072593 -0.55777265302270063 -0.055613723028333811
v 0.2329365462064743 -0.57560151815414429 -0.054190870374441147
v 0.18624825806257675 -0.89448551808117616 -0.044019739994964363
v 0.29625208113702445 -0.93877607632461901 -0.017595749938962423
v 0.24489755928516388 -1.0355675220489502 -0.25999990105628967
v 0.13064693541394082 -0.85675429878711085 -0.037535674665723183
v 0.10839074080688077 -0.58419063725092701 -0.012964430068192949
v 0.14118995814748306 -0.5656531069387275 -0.026278566397956681
v 0.072411317818186965 -0.81612411189063749 -0.064009564147054665
v 0.12817747581217936 -0.82756130441216735 0.0035265111277623475
v 0.13444162656644984 -0.86342728444176264 -0.057106599737454015
v 0.037765164912974526 -0.78504181569490583 -0.062162766999759464
v 0.032681219279766083 -0.77154070138931274 -0.055355921387672424
v 0.054579995763333146 -0.53396869461737084 -0.033280494023682508
v 0.13097381028575555 -0.41624289732261799 -0.044165896990483663
v 0.11247804017106011 -0.45410010039193027 -0.03617891662142126
v 0.11273278915922184 -0.50651531132602223 -0.041873098001474249
v 0.12982322533914292 -0.47309496980075616 -0.036132419981879334
v 0.13208735537244584 -0.51844760379067845 -0.048255682526233031
v 0.08934269305696016 -0.48111161849970685 -0.024458952911403077
v 0.078817322850227356 -0.49916067719459534 -0.038633260875940323
v 0.11667273780880918 -0.55646418355951666 -0.029391343374327906
v 0.03947988897562027 -0.50090056657791138 -0.026645280420780182
v 0.030963820713640875 -0.590854314844103 -0.0052500617421424624
v 0.06178246753232635 -0.55506627131237829 -0.025954647285126552
v 0.048952218773152659 -0.48222183805651714 -0.015770374753996112
v 0.052820415406034854 -0.60959526932362551 -4.2456517722267192e-05
v 0.06581971299993461 -0.46362201373667805 -0.003803039906398617
v 0.058524416670065603 -0.44271108978953994 -0.0072039330497109047
v 0.03859703782989906 -0.56004972243529227 -0.015842202860718389
v 0.057466480880975723 -0.58305460214614868 -0.020173249766230583
v 0.025627730975582189 -0.61768405331546827 -0.0041445174271394908
v 0.017012530771891542 -0.52673266621734327 -0.015044697364215159
v 0.026883589119858234 -0.66587173084722306 -0.006199936811255604
v 0.075211144403727115 -0.62810138434835838 -0.0033695224215419305
v 0.061313078023511831 -0.78765639660426823 -0.014189283129564837
v 0.095208063721656799 -0.77666491270065308 -0.00034830509684979916
v 0.093422042455616319 -0.71589319384018324 0.017767716371182282
v 0.06591628136044532 -0.72636886958807545 0.0022765810309723473
v 0.092504794681588592 -0.70671901450228014 0.015299019558595615
v 0.073791799541089623 -0.77060947498229837 -0.0037985862484982325
v 0.05319426082572664 -0.6672192495071585 0.0042425435223247075
v 0.16554008537091019 -0.85572464178029206 0.011475768771221341
v 0.1393255537265245 -0.83017006342823363 0.0040328776626251993
v 0.16460194000625347 -0.6247163500671824 0.011885173151181941
v 0.28397233161173596 -0.87431856950224385 0.027251045677583598
v 0.16166904385180478 -0.80494463720916987 0.018277900587713006
v 0.17138056952405692 -0.61034646324425679 -0.0021163796265188948
v 0.214133684652241 -0.61984101101265066 0.00053582974605514088
v 0.12766545139046223 -0.59931631947279018 -0.0035055736091643918
v 0.098673507571220398 -0.62876451015472412 0.0021834399085491896
v 0.15388938039541245 -0.58562102913856506 -0.012750550173223019
v 0.164860237913351 -0.317678088410076 0.025455696184026884
v 0.15604235887426463 -0.5312816329800083 -0.025737850226396478
v 0.091815598039137761 -0.41034809986238985 0.0051923093078522949
v 0.077641145565370634 -0.39920167085478764 0.028824383217273614
v 0.11843346059322357 -0.57953864336013794 -0.017148600891232491
v 0.26408684755527234 -0.60809624528489259 -0.019859104522947653
v 0.18141289804765015 -0.30845051376061916 0.0013545170843128076
v 0.17809088130610853 -0.33321282518527695 -0.073343439863844548
v 0.17155470299884606 -0.27054835476138811 -0.0085111817915743907
v 0.19462824299192205 -0.25883755414609344 -0.028221493386778203
v 0.20109525322914124 -0.24695949256420135 0.014161939732730389
v 0.14349126214860039 -0.35003330151615741 -0.0078073931716851359
v 0.20565569942350823 -0.24700120726974067 -0.045940901357813806
v 0.18852636081392687 -0.17421973670283941 0.041139302260533035
v 0.12566582351858363 -0.3597838563440422 0.026404634700139321
v 0.11937590688467026 -0.33911925554275513 0.020607190206646919
v 0.12698620557785034 -0.37709510326385498 -0.0090519404038786888
v 0.14366930723190308 -0.36523070931434631 -0.031669400632381439
v 0.18930232524871826 -0.3274390697479248 -0.028072379529476166
v 0.21784371137619019 -0.27028542757034302 -0.044495828449726105
v 0.19170278310775757 -0.28348469734191895 -0.030163269490003586
v 0.22440558671951294 -0.26909354329109192 -0.062004968523979187
v 0.16974197328090668 -0.32830590009689331 -0.048526480793952942
v 0.19387935101985931 -0.34927704930305481 -0.047690041363239288
v 0.20890340922291961 -0.29785038241533385 -0.085230212104766015
v 0.17686561012872881 -0.37615275866736242 -0.098417379552946438
v 0.18802277743816376 -0.36681267619132996 -0.088130317628383636
v 0.22640176836271866 -0.43435429021366539 -0.15447397994608694
v 0.1823371946811676 -0.25524255633354187 -0.073795139789581299
v 0.13717009931198815 -0.12602118485176997 -0.030327971199497768
v 0.15089377137569374 -0.17588563303949928 -0.070122816880522701
v 0.16620466960131108 -0.21619894487517202 -0.073256774413883147
v 0.1188627789809394 -0.18770294410306723 -0.064724621179072933
v 0.14709973295931592 -0.20865132630022529 -0.093553769726284708
v 0.16679151568036121 -0.24132392524707472 -0.087480383949119125
v 0.17455442994832993 0.18243812024593353 -0.10649138316512108
v 0.15815699100494385 0.18355756998062134 -0.068347163498401642
v 0.15191562993506866 0.19028727809436841 -0.085137727617145303
v 0.23244293949386255 0.14357934270848585 -0.0083765203065054462
v 0.17820078134536743 -0.080602191388607025 0.0066955201327800751
v 0.18104009736116192 -0.098745358636277994 0.0036759387417802979
v 0.19266018694490827 -0.13304332350339307 -0.020606156125486434
v 0.20696684718132019 -0.17456027865409851 -0.0069824401289224625
v 0.1751655638217926 -0.143429234623909 -0.034598831087350845
v 0.18415178007821983 -0.10564590830750673 -0.0050410495922231088
v 0.13928036386666906 -0.083757148134121565 -0.01192759756573385
v 0.084675143008378972 -0.073884536811402404 -0.028757450126622671
v 0.11234400443446139 -0.13918774508242132 -0.042262746474741687
v 0.06987520307302475 -0.11415591090917587 -0.037008091807365417
v 0.040738286152846907 -0.12548121872660714 -0.02251919387300666
v 0.083742672757032802 -0.042864183628971625 0.007901667488598085
v 0.077008736826194649 0.24045657086675998 -0.089718226832803283
v 0.042495493215677499 0.29850747247966514 -0.11358898079654056
v -0.097097082657696815 0.46959822467343931 0.10661921632690151
v 0.11140113023459064 0.21252056314172862 -0.069064903116633464
v 0.067570694674219833 -0.13256660973383197 -0.031926341474149633
v 0.022922108072705841 -0.23212459656817433 -0.097230098709900056
v 0.078150070163406762 -0.20262545444883542 -0.10278196764101752
v 0.13186981744021287 -0.22836780081016408 -0.099696249553914332
v 0.07943464070558548 -0.23099265992641449 -0.092935569584369659
v 0.086720682680606842 -0.17230807244777679 -0.092963680624961853
v 0.047771361679455282 -0.23814072713330878 -0.1040695682172013
v 0.086514852941036224 -0.26501354575157166 -0.12574750185012817
v 0.04562271216895409 -0.25564060384228932 -0.1104767627690582
v 0.047933079357284421 -0.14321408446658165 -0.028027836558712934
v 0.098101931574434337 -0.15456836071638971 -0.052663620811386175
v 0.10846025133011337 -0.089538201112624588 -0.020876412248220858
v 0.094177991151809692 -0.39049366116523743 -0.0078708603978157043
v 0.067762981607835338 -0.38741416449923854 -0.0033572013022150852
v 0.093501911357552203 -0.37034647320413538 0.020747974655727267
v 0.12996220588684082 -0.12017107009887695 -0.021424379199743271
v -0.0066374000161886215 0.29313653707504272 0.029930420219898224
v -0.028235429897904396 -0.12818315625190735 0.0061357901431620121
v -0.01754691763647729 -0.21756745649235218 -0.05926135093675753
v 0.0007966100238263607 0.3049478679895401 -0.035730473697185516
v -0.0015757315234077428 0.3038161024518346 -0.039121305359131504
v -0.010062249542787361 -0.2786647047047634 -0.11054989993788604
v 0.019896249937502743 0.29920226268580813 -0.074433852352255553
v -0.0077895270275082588 0.40829968710187103 -0.086641677815455259
v 0.011707959696650505 0.4082757830619812 -0.11302555352449417
v 0.0080474196001887321 0.41120016574859619 -0.10417173802852631
v 0.0099024782029273947 0.43021641408765732 -0.106014996630808
v 0.0075167262327015868 0.49918186469334963 -0.11740963497077495
v -0.0074771298095583916 0.52168303728103638 -0.10788474231958389
v -0.020169486563584214 0.50923160720951022 -0.083539659185291201
v -0.020632045774231243 0.3517065469386787 -0.047853499841675508
v 0.0022958106229648864 0.32462337336399943 -0.067790594635642909
v -0.0047770356454106449 0.32893351733653442 -0.055071529663599107
v -0.019130128030116284 0.43414209566821543 -0.080105469830061934
v -0.022764271988414801 0.32282984079987326 -0.0043068980914150465
v -0.030575508247411766 0.37093809969977737 -0.040163051293422736
v -0.037587641793017948 0.43413884892033855 -0.045119583948168257
v -0.050856978855273856 0.46421643884603458 -0.024378583156291413
v -0.03455836782960587 0.48494157294548923 -0.060164095836165887
v -0.040017505925883483 0.41426244395249773 -0.020308189426561374
v -0.062075432657077094 0.44784929887398361 -0.0065961253845470214
v -0.082164913415908813 -0.23470960557460785 0.031662400811910629
v -0.066412449542453678 -0.14770535772859456 0.032710642516176412
v -0.069961381165589684 -0.15321713956005245 0.030674400394961963
v -0.039804795256500783 0.4501801734453153 -0.036933651919786863
v -0.045654986489397094 0.52667877164429722 -0.032226311799515781
v -0.031293526569681283 0.47938524094194435 -0.067032459521247881
v -0.040216624687546151 0.4256815912910028 -0.034570337894156006
v -0.035260334244261553 0.50723885593532481 -0.053407150215011974
v -0.042176446227762635 0.48357560858898813 -0.04593664254530444
v -0.048334158957004547 0.54610717296600342 -0.032217241823673248
v -0.036255665123462677 0.55382901430130005 -0.049099184572696686
v -0.057825896287774389 -0.33520279416226534 -0.10640728212139478
v -0.072862485069198582 -0.28798520559053642 -0.054226038117989511
v -0.04826204851269722 -0.27677851915359497 -0.069667726755142212
v -0.054190354073111409 -0.26757072178828101 -0.063833982304428993
v -0.054685669475991336 -0.32928891851222786 -0.10296610714992067
v -0.084933248898274874 -0.32129666183580174 -0.033548515563825695
v -0.063120721662722493 -0.29110212338694402 -0.071024468878799443
v -0.082092979514360592 -0.30997117814381248 -0.045774167266824685
v -0.10076349366146639 -0.36367162481316367 -0.028390128739149943
v -0.10326056473824538 -0.39722645287688579 -0.032663402852951225
v -0.099525032897994067 -0.28882543666878502 -5.7515974934910276e-05
v -0.073090469161519483 -0.24965001231184419 -0.020506241193443776
v -0.077736627328599553 -0.22754348310974457 0.0071437306338284256
v -0.095457673072814941 -0.26418155431747437 -0.0047544902190566063
v -0.09595972616433765 -0.26429716920743346 0.0027895438591098907
v -0.097900353581737334 -0.32981652437982056 -0.017673376591881704
v -0.099237715898921025 -0.31372265684775885 -0.014196481549249058
v -0.080186418551382338 -0.37460574281032039 -0.04657211413403492
v -0.10100218595047071 -0.4320420984882295 -0.034160781013803897
v -0.070210132186526955 -0.43728196348908827 -0.0044436448063082407
v -0.073842633521958675 -0.48272607602969003 -0.017966751549184461
v -0.075722459810707313 -0.41994152170107119 0.0052864152971792231
v 0.041360370814800262 -0.42034217715263367 0.022750699892640114
v -0.068068756938450339 -0.45880844532513243 -0.0062215747135454151
v -0.043141629546880722 -0.49433019757270813 0.0016284999437630177
v -0.047651256477178189 -0.50921782666502824 0.0073663843938803313
v 0.010454379953444004 -0.48999306559562683 0.003498289966955781
v -0.057134050875902176 -0.47976019978523254 0.010352440178394318
v -0.022143815919636396 -0.50040393794457239 -0.0047565935153302116
v 0.014415317489837778 -0.42640232376729398 0.036303970347794208
v -0.052971478845294399 -0.46174906180275194 0.0047577966696518105
v -0.063502326607704163 -0.48367500305175781 -0.017101099714636803
v -0.054974977125457937 -0.49650949412701878 -0.010086096973663587
v -0.079933048908078411 -0.37628007644055006 -0.061290742829303094
v -0.089047320763879501 -0.42574520660645743 -0.075253522202871639
v -0.082782168397683084 -0.39535622527802128 -0.074766571521007588
v -0.082506072087150009 -0.41387744389212061 -0.059356283991136773
v -0.087164309472866366 -0.39963452918707126 -0.056117905783390369
v -0.08613596111536026 -0.39700153470039368 -0.095382377505302429
v -0.080411697870192658 -0.38038307094407997 -0.088847514032765307
v -0.067327409982681274 -0.39022672176361084 -0.11527901142835617
v -0.081846490502357483 -0.44394779205322266 -0.11437480896711349
v -0.091328207967624045 -0.49797089211847362 -0.057506941923418951
v -0.095831818587994611 -0.45605166368389127 -0.031667229061025988
v -0.096915178015130402 -0.4606092639194978 -0.071483316061420901
v -0.099869851037325402 -0.44862269981825159 -0.057152184127895946
v -0.10519954182188683 -0.42638715098412905 -0.046341285156600139
v -0.090514736012798983 -0.5260213504032093 -0.096543537179745093
v -0.08386709837858948 -0.5465048850585621 -0.11775174347423201
v -0.0808449056961561 -0.55642449715724829 -0.08698468038647017
v -0.085286892950534821 -0.58243203163146973 -0.09650818258523941
v -0.073738838762044304 -0.59441572275551524 -0.081853421111634461
v -0.075919503069222821 -0.53391871494506116 -0.068635108470564671
v -0.065072262300567701 -0.58038161528327481 -0.076217941376178308
v -0.053789341591080932 -0.64935969949906269 -0.088363460245047667
v -0.07877532038459055 -0.58360798179575357 -0.10284439913283887
v -0.073910163736188611 -0.61674396399929909 -0.11282524195631212
v -0.070096008660727877 -0.63867182851523352 -0.10698831564389995
v -0.021500079134127374 -0.69828977634795675 -0.06724642102605681
v -0.01189062588939499 -0.73836412269033458 -0.099599837063173768
v -0.043584482796115744 -0.70232973930944698 -0.11118609451106955
v -0.011974898320624929 -0.7459069830874413 -0.097236109627911654
v 0.0034943135203724966 -0.74753957554519401 -0.059778786270095564
v 0.018510736528565958 -0.75608283053716818 -0.054707992882597874
v 0.033996832283318103 -0.73509842832607275 -0.028546310660571644
v -0.047474310567533144 -0.62037025035128679 -0.060165149152761575
v -0.046891116829824019 -0.65658475387310111 -0.061924071277710539
v -0.031734816800763239 -0.67051186929945461 -0.066343590649900031
v -0.012886109494839287 -0.69256699506647212 -0.049210774398223148
v -0.0051103353704250992 -0.6323988945790322 -0.02413267952001602
v 0.020980334251531757 -0.64687516910380227 -0.0057059050758339188
v 0.007433362385283456 -0.56040805129294025 -0.015316191163822669
v -0.029957641185864244 -0.55710037284592262 -0.023747326264899792
v -0.036850061267614365 -0.53837919235229492 -0.0058153797872364521
v -0.11043009161949158 -0.33745580911636353 0.019291359931230545
v -0.10011042742395239 -0.36383930778799778 0.032961697508827388
v -0.10328543855199392 -0.33751637398460815 0.010179287468229244
v -0.077925153076648712 -0.40270039439201355 0.032029710710048676
v -0.10580948328709473 -0.37044652572301895 0.0030476176114958985
v -0.085225750719092538 -0.24963511799866805 0.03689831733682767
v -0.10061577535746188 -0.26562392208010061 0.044800460010170517
v -0.10317343126404055 -0.26977426804884358 0.07746502590686484
v -0.096183497392449982 -0.31311018701206117 0.09228281639006844
v -0.062415509683700056 -0.38931801234610874 0.061396396584222357
v -0.059744043642692424 -0.35172009789081043 0.10046689936395466
v -0.088357948244999096 -0.30553051202397619 0.10244065689849863
v -0.078722318563800603 -0.26227573305645691 0.14033340355418664
v -0.10922125392525699 -0.19180990664201458 0.097370081811000556
v -0.096061982214450836 -0.16091816127300262 0.090100608766078949
v -0.084076307713985443 -0.19294637441635132 0.078608982264995575
v -0.083179937349089142 -0.072507202550266756 0.14245400274522518
v -0.081112985320313941 -0.13814172025775939 0.081276686810127757
v -0.10307690339168983 -0.18312887005448927 0.093405139609111218
v -0.10411327704787254 -0.23159535229206085 0.090033441781997681
v -0.098558293568714081 -0.20855061491128771 0.058983102124717718
v -0.098253482249369667 -0.24231676800606744 0.071427110167134308
v -0.091688139685116743 -0.22656523158410313 0.049662862810438919
v -0.083624483337032998 -0.16010699316517435 0.056540798208451773
v -0.083162942766875775 -0.22005861066231333 0.050219370247203188
v -0.065299175679683685 -0.18324646353721619 0.010350300464779139
v -0.07943085787521699 -0.19492215463765425 0.028667246930597509
v -0.074670679867267609 -0.14269056916236877 0.04370914027094841
v -0.079832106808411171 -0.11265230835213501 0.074919424225332959
v -0.090774036943912506 -0.15197311341762543 0.064130067825317383
v -0.067540403777571534 -0.058558246584297868 0.14261867032396755
v -0.075275802657321603 -0.1337972645063199 0.055481347685002416
v -0.058344868703803773 -0.083227200144923102 0.079622918240094931
v -0.043976745648220822 -0.10831179789666336 0.039670034210863396
v -0.062169041484594345 -0.10948248207569122 0.052360560745000839
v -0.05622934422581273 -0.12003791327046773 0.035600583659378328
v -0.027994530636830234 -0.12202667020955771 0.019348393877133472
v 0.00709771116699292 -0.031877669614621011 0.072604143132489127
v -0.061842452931371319 -0.03989232801907884 0.13964221668692653
v -0.034508525506157163 -0.024548115957504286 0.11399363026362948
v -0.069753045668624086 -0.073157918278252188 0.099172217575000957
v -0.062761649489402771 -0.086618177592754364 0.089392341673374176
v -0.065902866423130035 -0.052837960422039032 0.102585569024086
v -0.043412242471594108 -0.060635673610433302 0.090081743437526049
v -0.061503227748727816 -0.36628551821682909 0.088196799098933673
v -0.051329383145003786 -0.33272369922437967 0.11258496100414225
v 0.038827940821647644 -0.36454349756240845 0.091095060110092163
v -0.032903210691707659 -0.33128529460896367 0.12104918421866288
v 0.023687356665171529 -0.32613201419766347 0.15318944705056259
v -0.04252307504474466 -0.31229737924595541 0.13944693053226284
v -0.075767185539007187 -0.3715890645980835 0.055603586137294769
v 0.00012207985855638981 -0.37920702993869781 0.077670667320489883
v -0.022732792402250648 -0.46934779373962904 0.00062629365223035413
v -0.043489479255488704 -0.40369688181443603 0.048150675334408276
v -0.058839650880006741 -0.43096302684618054 0.029175979963563858
v 0.00028748547485093611 -0.45578745126293913 0.017775325712102667
v 0.12441984653945652 -0.70537436561481348 0.024859945250088257
v 0.13266019242502947 -0.68005096415871003 0.023208172744637247
v 0.069061042990315055 -0.36645435698144629 0.05516773436112344
v 0.020973918686106929 -0.48087100896556612 0.025871071217880383
v 0.10635072023440725 -0.63226053500937074 0.021993867478289526
v 0.098946874858910711 -0.031082061229710051 0.022388119094099643
v 0.1608691960413163 0.010588180627294351 0.056289501556656706
v 0.099215619266033173 0.0017974099610000849 0.051119271665811539
v 0.18263665180076427 -0.11635006588697575 0.041809581106050514
v 0.15716807436300959 -0.64342822187743653 0.021502188179638584
v 0.16874504036662294 -0.64604680452939234 0.014153587416390499
v 0.1845491578860424 -0.62205786163550336 0.019646601193924147
v 0.18302172745445272 -0.039633322863089418 0.085622840969127936
v 0.22115671634674072 -0.020724829286336899 0.05464579164981842
v 0.17365271215140415 -0.14257821661134928 0.04061860836871313
v 0.20004646480083466 -0.16383105516433716 0.06319090723991394
v 0.18291204089123966 -0.27617020318727076 0.033108292498963923
v 0.21281882013690717 -0.64970501882709086 0.024904809741607439
v 0.15645592097558875 -0.67422297743656723 0.021870590168313386
v 0.19817696306533106 -0.68717841856744366 0.035143905186401057
v 0.22853975941879473 -0.8093056035219931 0.041875685751371745
v 0.22692853212356567 -0.89945733547210693 0.0069699399173259735
v 0.22192802542640669 -0.89185802179895568 0.0058476649318883545
v 0.29436379671096802 -0.92645072937011719 0.028276100754737854
v 0.14966325302799743 -0.82167531518206982 0.02134416850720294
v 0.1763608935219417 -0.7150625547505447 0.034755924764942582
v 0.14461779056049226 -0.6713281349355007 0.030886068672646514
v 0.14929971539311115 -0.75070252557080763 0.029712845950599608
v 0.22510215640068054 -0.66766977310180664 0.034455008804798126
v 0.20733142966389639 -0.70971581139213968 0.044001784156319078
v 0.24748718738555908 -0.15518875420093536 0.04310964047908783
v 0.22158530952930044 -0.68712244305121473 0.040839182815450417
v 0.21696746349334717 -0.74263811111450195 0.042145140469074249
v 0.19045695908750304 -0.79244168403869897 0.035419354653656511
v 0.15165145695209503 -0.30511307716369629 0.072053283452987671
v 0.19066857844686541 -0.26117123447212115 0.068789039499875818
v 0.1628215884662553 -0.28610554739664262 0.06129829707782717
v 0.15816068649291992 -0.26198896765708923 0.070459172129631042
v 0.14166389233198545 -0.27870029285523501 0.07495419240694115
v 0.25575605034828186 -0.1703953742980957 0.051626499742269516
v 0.15548817486227992 -0.29035142420157473 0.10278989005190113
v 0.19079896089659923 -0.24892785253847058 0.080211432330465446
v 0.21959388974630681 -0.23668940764122554 0.078176516171781812
v 0.18176944734818143 -0.22260315783182261 0.26772868607259626
v 0.17102818678559908 -0.23682681765581087 0.19163481066939064
v 0.23435900765712522 -0.077377026159966666 0.096970709120365539
v 0.21071137487888336 -0.14640906453132629 0.082064472138881683
v 0.21562542021274567 -0.13309715688228607 0.098369330167770386
v 0.21939601611687048 -0.11208796184523535 0.080374064502463816
v 0.2607346773147583 -0.14310106635093689 0.076525472104549408
v 0.21664762041805571 -0.17245514918905355 0.022820948366416641
v 0.25050710057326991 -0.023075361540498943 0.061527150912584094
v 0.23924070596694946 -0.026472900062799454 0.10820943117141724
v 0.22514231503009796 -0.036730099469423294 0.10507732629776001
v 0.13632855031468422 0.0065338688678281244 0.053176238937956546
v 0.17866689892630519 -0.061918886623539504 0.058895178485730455
v 0.18803541757540282 -0.098711864259351509 0.05528274030445908
v 0.16904160098493123 -0.083059363667645839 0.054168861012901554
v 0.15142407573402925 -0.10943845266487523 0.048077543272543856
v 0.17889344692230225 -0.088468447327613831 0.052242651581764221
v 0.18563535652627217 -0.063634645200249015 0.085585910281314084
v 0.052187105826488077 -0.24918218295008973 0.25987183711776202
v 0.078841243961288276 1.3693519351484279e-06 0.059517127292023179
v 0.020791772927978291 0.008864084998358503 0.09779402849053985
v 0.01438240864939218 -0.33835918747966243 0.12155709038550383
v 0.091286793351173401 -0.35243934392929077 0.054069399833679199
v 0.0062612200455925407 -0.37760301836591864 0.071119137064167656
v 0.12057802826166153 -0.34070438146591187 0.04186822846531868
v 0.053099720971662226 -0.35335316717262866 0.070688042945180954
v 0.054032073323518566 -0.34912142582149236 0.10542852880054392
v 0.020074212046443152 -0.36189839836238474 0.092981894133389711
v 0.070266642875608867 -0.32856698117935307 0.092393726822121297
v 0.085617069154977798 -0.28271245956420898 0.18812743574380875
v 0.064401986547556134 -0.26693785459194852 0.24956807735487913
v 0.34708634060226523 -0.13437010724654178 0.13301783047983778
v -0.015737916604684443 -0.25878219584435447 0.21717387384608416
v 0.039252735591850038 -0.18872003062539774 0.31092813079537279
v 0.066455580294132233 -0.18854815512895584 0.32515931129455566
v 0.069898336124153373 -0.20065258793830507 0.31720393239925621
v 0.39248877763748169 0.3774547278881073 -0.2714226245880127
v 0.019862220077889362 -0.16511666721714527 0.31987916674477901
v 0.037174725852549488 -0.10664950750048946 0.35875585970766821
v 0.046262116402635986 -0.10128193095082737 0.37150162675799941
v 0.12050900698505314 -0.16435364412327963 0.37448958250911651
v 0.14472352043358158 -0.18911522535010444 0.35955890965810766
v 0.10567802754076841 -0.17652064583365945 0.35689412498364365
v 0.24437281995673191 -0.2036246265810388 0.18814740855585976
v 0.26308479905128479 -0.14163999259471893 0.38901323080062866
v 0.25428977608680725 -0.17114754021167755 0.35224238038063049
v 0.27319136261940002 -0.077096141874790192 0.13761693239212036
v 0.19593876600265503 -0.23180332779884338 0.13677164912223816
v 0.19521552324295044 -0.26553726196289062 0.1645013839006424
v 0.21661724348236053 -0.21645055533787072 0.22749102242476507
v 0.17757308536919381 -0.24734399778289612 0.1519851593418525
v 0.15963348201048969 -0.26965109676520987 0.13247308833013524
v 0.38038644194602966 -0.14758265018463135 0.1472245454788208
v 0.12868813001905965 -0.21449916735134705 0.32850264541476748
v 0.14846724271774292 -0.22688649594783783 0.29126840829849243
v 0.18078432097814981 -0.23249823741099879 0.24946812349217762
v 0.24794459342956543 -0.13779960572719574 0.39497390389442444
v 0.17846234018392079 -0.15290866858641408 0.39702410527806636
v 0.21916775405406952 -0.15832367539405823 0.39047333598136902
v 0.14560184080234995 -0.099966702517787442 0.42995577805417223
v 0.12398084254611769 -0.11046959956209346 0.41624966703536176
v 0.23957476384318527 -0.11843846424825483 0.42490848003058274
v 0.22870052591384735 -0.065050568670547093 0.44859932208572739
v 0.21890008197819932 -0.04073892498212886 0.46253251467663115
v 0.2302541583776474 -0.045537430793046951 0.45693007111549377
v 0.23446466731495516 -0.054771711259629444 0.45892383073750648
v 0.24025637898849858 -0.037649994537447426 0.46616396931169196
v 0.24207573242561334 -0.05487188024000425 0.45183657738736538
v 0.18582382798194885 -0.074379041790962219 0.45104125142097473
v 0.18714753245541377 -0.060199640410672245 0.45091847001286584
v 0.1605425626039505 -0.065123997628688812 0.4415631890296936
v 0.39357867836952209 -0.62341362237930298 -0.050059981644153595
v 0.22905828522566479 0.016903669713841694 0.47413214566777279
v 0.19999584555625916 0.038737021386623383 0.46943613886833191
v 0.19174102784690791 0.061911014605132077 0.46423422939616349
v 0.14307667280927094 -0.04985376169610789 0.44555106570526704
v 0.15444034107083296 -0.079431941929423378 0.43991233027481663
v 0.15741072427382893 -0.025435951415318896 0.45237517562309665
v 0.02380832184812753 0.054949091043479836 0.37730999424512079
v 0.13637483388123428 0.027235043790782197 0.45051545324682102
v 0.03286886721704381 0.032981508802328162 0.38437679432278488
v 0.024753656921980154 -0.012486267224073052 0.37338946473917783
v 0.64062374830245972 0.089170150458812714 -0.052612598985433578
v 0.25059354305267334 0.30779775977134705 0.30921658873558044
v 0.11357887006451894 -0.072043573414614134 0.42457885524327948
v 0.1047075600292286 -0.092990087076670044 0.41371801293358385
v 0.11513804584231513 -0.095544703484114313 0.42029190855679677
v 0.092745042499670055 -0.085803415707773348 0.40617774888429503
v -0.0028360295661648714 -0.13300444159786329 0.31695237604395959
v -0.032923061400651932 -0.14298391342163086 0.27917474508285522
v -0.03002573549747467 -0.09261622279882431 0.29911237955093384
v -0.037679369110349241 -0.18626321499983897 0.24209697317731815
v -0.02697090665491797 -0.18494579701399289 0.26218649344464579
v -0.038366409179141858 -0.15316644719741562 0.25966617856699808
v -0.03324669710969428 -0.15055610403759093 0.26900937255626001
v -0.049238618458150633 -0.13985992888827178 0.24989954081050489
v -0.055387532481724552 -0.1714999812434167 0.23034551793723609
v -0.060227222476255386 -0.22112396001375512 0.19229214292039665
v -0.075070611591813399 -0.098717968220219832 0.20692983908252463
v -0.090278708193754983 -0.10638700785658441 0.15664046358805159
v -0.089139597571304421 -0.14421608617378914 0.15751032907581361
v -0.087964393323636689 -0.16906355898232606 0.16312908649013455
v -0.037199441983022268 -0.26824485420073124 0.18995527976254367
v -0.058094064191545239 -0.020381084431246844 0.17706181467539614
v -0.064268125935425205 -0.013255039703544134 0.21434014760058556
v -0.070328742265701294 -0.092830918729305267 0.22512127459049225
v -0.080326723350329657 -0.090398799124695395 0.20180931485776601
v -0.050663549453020096 0.0012655600439757109 0.16497506201267242
v -0.044103865577430609 0.024212545259440412 0.24271499364669294
v -0.029405980835521435 0.043548451099567356 0.22762381704770879
v -0.037704944067448121 0.027783034808531799 0.19834114758711541
v -0.078778943869410534 -0.041521725960268381 0.19889672186018179
v -0.082539266417277282 -0.078289644683209633 0.15447262288012922
v 0.53610964996394272 -0.71347917035710451 -0.29139315016063766
v -0.073508133183574395 -0.052157583205238861 0.18431192580100234
v -0.067624528924588728 -0.075251370423295369 0.23116111585203677
v -0.037737991747322279 0.02310774920011056 0.27169992230230267
v -0.050121149853426424 -0.055918590517377902 0.26464845754647265
v -0.063897183870975788 -0.057855994962622108 0.25222655321368709
v -0.053661613387569945 -0.081877481391525092 0.26020587206992468
v -0.063350553239987201 -0.11004013919849098 0.23721224851578163
v -0.044160042326168943 -0.068165609693137563 0.28324160954997019
v -0.043059369627116276 -0.12875543173938958 0.26420175968231918
v 0.001008420018479228 0.020527899265289307 0.34188178181648254
v -0.023993781444204922 0.026584758952362297 0.31345688123630033
v -0.033409616409671529 0.047100088047877818 0.2393537326498594
v 0.012425483284821163 -0.038193190949229065 0.36324959378708072
v -0.0050934341963951076 -0.028778078091112939 0.33941270965339454
v 0.0072256098501384258 -0.02883882075548172 0.362587571144104
v 0.0053866557900978896 -0.01451507795650849 0.35039428107903214
v 0.011343401043561508 0.0024416402198773183 0.36659205897277947
v 0.10724096817356935 0.074668249922748661 0.43931427029430264
v 0.1420899400077294 0.13682746065179929 0.45394768553645565
v 0.084206609176859765 0.11398124623005119 0.41947019632812788
v 0.059792635867433871 0.029186963917702386 0.39580519335217818
v 0.055237460881471634 0.18490360677242279 0.35966631770133972
v 0.085753200864010004 0.1795093920867103 0.39889575202528471
v 0.060722950845956802 0.11394172161817551 0.40638694167137146
v 0.052309210644175604 0.36615376954325868 0.3292838729923927
v 0.062022173706180975 0.065961067681862176 0.40491175882136488
v 0.035858049988746643 0.13817127794027328 0.34520711004734039
v 0.017176315722542693 0.051659642022158773 0.36065466818701009
v 0.018648736713815471 0.039445649059224631 0.3675729495110942
v 0.01949169673023967 0.12473941259477166 0.32885750831180716
v 0.048937278793696443 0.10731923464183925 0.38594611565619713
v 0.046690944148551634 0.16142688220215909 0.3441228074433707
v 0.042864686255645774 0.14209206848448649 0.36888018676745032
v 0.004781243422639473 0.0843897818992346 0.33291968582693032
v -0.00548883374165012 0.090985454923011619 0.31849287916842728
v -0.033216740936040878 0.43110337853431702 0.30508816242218018
v -0.012096539829503032 0.089495723683268164 0.29119523379858953
v -0.01882521190455962 0.070419562901867183 0.23937888037856123
v 0.016798749202418556 0.10297837006525298 0.33578273497136313
v 0.040417701697037109 0.13974716938786153 0.29049805716352273
v 0.074130733524835943 0.14522131383456796 0.22895832991916537
v 0.097775228986921744 0.18144748667384089 0.29467050341446815
v 0.023990266560060158 0.099039600227199279 0.34968254900082124
v -0.03535702751152546 0.38587497342016058 0.256750972994025
v 0.0084680876186134062 0.38523201954472275 0.30579648522746072
v 0.0090651206203187559 0.42828449861370499 0.34816342873501355
v 0.0090592103078961372 0.4262956976890564 0.35151025652885437
v -0.0074725237003110383 0.42186539712545579 0.31673002253094507
v -0.0076487718658905792 0.44489219642385003 0.33845198240307905
v -0.023195102555914272 0.42827711112328104 0.29900186504375181
v -0.046957879362878291 0.43155355388929573 0.27791098454415969
v -0.060004659685419195 0.43436576632691737 0.24420483171898583
v -0.050058219581842422 0.49064067006111145 0.32666316628456116
v -0.01952164417072173 0.47289339077566828 0.34536422602482647
v -0.03920387558063116 0.44738772432381241 0.30986362454050609
v -0.01977997342007215 0.44153586676252354 0.32230831037317165
v 0.033837574442256928 0.47536579229942727 0.40829017609388463
v 0.0022291329115364435 0.46240796344406981 0.36551306968032304
v 0.016005602934616395 0.48017084471246241 0.39779382470892255
v 0.014143683205729375 0.4720751243694904 0.38450158377206417
v -0.01346384977499695 0.51803808537880147 0.3757167091724552
v 0.029889198180122631 0.4435718761564732 0.37674745821816696
v 0.036694400018591075 0.49789539197374233 0.42301193578282698
v 0.039955797493884386 0.5118996529487293 0.42152700267792631
v 0.057601568079489643 0.45348183679260584 0.40721722257896231
v 0.062433030797132909 0.43838446557856325 0.40435314215848422
v 0.063235582288188055 0.40741710004789589 0.38265382549569416
v 0.079434085379112923 0.40109556812505254 0.38464094119142339
v 0.077067939071719341 0.43588332215720932 0.40628686986910834
v 0.087788311786151998 0.4155760541616767 0.40066849258149828
v 0.067855536937713623 0.47571566700935364 0.4235248863697052
v 0.087502710521221161 0.49155902862548828 0.45424988865852356
v 0.17557182228386836 0.4310767222796088 0.43929229011794457
v 0.079259925577689669 0.4797868093465083 0.4407285483744508
v 0.10981646400288508 0.36104723424935187 0.35469222785718768
v 0.16471376194231899 0.44846786919937082 0.46817897065850256
v 0.11418532197694452 0.51297135789106185 0.47926491141570338
v 0.14630047768629867 0.17899358378911059 0.45310894640623645
v 0.14975646798723721 0.08447717457833534 0.45957990165638046
v 0.1526078827960895 0.035786822500874942 0.45266805062432391
v 0.16875924471056172 0.091306101635446141 0.46875162723692138
v 0.16705580055713654 0.072487510740756989 0.46253788471221924
v 0.16043232807744895 0.1289148382399079 0.46435079831782972
v 0.18391848605842198 0.17564405171368855 0.4772419573999151
v 0.17616729801898204 0.11706343133459181 0.46565565225240324
v 0.16405183458413911 0.03113109104953982 0.46000855114087585
v 0.19200073392697903 0.084288214552627569 0.46113898998286706
v 0.22207611518714579 0.11942332234861379 0.48606690426657517
v 0.2280188649892807 0.063947021961212158 0.47931995987892151
v 0.22994021326303482 0.083877831697463989 0.47956834733486176
v 0.21889530026126172 0.074512129962162971 0.46933192837186916
v 0.19386557943254693 0.14474139751861245 0.48459145304898982
v 0.24323773384094238 0.12674294412136078 0.48628994822502136
v 0.23365515335379575 0.1320485516857661 0.485788654575245
v 0.28266298770904541 0.096676141023635864 0.49855309724807739
v 0.24810812474147506 0.11793211364333002 0.48869982018611924
v 0.0070986701175570488 1.2493940591812134 0.35481339693069458
v 0.25497661591672666 0.20513176323374308 0.49944369839744768
v 0.20398079937423641 0.21471540718567286 0.48132756509418745
v 0.24700920430694998 0.43099980293852813 0.46203969001033535
v 0.1947792442369797 0.22726843212594425 0.47703062504460503
v 0.23586469888687134 0.27721130847930908 0.4392242431640625
v 0.20112641352518618 0.44442984235496558 0.46402039008234774
v 0.24168999493122101 0.26760223507881165 0.46963399648666382
v 0.20679511123151206 0.26491296888069865 0.31609058877980506
v 0.21330147953277637 0.40394750782071009 0.42951369295185576
v 0.22482469936223889 0.38205785342422172 0.39107880623276164
v 0.17945787310600281 0.41137373447418213 0.43570840358734131
v 0.13073487349436122 0.35930673420687287 0.35843965063540861
v 0.17632944559060129 0.3120528570112181 0.29121865819585169
v 0.18359012263963931 0.37272832908179648 0.38720221116657183
v 0.2069198964475924 0.38451867989854888 0.39088848899991591
v 0.19545076578070242 0.26209329494514505 0.30772932174878626
v 0.20660154206102083 0.29743177520352426 0.28578732284731562
v 0.2302727653274369 0.29071792205201541 0.29480402330353539
v 0.21493043752751498 0.28190294537565391 0.34914527334474471
v 0.22815227508544922 0.28031110763549805 0.32715243101119995
v 0.2380633524143799 0.29423994241884022 0.31479406849170583
v 0.16822777519636328 0.21915373112124348 0.24492393848750899
v 0.16309107403872045 0.23097061635860661 0.30502819832336764
v 0.1266311528002779 0.22215078849237987 0.36716939174503732
v 0.1460165916951579 0.22149667895846947 0.30533040535695039
v 0.11139321945945523 0.15776726994623025 0.43304088343763719
v 0.095305114984512329 0.18532165139913559 0.31302186846733093
v 0.12986899453189144 0.27591459599773899 0.22257339799172302
v 0.058379439483177975 0.14051688425925973 0.39359603714384717
v 0.10591294711268309 0.2056415362772395 0.36709192138232288
v 0.10290188428793795 0.18267116766667962 0.41835161772354207
v 0.11682069403496252 0.32368499453305355 0.30552292575969447
v 0.13326049796382672 0.39026759002854122 0.40235738543569755
v 0.069263827490267285 0.32304889346325899 0.27477560484274877
v 0.057877411680651386 0.27603397538969876 0.15584096452245724
v 0.0033100734438504744 0.35191451788631462 0.24659512653725518
v 0.093507524579763412 0.27698318660259247 0.20621533691883087
v 0.090805114857097011 0.14463072537122831 0.22566728311731044
v 0.030693731507566439 0.3071336892686311 0.19414136876154647
v 0.053429545288103057 0.14673314349447725 0.26475168213718209
v 0.056246532522889248 0.081006700145004842 0.16955075766218361
v 0.00017079941250433295 0.054245041564589022 0.18441966055706813
v 0.13273311033844948 0.89762264490127563 0.40392260253429413
v -0.094684361019602564 0.46541399611266099 0.15766300551976609
v 0.021946534934364485 0.11158722301971466 0.25872025535454901
v 0.14653913676738739 0.15558278560638428 0.19674697518348694
v 0.15846952873977024 0.16318526666682953 0.19336204164410944
v 0.14608057400403979 0.19008793524787965 0.23752525934594099
v 0.21180382370948792 0.26388448476791382 0.26488590240478516
v 0.20010205760395758 0.26815119119573916 0.23437934558462836
v 0.18792997008044143 0.24266521583365661 0.22338228216664391
v 0.22291799805974705 0.28326557155066351 0.26092048868012402
v 0.17670817673206329 0.27369025349617004 0.24535033106803894
v 0.11713017100461016 0.27689926059843545 0.22306296434323161
v 0.10918615758419037 0.29401960968971252 0.24218088388442993
v 0.12049946188926697 0.27566671371459961 0.23178355395793915
v 0.09087107711883427 0.25201644323550404 0.15570994574263944
v 0.17693397104476999 0.19938387278204275 0.16565172133517569
v 0.18980637036832387 0.22780931658455567 0.19868671946209426
v 0.18903860125189767 0.21925191877204614 0.17245081148018432
v 0.17970352304125572 0.19869220531058654 0.20017088747024503
v 0.19154112646302382 0.15810921276882833 0.14708288357439378
v 0.22601583677872053 0.14667542470341954 0.046929462086551778
v 0.20345109058646121 0.14686618276773716 0.12492451521998089
v 0.20028140527710583 0.185455802357329 0.13435535998609938
v 0.16475608979162235 0.20131182516930271 0.066013120441955009
v 0.17844511568546295 0.15322238951921463 0.15771043300628662
v 0.1345125303672709 0.20345450428674072 0.040150010886489361
v 0.21635917619842085 0.15212100005135448 0.10268845592627951
v 0.22497520560071535 0.14653599145324434 0.060616668048098121
v 0.19614443974844134 0.16644038796430485 -0.0040007968344519425
v 0.21639622534617528 0.12300840244217034 0.084889655228383321
v 0.25008829456468512 0.13528589990452086 0.016371932509262489
v 0.20353667458292762 0.12258811562252801 0.11363440457678148
v 0.22069815912955679 0.059970111881480298 0.085197131268859291
v 0.22261863946914673 0.10061062872409821 0.085019201040267944
v 0.19586458396318074 0.11136404322399952 0.12486283712920639
v 0.22393415449282283 0.021118122670386721 0.066874900709007506
v 0.14703428745269775 0.11883009225130081 0.15239430963993073
v 0.18301226831701203 0.055304729780365963 0.096092270569926669
v 0.14009703178647365 0.050848997061840942 0.091845547744033931
v 0.21921429038047791 0.075118802487850189 0.077514827251434326
v 0.10807232049450272 0.21966011645582706 0.070470296294299697
v 0.1085825763850113 0.21650015236818271 0.070050902781839286
v 0.10097448062883381 0.10008818491001482 0.15945177045534017
v 0.03888955954353697 0.2577102671512892 0.057833331639723443
v 0.011120097292239801 0.27296910408057595 0.064392247130046668
v 0.013070804710336026 0.28248511561230283 0.12210542434795404
v 0.043016195297241211 0.26811791956424713 0.11688127368688583
v 0.035557697496566107 0.26401158339510727 0.081630287602016113
v -0.042464800433489006 0.33682066587639714 0.058730958172883464
v -0.023927329564670845 0.33140922130217482 0.0051468110790621972
v -0.062318630516529083 0.38126832246780396 0.040345069020986557
v -0.053398324193888715 0.35449366385357672 0.12120998147468336
v -0.02531845695461904 0.32640706830007404 0.13704231386847651
v -0.016869990690817759 0.34985260923447536 0.21863735374529761
v -0.0029706464073172359 0.066192360410175635 0.20592850189355644
v -0.013279898421958607 0.039485426660981142 0.18675879564981276
v -0.026842966520837529 0.04874752811161405 0.20628773063759095
v -0.0061038602143526077 0.040405649691820145 0.1691119372844696
v -0.00041796638821580166 0.30211190546152739 0.16059609782770734
v -0.019404474502311697 0.30523225042318258 0.089057487459298951
v -0.0072127637136478115 0.28909601632049831 0.049364816059537783
v -0.010190707920158441 0.30742064103091993 0.1389423503218622
v -0.022753329947590828 0.32429614663124084 0.14809033274650574
v -0.034188210964202881 0.32885146141052246 0.10952664166688919
v -0.042869249532047196 0.33589290031746688 0.09858999061424753
v -0.03673195448506715 0.32709400995324084 0.078917588058809399
v -0.027589986829452594 0.32353526763759183 0.067001702262319204
v -0.072320036590099335 0.39385116100311279 0.069228846579790115
v -0.0680171305420708 0.41574429541085822 0.024527227938896758
v -0.072268597781658173 0.43223598599433899 0.027082910761237144
v -0.091691483018188386 0.45146533212128581 0.083002818634471856
v -0.080297690416571352 0.43195359937138161 0.044004063292549328
v -0.088881600768282443 0.43124868917324222 0.11703410837798728
v -0.077914792717709166 0.44514499860167112 0.24878627375189158
v -0.078981674481896719 0.43764421666903369 0.19504524599249853
v -0.088683750958877094 0.44084619260706231 0.15530008042502308
v -0.076884001493453979 0.45281460881233215 0.21035407483577728
v -0.084678985499277215 0.4268439255019294 0.12078874777677742
v -0.096850936679860083 0.46485423688871647 0.13636519793942467
v -0.10149160027503967 0.47304123640060425 0.17997458577156067
v -0.10280706733465195 0.47656086087226868 0.15729629993438721
v -0.098609849596262913 0.47670182954445223 0.20814483874349557
v -0.084119080990268685 0.47938474114773927 0.24904334147737234
v -0.088429130797980787 0.4934810669193842 0.22751227299715132
v -0.086626888340228414 0.50345902280381549 0.23419691701839812
v -0.083422650071957871 0.5352252862955954 0.2607080078310095
v -0.077835910022258759 0.53183901309967041 0.25903266668319702
v -0.1013689711689949 0.52276325225830078 0.097826063632965088
v -0.091374673451267985 0.51241940332673541 0.06718798718849496
v -0.086449991911649704 0.5229296088218689 0.057979930192232132
v -0.089848819148186945 0.47463800631723224 0.057529562529887668
v -0.086117555960318531 0.48560870719163085 0.04008433051453713
v -0.10713730069734224 0.55970041292598471 0.20491417931578301
v -0.098282989114522934 0.54574295878410339 0.23462990671396255
v -0.10037355124950409 0.54377734661102295 0.21429465711116791
v -0.10441006135860104 0.56400442141712981 0.22094980839061623
v -0.10874945201527825 0.66768643039754227 0.2130307730214365
v -0.10110735873071766 0.68179047094657019 0.23081238101595133
v -0.10350947082042694 0.5721747875213623 0.25469419360160828
v -0.096098755559216875 0.58647111552104292 0.26442044485746308
v -0.088733315822871861 0.71266649690298756 0.25542678629177706
v -0.093923664235635709 0.68894797723676138 0.25886721772937249
v -0.098395766091201695 0.68097429957389632 0.24105680910896687
v -0.10393746197223663 0.6346089243888855 0.24071362614631653
v -0.078114411996719632 0.51418847749942498 0.26702948759044032
v -0.02740233950316906 0.77447950839996338 0.26007401943206787
v -0.079959623515605927 0.6058388352394104 0.27420833706855774
v -0.092409853824468327 0.6349750422058652 0.27655525611974824
v -0.080395512282848358 0.69029498100280762 0.29469028115272522
v -0.10434829475843123 0.61795753982151247 0.2545006953145254
v -0.095313097989797632 0.65081500027395844 0.25807881460779647
v -0.096241392195224762 1.0481892824172974 0.29172202944755554
v -0.080794722881921452 1.0509053411741041 0.29363155496626775
v -0.084677038039215891 1.0350897553565555 0.11744267329238568
v -0.085447721183300018 1.0956043004989624 0.35258036851882935
v -0.080706520246351651 1.1259667638997515 0.37785653630487076
v -0.10010530877572116 1.1019463858865006 0.29806238428794118
v -0.078712068498134613 1.1490424871444702 0.3273506760597229
v -0.07730160653591156 1.0042304992675781 0.30105534195899963
v -0.072540819644927979 1.368904709815979 0.2883484959602356
v -0.11224164068698883 1.1093095541000366 0.24776932597160339
v -0.10333251496736875 1.0667940772452122 0.21887123934463343
v -0.10693440350507664 1.0192129116193129 0.22293213474014725
v -0.100751517769406 1.0470821998140216 0.26843571018961676
v -0.084302072452977925 0.99957035960266472 0.22860237581477361
v -0.084823359712410853 1.0206370707817645 0.28882455576351646
v -0.071698830422535775 0.95856612571105837 0.23056909210459556
v -0.1007873962165744 1.0608166198894722 0.23246497589598852
v -0.085487046203786402 1.1432156976137746 0.2048140454655015
v -0.093545308808593367 1.1323089609962271 0.23252654567587852
v -0.088752207080645101 1.1305127247571483 0.30108047094912826
v -0.06345893835787457 0.95131950940897814 0.21650801663726912
v -0.072123042013459579 0.98056916585165088 0.25352275502075994
v -0.035651308028283396 0.96004557020145431 0.33513748314757813
v -0.06330076675077298 1.0128714182563379 0.31138083470066596
v -0.06220112203327232 1.0208644571106777 0.33575203475825599
v -0.075508650429799734 1.0957028211876851 0.39699181998214628
v -0.048990881927469705 1.043051302233156 0.37896622415295717
v -0.057071483719628849 1.002742926475696 0.34472907570323497
v -0.030529634178381299 1.0015425110304139 0.3803785509276893
v -0.055005331131956423 0.75241681038019126 0.3086571289797444
v -0.070135874273695289 0.69673393994810995 0.32276490872774943
v -0.083179787517406539 0.70069323800105077 0.28914210318105915
v -0.063112922012805939 0.74194860458374023 0.29195445775985718
v -0.080268928637171846 0.6151417684376318 0.28320096070474965
v -0.078137236479357455 0.75665345820344376 0.252519793628945
v -0.083556233040979269 0.7342883740513827 0.23077995913560853
v -0.045178040862083435 0.92267283797264099 0.2058158665895462
v -0.062325094184748915 0.77002537704521679 0.26768625202948382
v -0.027004379779100418 0.51296073198318481 0.35642904043197632
v -0.034404846700574462 0.62267627330478548 0.37448287923283857
v -0.023665910827630195 0.56603832809209442 0.37868793083104052
v -0.044163243417539272 0.69170068040899713 0.37100952160476741
v -0.02767609991133213 0.77718454599380493 0.32064294815063477
v -0.0069531888819185234 0.86565511247200266 0.22678179057861969
v -0.031142391025293158 0.88664522884291641 0.21016542533326121
v -0.001015831896879609 0.93104865850783491 0.3386782703427777
v 0.0057027225249431553 0.9367652655725498 0.35690518972383872
v -0.022765912385622498 0.9653124138432353 0.34400796734433209
v 0.0026024955165213563 0.95210895380093497 0.37047568609914155
v -0.015907470136880875 0.92153143882751465 0.27864179015159607
v -0.021955802928856034 0.93144928028912566 0.28657796068286173
v -0.022147986383194703 0.90228490126818151 0.22618953219543975
v 0.00066137429600622946 0.93983934362307897 0.34698485111424204
v -0.020495774394159855 1.2328369004548232 0.24983110736855818
v 0.010042241860211177 0.8470562566740738 0.23176292921973013
v 0.050182151053890532 0.84360103988832336 0.29862933324269908
v 0.049195217209544513 0.88898892898706472 0.3544821018444469
v 0.082792393915731469 0.88369936403275806 0.36250020659823878
v 0.027841254860497367 0.84012730241667855 0.25734207606564913
v 0.020852090790867805 0.80050128698348999 0.26335123181343079
v 0.00093557215473106636 0.86204678419902359 0.23740242050845875
v -0.011322220684592148 0.88386876402322578 0.21149220798335625
v 0.026441849768161774 0.82055580615997314 0.1606442928314209
v 0.03309855512087817 0.82452927214737615 0.27496330144545533
v 0.036725778296931771 0.86355166802605443 0.31053583573908117
v 0.019325007873859275 0.82219818056059302 0.23412210008039266
v 0.017633460764904695 0.84084060675959349 0.19945349598790935
v 0.053585961844579311 0.86071954059167444 0.31964048734791084
v 0.036155523130034478 0.80682509076997677 0.3018105552466912
v 0.034198531037816941 0.80995634593992449 0.37175844392245883
v 0.099532795685089062 0.86867413888529255 0.3754079349528025
v 0.13128307461738586 0.89029896259307861 0.37414547801017761
v 0.11703699082136154 0.88367998600006104 0.38344296813011169
v 0.091441008444191743 0.89106025991259785 0.39232680371488426
v 0.19546093057178007 0.92781633217484483 0.44401482457059827
v 0.20843252719952529 0.90702786826255477 0.41932206957090512
v 0.13283778183378245 0.8770164046603186 0.39338896531474354
v 0.096712071417692863 0.84801575999023893 0.37321271069510736
v -0.027431190217084844 0.6660146168146015 0.39454096493320329
v 0.035629348228496838 0.56391886786205425 0.43380922152036866
v 0.0050880552316329933 0.56926634783463148 0.42116542884324154
v 0.020408488173040289 0.59613975870963432 0.42490951942424549
v 0.081926082809535228 0.818080522364519 0.42382430633883095
v 0.10994423689707196 0.82970921862725522 0.42365086734276114
v 0.15584611247492783 0.88571028464871859 0.41134450105368042
v 0.028144944894595188 0.92362972882377647 0.36354141949315177
v 0.11613660585901894 0.90931166764226001 0.39630480346529556
v 0.049669049680233002 0.92519688606262207 0.38934913277626038
v 0.094100148463588273 0.92229468953740801 0.3908654504578849
v 0.18975573778152466 1.3109637498855591 0.51269233226776123
v 0.10377506186684667 0.93532970358748124 0.41244155255229864
v 0.024735705091830346 0.97768818301565019 0.41805793524048301
v 0.0087361455450184981 0.72909273983295442 0.42540826492493
v 0.0032696099951863289 0.95952498912811279 0.38472473621368408
v 0.015704379590398766 0.93390963864592202 0.37975522248311355
v 0.025738142617276659 0.92805149415392285 0.37929628222145256
v 0.054890557640461843 0.73172053159002437 0.48120097350621732
v -0.019480070099234581 0.98413956165313721 0.38651850819587708
v -0.028016197725305086 0.67558763984227699 0.38870805685029075
v -0.012107639573514462 1.0138983726501465 0.41094809770584106
v -0.03857926515964015 1.031303817971432 0.38312985109798237
v -0.037370907487803848 1.0592481688130573 0.40324992871535231
v -0.024049119122501322 0.99535071491120297 0.40011530730430739
v -0.048316465881032715 0.73893929783387458 0.3472446751574213
v -0.026730236819950726 0.72873352959038806 0.3852918478214416
v 0.01579308134695237 0.66692863746421083 0.44507689104309467
v -0.030576631800791766 0.64081547285909135 0.37502554002904975
v -0.015305534134509313 0.64898239352543463 0.4188036780664382
v -0.020073054883385941 0.63533764116558777 0.40539444362282295
v -0.0021737542374952283 0.64698012429420637 0.42856865061604338
v -0.023716069360798214 0.65654134074867476 0.37688556499343578
v -0.035080066008791808 0.55521905637202706 0.36475307350347463
v -0.017766648768545189 0.53754344875208915 0.39362286865991786
v 0.0093949994145662418 0.54917059021593317 0.41205075265434637
v -0.0065676665944352673 0.53919337743937179 0.40592827788364372
v -0.0086996303871273994 0.55173051357269287 0.40959468483924866
v -0.018280159682035446 0.52864241600036621 0.37759131193161011
v -0.0071362098678946495 0.58660733699798584 0.40980637073516846
v -0.016391041701727959 0.60074262888822383 0.40554752724800713
v 0.020282012861776093 0.66122835433336602 0.44445320138160538
v 0.11544537693902486 0.57539206015398159 0.49313834067880097
v 0.15121549367904663 0.58431071043014526 0.51071798801422119
v 0.16818289811499429 0.5972099184690296 0.50639991118120375
v 0.1660775961721391 0.53545521718687838 0.499584775332929
v 0.1540602465209551 0.57562788138207788 0.50236355983149805
v 0.14760845017690402 0.65406854163199779 0.53187020563188847
v 0.15413978695869446 0.79782307147979736 0.51958471536636353
v 0.11041600238887518 0.69046060458115077 0.5026943487989195
v 0.14795307072516764 0.84101536697494328 0.42688862768695179
v 0.12708680774156067 0.91801084514910469 0.42244135449950704
v 0.1140600418274519 0.79965542133373502 0.50362387274715281
v 0.13871002441489605 0.82247425466608437 0.49016009710882036
v 0.11373102135229665 0.99849611833457552 0.5123611066187399
v 0.1208279814329573 0.98844508391125352 0.48795431755270735
v 0.093986547386620392 0.95277598321432921 0.44886221160547357
v 0.14718924269390712 0.97688796526784372 0.47680310276861071
v 0.16782620035120188 0.81315595604427515 0.51447341981409234
v 0.15373872220516205 0.85494023561477661 0.43722617626190186
v 0.18743002916690538 0.94351096446251481 0.45098431024971314
v 0.16580413281917572 0.84891295433044434 0.43768537044525146
v 0.16216596020621377 0.86608075370877313 0.42917153740729541
v 0.14996959238436164 0.98350267421626292 0.48607563079310739
v 0.15841370567642213 1.000228834144222 0.51914822867239652
v 0.17297826592023582 0.80042881008673583 0.52464292807912094
v 0.22154168986984712 0.9433253222175666 0.4622914396440454
v 0.19882375946076494 0.88966502138703585 0.42917729760044837
v 0.25927777962019471 0.93334410835716242 0.45414416168136901
v 0.22730537636602402 0.90412805282176278 0.43351155676884084
v 0.15537356175638231 0.84973986484507269 0.46281562747192834
v 0.20802061711853104 0.62008254975318622 0.52912972165928929
v 0.22692133486270905 0.61478614807128906 0.53227025270462036
v 0.2154141366481781 0.56515026092529297 0.51400011777877808
v 0.19134114682674408 0.54579818248748779 0.51856672763824463
v 0.2406800747537956 0.62085267574819469 0.54021203145844565
v 0.2264659696890651 0.58194443989675404 0.52758649261548041
v 0.19872167392432563 0.62686103311125752 0.54333325717283576
v 0.15661186167277605 0.70586135393713401 0.53543471371328932
v 0.19318623298916812 0.77416987646324631 0.55116725751811801
v 0.19134312213178217 0.7360177982875874 0.5571833021457584
v 0.19924207337571523 0.7184876703343408 0.56073379626067799
v 0.19171214484168536 0.6638157571175145 0.5492783572786355
v 0.21491689570879061 0.7287466013647288 0.55082076748052899
v 0.20467047974880542 0.81760110838079902 0.53443197483575489
v 0.22882762767700165 1.0062888984390335 0.54208721715809294
v 0.20065492876389196 1.0317966139168329 0.56567742125772302
v 0.20679575204849243 1.0449886322021484 0.56215935945510864
v 0.22359717087153091 1.0190597646901438 0.54864497248855337
v 0.19690454006195068 1.0170568227767944 0.55223751068115234
v 0.18508189869794189 1.109566284877872 0.59934857605089042
v 0.19875455271741091 1.1203898873843958 0.62057722437855745
v 0.20192580690814657 1.0987980227790808 0.60858763522779957
v 0.18270045216157493 1.0695746934394537 0.58069997650073513
v 0.16681727908128077 1.0221624570662557 0.55453122979637925
v 0.18263851355631044 1.0607025448295448 0.56762338970093829
v 0.13630896422420979 1.0786303795181542 0.57364869044223565
v 0.15135220352214526 1.0901015791518383 0.58490183581497945
v 0.15242968168098545 1.056160104123133 0.54667655925959435
v 0.13371095759176524 1.0534484351797677 0.54507033944934147
v 0.16733204600075929 1.0951233702070615 0.58650266401459905
v 0.1937203373944118 1.2089723253846674 0.62964681767534691
v 0.1331380158662796 1.1400251388549805 0.60922819375991821
v 0.10004701436460881 1.0937972243748275 0.56713181185962969
v 0.12163282727440981 1.1033281335012102 0.56853760736765357
v 0.093460045215862708 1.1729175618285725 0.58087154240695793
v 0.11835010349750519 1.0656435489654541 0.55550301074981689
v 0.11920444129973448 1.0379641380665512 0.53417425336917601
v 0.11209803819656372 1.0459578037261963 0.54987180233001709
v 0.1902175212703581 1.0156444373225744 0.53848896254587675
v 0.17128587258570163 0.76105473664362255 0.53537022546382229
v 0.18381716310977936 0.79642075300216675 0.5441088080406189
v 0.49932250380516052 -0.85425490140914917 -0.32943478226661682
v 0.13644722531824174 0.79303320645287989 0.51560860052742608
v 0.11662127411378218 1.0219414034465684 0.52890243650132263
v 0.12728057860299694 1.0173552102625409 0.53143134617453047
v 0.13145885244011879 0.71967414021492004 0.52358123660087585
v 0.11659320345536335 0.59959159574388166 0.49851538983468308
v 0.16913247870524442 0.69830066787964129 0.55028978972147125
v 0.087772258927948626 0.77499324538747438 0.49290271763665905
v 0.098213314370123442 0.80671551945499409 0.46086760049115749
v 0.070021040737628937 0.62283968925476074 0.47838670015335083
v 0.064084082841873169 0.66893464326858521 0.47472655773162842
v 0.081025712192058563 0.54725420475006104 0.46616315841674805
v 0.078192477439474758 0.57964351689741089 0.46599148777792709
v 0.088253680879989818 0.63752475949414245 0.49794888625852785
v 0.07947061445941854 0.66199481922052272 0.48899968044983516
v 0.038990241483871237 0.6680910954094228 0.4651082947312703
v 0.041311986878419277 0.67979452405026008 0.47338396375105413
v 0.084512674412352676 0.70485806770177351 0.4885031676822994
v 0.066610686480998993 0.7566182017326355 0.48124659061431885
v 0.047748878598213196 0.6856229305267334 0.48095670342445374
v 0.034649554026700918 0.60793664262339964 0.44835285594467439
v 0.033198640985625527 0.72553754828184025 0.45919105641730473
v 0.075782287447783744 0.77588659753114853 0.47514517600627348
v 0.075583587803134886 0.60811917871239141 0.47717716140090516
v 0.029976312741335411 0.58468958430294404 0.43306674680088914
v -0.0013095562713456204 0.6849410364075601 0.42792195365786823
v 0.021528726684385793 0.55393932925940059 0.42992627068232225
v 0.047293790317737318 0.59259419019774373 0.44878075814112234
v 0.054402104692644733 0.57075373040981026 0.437538416785128
v 0.060243919491767883 0.51560044288635254 0.45065638422966003
v 0.069446988881202973 0.92691781427490794 0.41093269064686289
v 0.0017024783927058686 0.99041985108721942 0.41427088111337873
v 0.050982571484340336 0.98439558395850979 0.4594046114269571
v 0.08317431996740704 0.99962244765024044 0.49370674272460568
v 0.037516461780447631 1.0403749144988081 0.49050168604013389
v -0.003661891728355497 1.1115953484749217 0.49310492194384636
v 0.01892499066889286 1.0548691749572754 0.490144282579422
v 0.017497057448397049 1.0645085896301749 0.49977056884325
v 0.013172776551530782 1.0231738926693015 0.46637436165129459
v -0.015880641116500213 1.0379928542347576 0.44983330778912362
v -0.0093745165734159808 1.033491048700184 0.4416888408291651
v -0.054694901812845281 1.1517211881556839 0.42198327443500083
v -0.0094278158035850414 1.155891090397889 0.48404379607959497
v -0.0081631512206704199 1.0893200216225138 0.49268323600597119
v 0.020592810216945697 1.1368158545083518 0.51146123784966979
v 0.029379397129445952 1.0740377895830795 0.50135288180285897
v 0.023897278938307939 1.1267982450808605 0.5347029633509981
v 0.02106518394135547 1.1101347142270523 0.50793585937526053
v 0.51630872488021851 -0.65829992294311523 -0.32313233613967896
v 0.038917590423399456 1.1248421378044542 0.55463626817863698
v 0.092271257582741947 1.1038192985113287 0.56430918598727342
v 0.076271308605004515 1.1253249180261335 0.5726175016520656
v 0.11299819834212009 1.1849314783852711 0.5897202286462877
v 0.078777638396981445 0.98950918120227926 0.47997423976056541
v 0.069164858290299308 1.0840526396491805 0.53146237057329249
v 0.078076955676902648 1.0461817307721257 0.51206471208965409
v 0.063600538234150059 1.1980171962118091 0.56676431262517624
v 0.069861633373888204 1.1757171318534219 0.56651288823377677
v 0.064249360081343965 1.3420586030082915 0.48815186045980691
v 0.050137378652901035 1.1942940373293314 0.55705070316635519
v 0.085695609450340271 1.3500186204910278 0.50308722257614136
v 0.1088794618844986 1.3570635318756104 0.52573651075363159
v 0.065105644702806276 1.4236351058774612 0.56996894142316623
v 0.069951439476553121 1.2588758412869083 0.49130848760386236
v 0.039684173043570109 1.1446198124576317 0.5460240904980298
v 0.027890399098396301 1.4516808986663818 0.53736507892608643
v 0.039679214196754978 1.4134266421540276 0.53624639237511362
v 0.028649759478867054 1.1629090309143066 0.51982325315475464
v 0.014788527474459901 1.17421234237107 0.49677007318287886
v 0.06974822641214927 1.3592437219491234 0.50188007318939099
v -0.0084802636857111372 1.4149538244844093 0.48347520023099599
v -0.0047005228709922891 1.4392878307023917 0.49317204383580449
v 0.0055289620825445772 1.4078211110390531 0.47842504688407012
v -0.033115143003707319 1.4180405364515922 0.44818502467114751
v -0.016431903252619881 1.1851191868052737 0.46712312953984964
v -0.03569410827964669 1.1608613396186989 0.46089699690549479
v -0.04109661972186477 1.3977283152602327 0.43839753116344726
v -0.016183894967053452 1.37903272621321 0.43257321912009938
v -0.023197814405192307 1.389993776097721 0.44500557044239475
v -0.024208286663256199 1.3478572842541556 0.39641720065020525
v 0.0044638290959062889 1.2045957271570054 0.48630298462908528
v 0.016547212154361755 1.3310535788784577 0.42166040365141949
v -0.0025057101156562567 1.3084285259246826 0.38394153118133545
v 0.026076386977826192 1.2459144099898547 0.43454746939778377
v 0.076524544133840328 1.3394638538849084 0.44164277593038587
v 0.13845238262582782 1.3195508308958548 0.48230245896420409
v 0.038203601895726191 1.3351169947934205 0.42648341879670265
v 0.070148408412283994 1.2752477819987109 0.46755601678978176
v 0.03353851080037281 1.240158661865848 0.48275196623161981
v 0.057438493578674914 1.333674564231385 0.472443247296848
v 0.042474462054129358 1.3450177237907404 0.45426177030166137
v 0.074773043394088745 1.3274123668670654 0.46416944265365601
v 0.074022518713578206 1.3178373263152652 0.4220823469562896
v 0.013205959314289917 1.3517669823560241 0.43574275970176335
v -0.025370275756550608 1.4668111442838019 0.46583966199956522
v -0.056703120470046997 1.442326545715332 0.43546172976493835
v -0.026992124725376692 1.480886454865086 0.50286190685403165
v 0.010029659606516361 1.4399466514587402 0.50657427310943604
v -0.015249285124072956 1.468905795210834 0.50904001674693811
v -0.0044284892398323734 1.4639798542716964 0.51754611819806851
v 0.0044871656155115579 1.4996103681151025 0.52160832070939733
v 0.009032789275901525 1.471351048188233 0.53105341603977785
v -0.020783206413766079 1.5107805889342916 0.51018685684557008
v -0.048228023383406669 1.5093582549505389 0.47956092667441191
v 0.0039474901652462131 1.5334439335431034 0.52349687867878414
v 0.0070066715933399804 1.5403205784656231 0.53445977275174872
v 0.033523568788933013 1.591272626026657 0.54155822929010355
v 0.084483660757541656 2.022247314453125 0.51003336906433105
v 0.0088019203394651413 1.6366878747940063 0.50781261920928955
v 0.016353810206055641 2.0310013294219971 0.38408955931663513
v 0.089754555228275482 2.0099212368471293 0.4896780712069268
v 0.074026823259512542 2.0278227456685394 0.42743865889195787
v 0.0063628400675952435 1.6444622278213501 0.4732852578163147
v 0.060039873817363074 2.0237208287112698 0.45551577332592996
v 0.135125532746315 2.0001325607299805 0.43188014626502991
v 0.089441962540149689 2.0182135105133057 0.41096466779708862
v 0.11161903987141898 2.0186764225131841 0.52026094359446096
v -0.037665549291105646 1.6053234005372432 0.40128048172470754
v -0.028917683588802756 1.6214397093100781 0.42103535399131325
v -0.046209261252018685 1.4747186545291611 0.42508650158523592
v -0.06273900172502872 1.5040203826077545 0.46041078785744771
v -0.09101333276853793 1.4585142097812767 0.39085311641749099
v -0.069747806025825879 1.54424200130969 0.41837040838484763
v -0.065669320523738861 1.516732931137085 0.41656765341758728
v -0.012833134480545114 1.5550313264514461 0.5140212010102907
v -0.045789769827625899 1.4908600059802575 0.4778903439722621
v 0.4976483813775287 -0.6765533930881632 -0.32452263043562801
v 0.13759234547615051 1.6901907920837402 0.50968474149703979
v 0.014417230061892702 1.5486522271761443 0.54987030792211
v 0.0077074216248492365 1.5809445469943826 0.52539172270858769
v 0.045803431421518326 1.584491491317749 0.53871750831604004
v 0.016654801671632195 1.5162317719506975 0.53766200619625648
v 0.026982681357295948 1.4232163878544846 0.55202385095844608
v 0.018710625077962093 1.5619242800362241 0.56363176945744264
v 0.057145717521200019 1.5120776872223216 0.57044012037795722
v 0.062674817578483935 1.4674995776900528 0.57189424571314418
v 0.12638900692946312 1.5830759163575756 0.64484541557929509
v 0.045444837441388448 1.5426041544000135 0.56711319689158124
v 0.048079848289489746 1.5983039140701294 0.55153346061706543
v 0.049633990370404953 1.4531111863911246 0.56478329103976699
v 0.15720365529986352 1.6920297188528814 0.59165412457828592
v 0.084679499268531799 1.4323074817657471 0.58688199520111084
v 0.08628457906884579 1.5052122280296147 0.59836845087049184
v 0.11160220006997484 1.4667691872122544 0.60269744622468302
v 0.068990691295281042 1.4472101606607986 0.58182273690470676
v 0.068148646916437142 1.5273272506407429 0.59451540922773105
v 0.068834250796994068 1.6039964830227131 0.54954293318633884
v 0.08115570992231369 1.5701307058334351 0.60785233974456787
v 0.099028597369727758 1.6052227703217288 0.59483193144460766
v 0.11060037006093756 1.5514927752968295 0.64174768570402363
v 0.1520817275964311 1.6034183516749025 0.65349403755286362
v 0.16027149574715124 1.6573250332196547 0.63917148026244264
v 0.17607399821281433 2.009340763092041 0.60342687368392944
v 0.10510273229450613 1.5861234687743457 0.62698514769125102
v 0.096736989915370941 1.6313154697418213 0.58504843711853027
v 0.11562660336494446 1.5393844842910767 0.64440625905990601
v 0.13848666678042701 1.489517202108195 0.6384508449165035
v 0.16101413573999029 1.5420352224492313 0.65294251971781903
v 0.16433543222745273 1.5106537873063606 0.65195801763418582
v 0.12028661951767068 1.4180627247719964 0.60677223387231938
v 0.085087992250919342 1.416064977645874 0.59518468379974365
v 0.12009656841522615 1.1314707590657609 0.59509200959065978
v 0.099599743620367498 1.2119738944089031 0.58458917865120952
v 0.11768937304414472 1.2150245483206177 0.59918240257000288
v 0.17212677988718356 1.2479528898971395 0.60442470383520741
v 0.14446227977960518 1.4721366689618425 0.62374934773756685
v 0.16899465076372919 1.4367154483290561 0.6321859779721819
v 0.17134746276365589 1.2146791225135321 0.61468359178643306
v 0.18697547402727266 1.3530334810227502 0.53544964752109403
v 0.20214862069648062 1.2397016142683783 0.61803228638173779
v 0.18619744195244017 1.1716011358899381 0.62969937311553692
v 0.22569506910744527 1.1806759296290708 0.6401678508058829
v 0.20540903508663177 1.2253044843673706 0.62029457092285156
v 0.21137117031369315 1.4439572077594551 0.64292865467438842
v 0.20548119556416128 1.4334632165466423 0.63977531259887765
v 0.23601054332455398 1.4477910559371789 0.67063045332598026
v 0.20257187298713925 1.5494478712624478 0.67726524936698584
v 0.2252233653662841 1.5992413231318274 0.69291073877377263
v 0.20923387060083315 1.6416494057598428 0.68228449612789266
v 0.25822928547859192 1.5931864976882935 0.69524693489074707
v 0.18176264003240186 2.0019483959744098 0.53398919876757722
v 0.15919421258089098 1.9889138108694802 0.48791919673380768
v 0.1988721638917923 1.6336426734924316 0.6579740047454834
v 0.1964697390794754 1.5113010406494141 0.67121443152427673
v 0.17888027851133012 1.4693320344641205 0.65751506759098288
v 0.18183371599568623 1.6150297442965631 0.66196316065300065
v 0.16913168690870201 1.5249829159588482 0.65700533029523112
v 0.19513712823390961 1.6399435997009277 0.67235058546066284
v 0.21330280903691065 1.9917891118715758 0.58746401709401974
v 0.1908416190144693 1.9622405869114301 0.52296245901870875
v 0.384613037109375 1.9888772964477539 0.6453436017036438
v 0.20234586411763741 1.9040987059945349 0.56690392417727231
v 0.27576488371139063 1.741692757297769 0.55938384837595989
v 0.19935135543346405 1.7182432413101196 0.53814142942428589
v 0.19493453288652413 1.8600191235136125 0.5013410068313372
v 0.20210460358786611 1.8645581977063934 0.56581134685611478
v 0.2224976122379303 1.9311575889587402 0.5397258996963501
v 0.2152807110121919 1.9446404378634201 0.52555471078895866
v 0.20935647189617157 1.8991812467575073 0.5452999472618103
v 0.20273111483653267 1.8864201528859876 0.50240740542456885
v 0.15010100617709099 2.0025321269945424 0.47052705559079133
v 0.19820995628833771 1.9836957454681396 0.51266080141067505
v 0.18798825144767761 1.999219536781311 0.53243345022201538
v 0.1919369101524353 2.0023539066314697 0.58789229393005371
v 0.1304703950881958 1.9905002117156982 0.51896935701370239
v 0.17437407331225979 1.9035679305452187 0.49099625637377708
v 0.17963927984237671 1.6974648237228394 0.51778489351272583
v 0.16367541253566742 1.7877304553985596 0.37126731872558594
v 0.18733894715149524 1.8348845071395745 0.45154516103720294
v 0.17782014608383179 1.7605648040771484 0.44764602184295654
v 0.14545880660095853 1.8481491196310509 0.42906027849172912
v 0.1740761399269104 1.9348057508468628 0.48073357343673706
v 0.13926607370376587 2.0229222774505615 0.45546415448188782
v 0.18024671077728271 1.950771689414978 0.45994135737419128
v 0.22727391395165361 1.8432342742544543 0.47651952701529066
v 0.20129489805776235 1.8105890059529688 0.4694572544611646
v 0.21320350490600123 1.7383623042262939 0.51451822112939527
v 0.18858513008279387 1.730265820994336 0.48859147291263294
v 0.16583193612606179 1.3690596254846765 0.56656568609804092
v 0.235976442694664 1.3676353693008423 0.55183517932891846
v 0.22309344270733697 1.2764407643900004 0.6005180319032335
v 0.22331943563842852 1.3057527121617756 0.55444967897761732
v 0.17455826841854843 1.3439458917384066 0.49552073567829719
v 0.17310387153164625 1.3138699780614418 0.52116147168026195
v 0.19331893336994235 1.3397437004859847 0.52381459374925887
v 0.20287398993968964 1.3151136636734009 0.53545606136322021
v 0.16841676613340009 1.3246359481448098 0.48941193737454763
v 0.12247250448898503 1.3407666151085977 0.49938601509041763
v 0.20080745215401102 1.3829211492943556 0.5638919187300856
v 0.17072065415846685 1.271003498581043 0.59210772109926901
v 0.15688581779496663 1.2598292118815275 0.59290012223456934
v 0.16714439541101456 1.4034191370010376 0.5900629460811615
v 0.14994386914104144 1.391625889121173 0.57468945057506204
v 0.1420062929391861 1.3563268184661865 0.54625731706619263
v 0.14886444069177648 1.3533600458035966 0.53323925254927207
v 0.16164259612560272 1.3602224588394165 0.54820823669433594
v 0.12498299183131058 1.3766044327872433 0.57067472410510001
v 0.14332962739245816 1.3696006013967532 0.55793205120949985
v 0.11281427813511249 1.2610034230397491 0.55337386491133078
v 0.13621386258689663 1.2651458118273684 0.58643059444122403
v 0.098500878483077592 1.2490403045987069 0.55565379610073495
v 0.1074403937302139 1.2842117642543684 0.49898029499695484
v 0.095097474873742163 1.4134650704538678 0.57626453831647217
v 0.1022116020321846 1.3406709432601929 0.45239213109016418
v 0.088927261531352997 1.3309128284454346 0.43574008345603943
v 0.099371427907090581 1.3071605471428687 0.46530358422657797
v 0.10557015985250473 1.3353219032287598 0.4775702953338623
v 0.1095493409255695 1.6276322271166785 0.57013567301046242
v 0.14596858620643616 1.3954932689666748 0.58258628845214844
v 0.12451992183923721 2.0150532722473145 0.48482084274291992
v 0.13215822877500438 1.9923539908635883 0.48569419154768073
v 0.14604102075099945 2.0075054168701172 0.4901319146156311
v 0.092155233025550842 1.9812126159667969 0.51016521453857422
v 0.10747566074132919 1.9930046796798706 0.47170335054397583
v 0.10298669338226318 1.9753206968307495 0.49295133352279663
v 0.16010750830173492 1.769505500793457 0.42759469151496887
v 0.17430723302667389 1.9752711569300376 0.46206068329070699
v 0.12060942365144701 1.9898013630553062 0.40490688239367956
v 0.095236452005819094 1.6971741755441989 0.42449277920852407
v 0.1671366133504808 1.7681557235412058 0.44442080741675816
v 0.1036999989410911 2.0199104605609848 0.41346272954515667
v 0.040677982194022008 2.0278063659444814 0.3015322048832752
v 0.050590879709327879 1.9913717818456502 0.36628115544378109
v 0.033156190067529678 1.9836373329162598 0.39013540744781494
v 0.069420908488065841 2.0235652633068044 0.32421815510994095
v 0.083762980997562408 1.9949356317520142 0.40996026992797852
v 0.067189313471317291 2.0106885433197021 0.34071609377861023
v 0.056398722686370001 2.0345262034428 0.3165587074571965
v 0.09418126594798501 1.8965611728939111 0.34585359133190985
v 0.089833369180377223 1.9032178747378068 0.27338940773303932
v 0.044550761580467224 2.0301997661590576 0.35183170437812805
v 0.026729069650173187 2.0260825157165527 0.32789251208305359
v 0.026229679584503174 2.0393149852752686 0.31938445568084717
v 0.0012030012897669079 1.3164100947078716 0.39934847152289576
v 0.00028944000951014459 1.3561090230941772 0.43192043900489807
v 0.062004444106823799 1.3391809324646371 0.41662485538940985
v 0.044190815869610135 1.2946569383759379 0.38239871172167322
v 0.020438959822058678 1.3101823329925537 0.41404673457145691
v -0.025007927207682631 1.3648324433506211 0.40558190679648792
v 0.011132629588246346 1.3487546443939209 0.42423275113105774
v 0.020051660016179085 1.291256308555603 0.37679338455200195
v 0.013540199957787991 1.2746105194091797 0.34821882843971252
v -0.013609388396739169 1.30269029749009 0.3588435925192186
v -0.032486668731472726 1.3168335023762789 0.33396670128306244
v -0.0044928997611584512 1.2396412378399086 0.34602899605258647
v -0.024659346041776498 1.2934461732725717 0.31443525225451929
v 0.0042322586289357091 1.272318377460451 0.32668573645373905
v -0.013495703202578573 1.2883253932469891 0.33896231265506965
v -0.0088883396238088608 1.2769256830215454 0.30193114280700684
v -0.018362469971179962 1.2221188545227051 0.36467328667640686
v 0.042052535340189934 1.2764793634414673 0.39329865574836731
v -0.028335024602711201 1.2047451138496399 0.41658622026443481
v 0.011006070300936699 1.2527965307235718 0.33524137735366821
v 0.01370707992464304 1.2311389446258545 0.37726491689682007
v 0.032347459346055984 1.3062393665313721 0.4116680920124054
v 0.02047348166117639 1.2453089928349033 0.38098730140716569
v 0.037257281600902928 1.2941575356102211 0.36299655597632685
v 0.055524868890208023 1.316471779358479 0.4244811513928054
v 0.12723060295402258 1.8556818626977178 0.40912105308599694
v 0.14483430068722947 1.8057470899123327 0.43180870356330836
v 0.080668834725567518 1.6977284805392976 0.31933406446146856
v 0.12387411335725695 1.7699600499388937 0.34578800439185242
v 0.12877851601676954 1.8062889186031101 0.32509279348165981
v 0.10683127228392801 1.7589134513038487 0.30849718810846433
v 0.10341338068246841 1.7178875207901001 0.3011205792427063
v 0.093487419188022614 1.6893645524978638 0.30097320675849915
v 0.12392797321081161 1.7201082706451416 0.29195934534072876
v 0.13473867704800765 1.7655110430870138 0.39984994291548281
v 0.13077377885490776 1.7298796504226879 0.25336009483411182
v 0.15521395206451416 1.7715239524841309 0.34321275353431702
v 0.19045557081699371 1.812863826751709 0.34765869379043579
v 0.15546628832817078 1.7967375516891479 0.3204922080039978
v 0.14898664386418545 1.8534463658560034 0.37337262366933216
v 0.17643548548221588 1.8526448011398315 0.3547096848487854
v 0.17761624514199911 1.836325161983426 0.32323474549405246
v 0.19423180153391892 1.8406831180301606 0.33727495196746826
v 0.15674644481619424 1.8387707738265635 0.38904423775935948
v 0.15683020651340485 1.8048108816146851 0.40603417158126831
v 0.080307178199291229 2.001805305480957 0.3732776939868927
v 0.13479657437580073 1.9063012784692572 0.3850027459381109
v 0.13660420477390289 2.0226612091064453 0.42639291286468506
v 0.092809699475765228 1.9714112281799316 0.39513635635375977
v 0.13935673347554281 1.8741859839152692 0.42275872463900227
v 0.13192054760385699 1.9170459926052896 0.42203144735284842
v 0.10440134257078171 1.9095733165740967 0.39786863327026367
v 0.13343342863160354 1.8696533070888801 0.37082248658570688
v 0.12464345991611481 1.8722577095031738 0.38513535261154175
v 0.11378145217895508 1.9004247188568115 0.3454585075378418
v 0.16392721235752106 1.9215283393859863 0.34351372718811035
v 0.18556974483903663 1.9060379421547173 0.32618560488894333
v 0.12887106649541277 1.9161993798371979 0.31178872068831076
v 0.16691950350176546 1.9169296123869342 0.31730872484398709
v 0.16501881182193756 1.8929291963577271 0.34747651219367981
v 0.084742189549479929 1.9749437668926584 0.31949135230279929
v 0.17540316251836133 1.8832853099709157 0.29741447861604936
v 0.16091547649678811 1.9045945613553639 0.29775165282866867
v 0.09712246159528265 1.8317103585774501 0.28542578345303343
v 0.12575813756757429 1.8688633101454541 0.29995685599582755
v 0.11700502399849903 1.8597201568927113 0.2896142326016638
v 0.12588139827900349 1.893349500569655 0.29677741887397702
v 0.092759571285275053 1.8819642636682703 0.29101954401101865
v 0.087651968002319336 1.8793408870697021 0.26721811294555664
v 0.077614417311540437 1.9703729078970069 0.27726195819338145
v 0.11305151134729385 1.7918585538864136 0.27818682789802551
v 0.089898862006230387 1.8632603517502835 0.2572223011261911
v 0.10064613976365278 1.8216379817706938 0.21316568448937867
v 0.10132102948647886 1.7970923015670004 0.24582032447300059
v 0.096174970269203186 1.8325908184051514 0.24604342877864838
v 0.089646589010953903 1.8672817349433899 0.20724233239889145
v 0.083970710635185242 1.87188720703125 0.24300141632556915
v 0.081678219799002971 1.8999250676690687 0.23914466714153088
v 0.076174646615982056 2.0059020519256592 0.22875000536441803
v 0.095721676438722245 1.8328479023216449 0.21295467637074711
v 0.1513136589345625 1.7960716077245249 0.12805140505866433
v 0.088447531642524072 1.6085890636424705 0.1809178904923085
v 0.13357538729906082 1.7604697346687317 0.20165947079658508
v 0.11373434468546599 1.7840222035612616 0.26465152173916034
v 0.1139040222063719 1.740759699321669 0.290201839723913
v 0.1287836942876863 1.662218783783012 0.25552775688221191
v 0.11839749006827054 1.7668923047161997 0.24016218604001588
v 0.13724704086780548 1.7073866128921509 0.25394973158836365
v 0.13419612419727439 1.7032210590899188 0.21742512164458608
v 0.10809008032083511 1.6339688301086426 0.19791872799396515
v 0.11715686321258545 1.7950018644332886 0.21973584592342377
v 0.11962822079658508 1.8098518848419189 0.21557478606700897
v 0.058668330311775208 1.6324055194854736 0.22681900858879089
v 0.050064399694606146 1.6588093943956521 0.24302894929963115
v 0.098853819072246552 1.6974868774414062 0.2773299515247345
v 0.1055291794285161 1.810919577906746 0.27060623458305511
v 0.078968877648054117 1.6761156462633859 0.27602225837418276
v -0.0098954802379012108 1.2431490421295166 0.27251344919204712
v -0.009494152023409589 1.2465214966247888 0.23235163071792217
v -0.00059249997138977051 1.2730813026428223 0.29446670413017273
v -0.039727110415697098 1.2757097482681274 0.26787266135215759
v -0.044103817089604362 1.2896026281529489 0.20755832919690034
v -0.039170472575915251 1.2775487837742698 0.2134640117175117
v 0.082281715002721176 1.9538199873217152 0.27275872966385439
v 0.06931097872556978 1.9482017894633259 0.22624876573550196
v 0.078708342078882984 1.9751300964847398 0.22342213434631408
v 0.076353019191264596 2.0042882172027499 0.27238798569979661
v 0.046357570787162281 2.0327563263276311 0.24750235699861864
v 0.081593052900353596 1.9657365111638163 0.29046888131314064
v 0.03613577864954335 2.0396491553835765 0.2714944517204102
v 0.069649361073970795 2.0366761684417725 0.23261860013008118
v 0.073827542589347261 2.0271405924761488 0.25925256837588623
v 0.04651691145111584 2.0277871468234752 0.28479584050189655
v 0.065814137669308256 2.0324530404730132 0.2276202519268703
v 0.065553454400110803 2.043299251284862 0.17138515052326619
v -0.068123000541101403 1.5727079933624719 0.21459576082675602
v -0.044731689411456284 1.5796112502434951 0.20245180890647957
v -0.093428015152963784 1.5977914886276334 0.30690607400633102
v -0.050807654349932507 1.5949067489902613 0.21610118996001446
v -0.095028966665267944 1.5678139925003052 0.2436029464006424
v -0.062376289737140621 1.3305593177500399 0.27902865332058846
v -0.087393574416637421 1.4312308430671692 0.30247901380062103
v -0.083954639732837677 1.3792667388916016 0.27021723985671997
v -0.065575210779170293 1.3421559714902869 0.31844148954254176
v -0.07450005615181246 1.3500143263862197 0.27605951251077254
v -0.063626810908317566 1.6124584674835205 0.23046967387199402
v -0.073325311354472511 1.514290999612639 0.35351972401289056
v -0.06820302943283528 1.5671717296244161 0.34021530843751496
v -0.071612202940553996 1.5403144427000095 0.34924037307581401
v -0.063787288963794708 1.5192892551422119 0.41186273097991943
v -0.054037875107703852 1.3583732208774169 0.35999530547734876
v -0.058247871696949005 1.3658573627471924 0.38167908787727356
v -0.069669030606746674 1.3790862560272217 0.37459716200828552
v -0.074453242341999654 1.366439566505582 0.33697454692444251
v -0.033286921679973602 1.3344936370849609 0.36706548929214478
v -0.051916219294071198 1.6345491409301758 0.35875144600868225
v -0.035494691802256652 1.6323870564816694 0.39571068325060699
v -0.075130323981135741 1.5206210100535438 0.38946318163318389
v -0.080274481326341629 1.4779098033905029 0.35409736633300781
v -0.066294140945526298 1.4867387180177278 0.40286241499893899
v -0.081672119305565838 1.5515161910570747 0.35381965648721586
v -0.080094173550605774 1.5372822284698486 0.40587326884269714
v -0.087415451148735973 1.538906509675765 0.38604358477377265
v -0.064267094009552717 1.3923191077170904 0.40751679651572914
v -0.039509789797453621 1.3813371556842207 0.40157059774093129
v -0.0291884895414114 1.353360652923584 0.38840916752815247
v -0.046801768243312836 1.3698705434799194 0.39290380477905273
v -0.03158613293613096 1.3140930193851579 0.30980432720711293
v -0.043275140225887299 1.3283512592315674 0.32322776317596436
v -0.025613753482487445 1.3033468082370179 0.32924588853610959
v -0.02761445939540863 1.3158129453659058 0.36471450328826904
v -0.058546874811023816 1.338022959239122 0.31984689527276511
v -0.031146975234150887 1.3264820575714111 0.34868215024471283
v -0.040985652179244471 1.180250828083409 0.42901285919021026
v -0.069044247674648548 1.1531901471256323 0.38759104125493105
v -0.073490142822265625 1.143298864364624 0.36613291501998901
v -0.064807071139296665 1.1773644017583682 0.38596106080151021
v -0.067292854189872742 1.16257643699646 0.36166152358055115
v -0.0472894618421928 1.1932951861887926 0.30379482717507167
v -0.040194788952877668 1.2836182002088339 0.25134378404659935
v -0.029521671235070473 1.2141568730307575 0.23191821709537233
v -0.040452666115088194 1.2930648351120122 0.29437676543791924
v -0.035175967136314309 1.2788290590944773 0.27323276174599354
v -0.053973549367548876 1.3084947595284349 0.23931164389771262
v -0.07442587769349801 1.3290951529197881 0.25449531726545638
v -0.067501450571824148 1.3256825932635161 0.23807172019661207
v -0.05231859172792705 1.1962152879794465 0.21271601834590201
v -0.072191745780495281 1.1603361954498823 0.28301741200013358
v -0.085921618702509542 1.1608948798624741 0.29955132519833488
v -0.083299755384858842 1.3447664428617814 0.2412872438622955
v -0.077804222702980042 1.1541332006454468 0.21756933629512787
v -0.08113990468358194 1.3560766155983581 0.23788274164229772
v -0.093390800058841705 1.4197925329208374 0.24209786951541901
v -0.08958439656691479 1.3943757304585449 0.25808507848217765
v -0.091131329536437988 1.4098743200302124 0.28164888918399811
v -0.087399324505981285 1.3914044271488075 0.27442251717441946
v -0.097610431753730104 1.427088359480434 0.25734375698120987
v -0.091500585648111879 1.3797433320799353 0.21836569533085931
v -0.083878662049536187 1.3974175521444057 0.30158929794803263
v -0.083495959639549255 1.4136261940002441 0.2934127151966095
v -0.076008433603991316 1.3896517983760679 0.36727086118041502
v -0.07381050948623151 1.4403348483396217 0.40795633409602838
v -0.1040227934718132 1.4161666631698608 0.29676219820976257
v -0.097607129740432647 1.4446026189890073 0.29511262220284906
v -0.10992176957944585 1.4634703516733236 0.28381068166841911
v -0.079096347093582153 1.4975144863128662 0.32895100116729736
v -0.0932167413115427 1.4653325103818529 0.35909109564645186
v -0.077867351472377777 1.4904118776321411 0.38259711861610413
v -0.071051962673664093 1.5162303447723389 0.31875652074813843
v -0.085325991476963042 1.528041589432066 0.32171692959304565
v -0.072610832750797272 1.5415580272674561 0.36962553858757019
v -0.068674204778141776 1.5701006740214174 0.39399807971515466
v -0.077411647917592669 1.5772280485690167 0.33311077853265852
v -0.091968826949596405 1.5401971340179443 0.31480127573013306
v -0.082322157382395664 1.5678309966812198 0.29568131437565148
v -0.10150295548026639 1.4987708707598184 0.2328343215175967
v -0.094087643311186631 1.4801160769104682 0.29158919667966732
v -0.098540019355086231 1.4988136761597106 0.25507198913324858
v -0.10567993487140538 1.4437206963560485 0.26139809093344868
v -0.09317011758685112 1.5232391357421875 0.29405610263347626
v -0.10176562134747275 1.5315933713564731 0.26290412351092768
v -0.094696484506130219 1.51096510887146 0.27299167215824127
v -0.087570346891880035 1.4971657991409302 0.30128200352191925
v -0.095986142754554749 1.5415418744087219 0.25958219170570374
v -0.098870375714662465 1.5829108355099457 0.23712373242489673
v -0.088916746640574931 1.5528609425017879 0.25402677380518035
v -0.096596865312458702 1.4541004475243791 0.22118387176732182
v -0.096783011512928951 1.557932665236279 0.23341603473347214
v -0.10338778793811798 1.4863648414611816 0.24094146490097046
v -0.10473264753818512 1.5297296047210693 0.24139566719532013
v -0.10681754350662231 1.4509228467941284 0.19845536351203918
v -0.10070212432056821 1.4748640551065919 0.17782119520993395
v -0.10135965165382298 1.4913322637273454 0.20366413811587511
v -0.091720260679721832 1.5178458094596863 0.17782830446958542
v -0.0957824763645935 1.5213124195607859 0.14386217952056091
v -0.083979661257552948 1.5512242901650763 0.21207847979719563
v -0.089408362042202844 1.4957838256878897 0.15929380984494698
v -0.097044572234153748 1.4679417610168457 0.16423945128917694
v -0.097158852620248842 1.4465837272399193 0.15466068479829961
v -0.091342693046866874 1.4009751306576357 0.16848776795928486
v -0.086586610589321059 1.3890646062016618 0.19351297330794021
v -0.083652746969492167 1.3559355872086234 0.2031327071159654
v -0.071174256503582001 1.3633238673210144 0.14116194844245911
v -0.08764691220205835 1.41247487928328 0.18791824410110011
v -0.10446023362427032 1.0924102292989777 0.18087914303897476
v -0.099091006283798008 1.0136329881123509 0.20172943846057342
v -0.075896513190522721 0.98723436203204207 0.20765752771054122
v -0.086909697864957114 1.0013642109198355 0.19372376555702317
v -0.094037068213841807 1.0350087659316365 0.15351312402083717
v -0.081759120353924325 1.0210243955554796 0.11846928107625374
v -0.087744556367397308 1.123329758644104 0.14307597279548645
v -0.060089291844442012 1.3106402759037026 0.2298169779596278
v -0.073283351957798004 1.1626523733139038 0.19835439324378967
v -0.036621383761757637 1.278612494613423 0.16180834298063848
v -0.074441029936500785 1.1716670990199007 0.16259924047743321
v 0.0019031600095331669 1.2059661149978638 0.12523090839385986
v -0.036361746748546427 1.2077510329413497 0.183583978266428
v -0.023635029792785645 1.2010672092437744 0.17463912069797516
v -0.0052910992243594152 1.2356351114872879 0.19693094005019313
v -0.011672910302877426 1.2585906982421875 0.21045558154582977
v 0.0050472784573215067 1.2523756974616171 0.15160745083043642
v 0.003407718403664431 1.2199463632625909 0.14174826632647466
v 0.0092697076690928526 1.2330365589177701 0.15522766941000335
v -0.0083092365699015021 1.2622173191395829 0.19436790041963223
v -0.051988669177002463 1.3015337525667579 0.16390217505116286
v -0.029539160430431366 1.5618531703948975 0.18110036849975586
v -0.064601050252535958 1.31507848640114 0.18987800393416696
v -0.025256912446202234 1.588844230376423 0.18341866034008172
v -0.041822049226976334 1.6033955603149272 0.1961183036779128
v 0.00017693056654448076 1.6311676727229361 0.18981020928693859
v -0.058057408732790687 1.5595812194232677 0.15938188260976036
v -0.070591200564647835 1.3570935392629739 0.17493597382977327
v -0.069351311181425374 1.3463509432946965 0.13704950528183668
v -0.069142420813580199 1.3386409566337738 0.17816147980306005
v -0.082661018068467651 1.4065340797580708 0.14580235029457425
v -0.078801154884060823 1.5061753338194817 0.13696531620145708
v -0.02155224047601223 1.5715764760971069 0.15159726142883301
v 0.024099589368409779 1.5978901213644165 0.15010640187727614
v 0.03018667921423912 2.04982590675354 0.086561553180217743
v 0.066400833427906036 1.5756847858428955 0.1278260350227356
v -0.057754509234156738 1.3093030798383616 0.15432053617850505
v -0.021393492784211446 1.2770071594159369 0.10980085400762322
v -0.0414463959117162 1.2955076149490075 0.11738526526526774
v 0.048202751048311961 2.0362060418380876 0.099776007397169922
v 0.0507011807911283 2.0463720351829489 0.12498480828646334
v -0.029449620328379483 1.5578720943070368 0.11731188536859635
v -0.069249168038368225 1.5116590261459351 0.085356779396533966
v -0.070112131235168143 1.4551159790023132 0.092444668389200707
v -0.054731514025958425 1.4780855372161861 0.067747580466844676
v -0.053240131586790085 1.5358662605285645 0.089415319263935089
v 0.043599095766359612 2.0467144341525341 0.056180415829136743
v 0.055573234733391576 2.0485858932270942 0.075287078408304509
v 0.011492861564229765 1.2586693904879402 0.10325518906313921
v 0.039594058090772578 1.231948147763442 0.12638435418554217
v 0.024259778733543833 1.190270066528007 0.10412228902408233
v -0.051666538384969721 1.1267379956501213 0.069503529937840799
v -0.054598849266767502 1.1354495882987976 0.09611096978187561
v -0.064922124147415161 1.0090106129646301 0.087574917823076248
v -0.0781993567943573 1.1012587547302246 0.088223986327648163
v -0.02410183673080582 1.2758011679697814 0.14240119712810359
v -0.046085681766271591 1.1700383424758911 0.12307965755462646
v -0.036658627029398476 1.1635665891707636 0.094601014007223497
v -0.0081382300704717636 1.2720620632171631 0.089554086327552795
v -0.01789730042219162 1.2749872207641602 0.10244493186473846
v -0.078548863530158997 1.1159809827804565 0.097601220011711121
v -0.071377468109144609 1.1435607543371078 0.1276136251643854
v -0.065039623009323616 1.1459465017705772 0.11643110848116542
v -0.076951377093791962 1.0676192045211792 0.079542696475982666
v -0.085897102831903993 1.069110908429489 0.092336284571935198
v -0.081609490733613371 1.0863776302206563 0.094329467847336576
v -0.097120151391562562 1.0515663457311017 0.13496726218114397
v -0.088728763227706772 1.1184294262528067 0.11169601011358928
v -0.081910618628402737 1.4124287930829573 0.12653647647664229
v -0.076514704662809505 1.4644121256553635 0.10704974940376062
v -0.070661269128322601 1.4326997995376587 0.10713153332471848
v -0.078056523232571201 1.4858740306147316 0.12102081995667435
v -0.0821420043676752 1.4481205426034387 0.12175388136651515
v -0.068494588136672974 1.4725298881530762 0.09299682080745697
v -0.066473722457885742 1.4664767980575562 0.079350881278514862
v -0.030017999679614757 1.4892887322919817 0.040120683632802481
v -0.039074876216815921 1.4694779857221618 0.051911308166849857
v -0.022559936228053992 1.4881676942867927 0.034324357666396063
v -0.036948616802679857 1.3716456982670047 0.046940530335400216
v -0.037514423185507309 1.4215903589971508 0.039688492525369178
v -0.029911658999309976 1.3301794269692118 0.059341208834505485
v -0.024971170236068187 1.3966098065665333 0.014444150037235001
v -0.047929975492521829 1.4937997646229164 0.073979887419901788
v -0.027055020444095135 1.4670310020446777 0.031888584606349468
v 0.014693710021674633 2.0572144985198975 0.011971339583396912
v 0.016925887256639304 1.5406672116678941 0.030997739926202715
v -0.00675815943608937 1.5506142210390603 0.07462645266390952
v 0.078821688966889111 1.9768243016330833 0.10383264835922948
v 0.058225091880104003 1.5732347400254836 0.085323452065502237
v 0.033817955246915062 2.0490687055486756 0.034540667561557548
v 0.057288513262309805 2.0175379923829126 0.074382759400585294
v 0.066094927489757538 2.0539252758026123 0.011020500212907791
v 0.012567910365760326 1.2899558544158936 0.026215910911560059
v -0.020048820413649082 1.3738251924514771 0.018733369652181864
v -0.012189094227227039 1.3269185671371455 0.020724959695612843
v -0.0010271644298667959 1.5182741531074766 0.02094197458983699
v 0.024591030552983284 2.0353896617889404 0.0064340499229729176
v 0.032050210338663843 1.5159889920316236 -0.013347726929118633
v 0.025866180658340454 1.4305185079574585 -0.039534371346235275
v 0.039923144996361244 1.3564773062225111 -0.022968669495065291
v 0.014684052434892824 1.4173937701612009 -0.018991280060918242
v 0.036130638217396933 1.4188191650546524 -0.062725105347099644
v 0.065586551775216717 1.5446791088116765 0.021492235292013447
v 0.047908321022987366 1.5179247856140137 -0.015827549621462822
v 0.050159337389606228 1.3795672081361863 -0.064196083581954264
v 0.036820617881335359 1.3757683420733771 -0.032793871922654733
v 0.027267640456557274 1.4508613348007202 -0.056395828723907471
v 0.099268822376679611 1.4338842842033108 -0.1115953407677719
v 0.01161503978073597 1.4361217021942139 -0.0312378890812397
v 0.018438177289946279 1.4626710819702724 -0.030470976906263159
v -0.0011765581643753725 1.3857405304738963 -0.0038025055215668746
v 0.0065669901669025421 1.4240566492080688 -0.013990099541842937
v 0.0034252164173740707 1.4387014673748932 -0.0061657877156017626
v 0.0026314133930950287 1.3354340008434553 0.0050067046785380008
v 0.022544329985976219 1.340175986289978 -0.023942999541759491
v -0.015092837668068404 1.1003547293256186 0.0063201763082358885
v 0.0014284678280008472 1.3579678924098619 -0.01662352129127118
v -0.010222827490173744 1.0681687783492932 -0.017826328949035804
v 0.017664955463260412 1.3831096291542053 -0.026905559934675694
v 0.0082186302170157433 1.1135926246643066 -0.021967990323901176
v 0.021243475377559662 1.1346038579940796 -0.01174834999255836
v 0.0054952101199887693 1.0648937821388245 -0.039484495297074318
v 0.073471888899803162 1.2131774425506592 0.074980951845645905
v -0.0045466416043229863 1.3095403636643754 0.026529619207643199
v 0.00025322749074527148 1.0593346731300242 -0.036772256487938172
v -0.023395436424201464 1.0200810952750241 0.00023716384476278469
v -0.037458278238773346 1.0559499263763428 0.01332870963960886
v -0.042101796401572016 0.999154176161546 0.038362765707024925
v -0.04228493943810463 1.0263470411300659 0.014529850333929062
v -0.050548728555440903 1.0282793045043945 0.021623760461807251
v 0.055120563050052071 1.1201092313131524 -0.064877019751635623
v 0.032067619264125824 1.0280474424362183 -0.07290475070476532
v 0.043347470462322235 1.0365877151489258 -0.074858851730823517
v 0.060973319268400272 1.1053614294047243 -0.072209637537316948
v 0.054551462480450591 1.0179215889111026 -0.084217411636486328
v 0.072303959439616775 1.0463189320718498 -0.10441060372858105
v 0.064700242077576797 1.1436523750192082 -0.050917426418711428
v 0.066813357174396515 1.2783659696578979 -0.018229329958558083
v -0.036405010148882866 1.0911936163902283 0.041999150067567825
v 0.0030720773741424409 1.159432905675766 0.02965210554309573
v 0.0039818635031664325 1.2863730227033714 0.042543211441410204
v 0.039512855197804973 1.2830840738077387 0.0032849697139416992
v 0.050142394448583046 1.2689770986150795 0.025105886588872407
v 0.030150472696109726 1.1714410037848595 0.034947032448911099
v 0.065294882839716059 1.2069242318394273 0.072492848768651821
v 0.028499279171228409 1.2608169317245483 0.04195713996887207
v 0.034429367869413224 1.2579337064830873 0.050304796310125979
v 0.059425839510040497 1.2463530286894804 0.044347139859640082
v 0.045675248462318532 1.2309578398507468 0.077378668324387584
v 0.0037702244171221614 1.2844120247855575 0.05772775415196537
v -0.021380187408425001 1.2932472517755444 0.066031787219923352
v -0.026194736187536941 1.1523106817964024 0.067631852780045118
v -0.041819674894213676 1.0620720982551575 0.028178809210658073
v -0.057245761156082153 1.0455455780029297 0.034871749579906464
v -0.025825070217251778 1.1372503042221069 0.055102571845054626
v -0.060778747933192517 1.0440355402157335 0.049095280212889413
v -0.068184223540578986 1.0689620536230593 0.070178923605243568
v -0.069454614774558901 1.079513853408798 0.067210007913829237
v -0.06569279998069763 1.022987540005512 0.067023379855326859
v -0.070599399507045746 1.0282185077667236 0.077628716826438904
v -0.056059687285839384 1.0017564930759979 0.059324161410352017
v -0.050172445204215092 0.94791868105484411 0.089335183367235838
v -0.05943002560915521 0.98954633009239512 0.058056843988901367
v -0.018019650984312248 0.88105284768504288 0.044965736586188083
v 0.0045386999845504761 0.71254074573516846 0.0059497798793017864
v -0.015619072124632984 0.89196507603749842 0.059186866048149496
v 0.011167252142376228 0.86520272872219828 0.04372525482866868
v -0.035102643642566135 0.98267300422877157 0.033257142813845231
v 0.012440095659559698 0.86749705878966099 0.022477332593210719
v 0.069771715127683404 0.76446499789495781 0.042291939112325691
v 0.048517276173518163 0.81441112737533439 0.046031002749848386
v 0.048893649557702354 0.81132693230744934 0.086152390131368217
v 0.040989648550748825 0.85675197839736938 0.01259406004101038
v 0.048405942335208105 0.83490318785951501 0.032037695516710825
v 0.052190090526129627 0.83521327234550335 0.024987927756086516
v 0.067189494579927123 0.79650077158947818 0.0094838375420590159
v 0.039235354401171207 0.89352759718894958 -0.027701470069587231
v 0.018754951095513624 0.89511536411079273 0.0080159859919101007
v 0.026304223639323259 0.89307072291442546 -0.0038155431083355031
v 0.052192250812539642 0.85551494670261141 -0.0081901482831486221
v 0.070918365245966147 0.85361730073758169 -0.029882689516920788
v 0.051198109984397888 0.8869858980178833 -0.045863188803195953
v 0.052691457513454894 0.90095680447673998 -0.053877276566129298
v 0.065477084368467331 0.92670974135398865 -0.084557775408029556
v 0.031563444052522212 0.98365498069807722 -0.071241075498271036
v 0.071662923664434983 1.0115512667768249 -0.1034171612800958
v 0.03087925910949707 0.94694280624389648 -0.041491761803627014
v -0.019353994439189122 0.99634526594907424 -0.0075642730575775771
v 0.0082313268639475669 0.94738629972094279 -0.016023488497836372
v 0.0030661202364149695 0.95245500559032048 -0.011989882727134003
v 0.015135593027541647 0.66179017232334025 -0.063955694877615155
v 0.019378740340471268 0.91292166709899902 -0.010682670399546623
v -0.029225408663699128 0.53690367047107457 -0.05761585499111728
v -0.0036168866066100284 0.65625312736848163 -0.063815851485076708
v -0.042086476014574041 0.58501078091336201 -0.047804589778752571
v -0.029116444056751054 0.56582531947512449 -0.068431585217936297
v -0.030359453494731462 0.52338052048745376 -0.053912298469244099
v -0.026828350499272346 0.51991736888885498 -0.076314859092235565
v 0.0029783600475639105 0.55867815017700195 -0.11519350856542587
v 0.043050800949448728 0.53791113940137025 -0.1533927912531621
v 0.0094182239779988866 0.57437282214815533 -0.12066174987342135
v 0.072641848895257016 0.59720424695296193 -0.15656616262465126
v 0.0064432683463773273 0.61779658726905606 -0.087542895593808803
v 0.025314476827165061 0.6220955290883704 -0.10599008219536359
v 0.03310447248224703 0.63925881521561223 -0.096773185008257157
v -0.050760354846715927 0.57603991031646729 -0.037161065265536308
v -0.021518423442845394 0.64988780544971836 -0.040298291698128888
v -0.040663659572601318 0.53734725713729858 -0.040783621370792389
v -0.0515178704987529 0.54612831794457628 -0.0059624185334096165
v -0.061949132010265119 0.56621519905096318 -0.0083595004470539518
v -0.086904324843250641 0.53638542079897145 0.044736980862301309
v -0.068753794856144301 0.54066581669597846 0.0057320265911818607
v -0.090336725115776062 0.56281325221061707 0.045716570690274239
v -0.079302884638309479 0.62767592072486877 0.030508735217154026
v -0.074562949035069714 0.66504202789318556 0.041422121762973073
v -0.082526631653308868 0.70734184980392456 0.097522087395191193
v -0.080342190835364369 0.57944789178109846 0.022542609888655057
v -0.095624382631655555 0.54728270394908352 0.08702929779292605
v -0.10344116371115533 0.56634680791734726 0.099602419989093416
v -0.083164916563165395 0.52649044892514263 0.080155093467119826
v -0.097253485561667574 0.62675106701719752 0.073051562963514172
v -0.089608113045503576 0.53899728770024613 0.045567755696049622
v -0.10794291556100639 0.6283537875563413 0.14479711211067903
v -0.10708958175260801 0.55662324450588785 0.126181368028631
v -0.1017756313085556 0.53380042314529419 0.14916771650314331
v -0.10795243829488754 0.54185360670089722 0.15972872078418732
v -0.10972147062420845 0.56089445948600769 0.15665149688720703
v -0.11156402014312911 0.53722155179967745 0.13674926603700485
v -0.10792754963040352 0.55290436744689941 0.19204334169626236
v -0.10446415841579437 0.54547077417373657 0.18371069431304932
v -0.10928995193601641 0.55491560411733443 0.17394339277940915
v -0.11998925590383423 0.58735638875532858 0.17903541342724183
v -0.12078839868497436 0.63214471911200065 0.19572235689107378
v -0.11607363382356065 0.6014671157069158 0.2112184764829354
v -0.11707807485258538 0.61353213359600955 0.18844266418355998
v -0.10797952032910042 0.6436599000016292 0.15743600520357609
v -0.11243309080600739 0.59371381998062134 0.16761425137519836
v -0.0089323790922934358 0.77368286600814906 0.16261017164538547
v -0.1124382812739107 0.59332002186920818 0.1276489399105086
v -0.093881614506244659 0.65552318096160889 0.097121801227331161
v -0.10933385789394379 0.64369219541549683 0.20618700981140137
v -0.039849904555377721 0.8958849733624249 0.20671134965139079
v -0.066135981814176306 0.93853420363252538 0.16729027754132572
v -0.073373876512050629 0.7339438796043396 0.17801426351070404
v -0.081509098410606384 0.99572932720184326 0.14684712886810303
v -0.070766328956154881 0.74276292756969842 0.14397123641347107
v -0.081179515108771486 0.68988889620334803 0.093065445513729084
v -0.091738082468509674 0.65366166830062866 0.078354828059673309
v -0.10006894651417421 0.63898777223474457 0.087126088364631885
v -0.095033894832055057 0.67479271986351697 0.12487756358398998
v -0.072666475147621631 0.70796452586455694 0.098981829442391839
v -0.063719151260660148 0.95894364102945817 0.1333801045770649
v -0.080150872468948364 0.70081114768981934 0.10261441767215729
v -0.06676730835236433 0.9893862689246341 0.085606300401875321
v -0.073721131633163128 0.98399332441216614 0.1395576834037299
v -0.04489381961370368 0.94803471329470457 0.079307639147467593
v -0.039169890164478173 0.90161368641105832 0.11923589624073677
v -0.021661985911685704 0.893176546307763 0.1154502240642689
v -0.040088862349981262 0.89884150567027521 0.16798469141668593
v -0.0526917514836861 0.92609834410694458 0.13466847906944635
v -0.050910805144226232 0.9424445804749032 0.14717095659200169
v -0.012564703710582131 0.86919297997195355 0.1501521442831304
v -0.050654169172048569 0.92729771137237549 0.15833616256713867
v -0.049663279205560684 0.9315677285194397 0.14245001971721649
v -0.057024289567333644 0.92991007808812376 0.20484954845397457
v 0.20473828911781311 1.2149981260299683 -0.027370329946279526
v -0.047511204493388873 0.91956576169662951 0.19061780761203839
v -0.02711143422435747 0.87972407916222517 0.17067228783846083
v -0.017374037185455528 0.87170676691159676 0.18567042080712315
v -0.0362272709608078 0.89484596252441406 0.13880559802055359
v -0.0085623865900673422 0.86757533640910045 0.13609864713146796
v 0.0020486179974944217 0.83928617283488549 0.13680365179902584
v 0.020453695207834244 0.83666035532951355 0.16588315367698669
v 0.03080283849195551 0.81914608194121907 0.18156386551432269
v 0.014902099967002869 0.83506780862808228 0.18150204420089722
v 0.025098642391346241 0.82394662218655157 0.1936243457529841
v 0.021083697714221986 0.78532076544037743 0.13621635444070987
v -0.028135414235293865 0.75909882783889771 0.16445829719305038
v -0.014486729441113655 0.74503578969496387 0.13987911850786566
v 0.0025788117529361343 0.76521942387178887 0.14419891170882129
v 0.010557030327618122 0.75075227022171021 0.11113329976797104
v -0.049180375816076941 0.72569315968699522 0.089651644656460222
v 0.04591900122812928 0.79447816239946523 0.11067932634211905
v 0.045599507341033199 0.81243516071058441 0.10526718602583614
v 0.027076590806245804 0.83274549245834351 0.078452281653881073
v 0.0090505406325769155 0.8411828389589987 0.10643026396437502
v -0.01514702478941716 0.73740780645239845 0.072405851600261903
v 0.032584692409490842 0.83534315604662757 0.058576788241675601
v 0.063513532249415541 0.78367139624370774 0.058668118749644421
v 0.069570890310178352 0.70132975432753797 -0.077934615883622244
v 0.094206472851379869 0.69411523056612068 -0.072404153881451647
v 0.06820449598331664 0.9095195200259929 -0.07651121846160433
v 0.090104317527453251 0.91385508469811783 -0.10528233595862155
v 0.094815300286605134 1.0234074184917707 -0.12625570582461268
v 0.055283072237452505 0.67480829926179553 -0.085975123018995694
v 0.10971850121017329 0.83675702213470737 -0.055094940123637116
v 0.16608223880616005 0.81466266881307481 -0.085040121699355195
v 0.10554283870205418 0.81170119398671448 -0.046644428959863864
v 0.077943028854269 0.78394187247641234 0.017950831073513147
v 0.099181365747719671 0.76582820054430389 0.0041543827099929549
v 0.054535228759050369 0.75489991903305054 0.044094478711485863
v 0.12601345175487014 0.75305574673167308 -0.016529551174367697
v 0.063696767779812508 0.80014873963157351 0.025081064566939367
v 0.092541021288322103 0.81134176075302411 -0.015245843264701676
v 0.084786100502138889 0.79888788666835209 -0.010589435188917713
v 0.0702583426424149 0.84572155049038289 -0.015140133194768911
v 0.057859863983053865 1.1593809835441955 -0.010867775927383231
v 0.051816679537296295 1.1887413263320923 0.054766718298196793
v 0.077184438705444336 1.1578971147537231 -0.016842499375343323
v 0.11263737290842214 1.2493833400048449 -0.010616301372877893
v 0.091059833666347567 1.2239993723550382 0.050030081634487189
v 0.086719429996251957 1.2427912387963724 0.030969892356277642
v 0.11278717326305761 1.2130095445766229 0.032014216143289961
v 0.078514706925934694 1.2369060958729536 0.084548707885879398
v 0.10073951631784439 1.2507078647613525 -0.0039371298626065254
v 0.094885042606330128 1.2637709562133286 -0.010981544379144507
v 0.094778372095213517 1.2930239932075136 -0.033667710505579033
v 0.057826534780260244 1.3354131142597245 -0.045065021306519105
v 0.083170550519885353 1.307366084382078 -0.04815717830904806
v 0.089158367344471315 1.3271037080088299 -0.065901199642667288
v 0.053388354500500543 1.0433042197957743 -0.087419962262279938
v 0.070730148986498723 0.95066194874822818 -0.087909046105602129
v 0.066277571022510529 0.99286180734634399 -0.088654570281505585
v 0.090677477419376373 1.1700719594955444 -0.013201519846916199
v 0.14383945247775515 1.1355074137144454 -0.10391788012148312
v 0.099054668872010185 1.0781225615627854 -0.12736728564923938
v 0.085368089377880096 1.0103979110717773 -0.10931383073329926
v 0.097022811759493455 1.3058848483134968 -0.05552358450409374
v 0.12314212322235107 1.2974478006362915 -0.074927449226379395
v 0.14211943638048646 1.2878385001381247 -0.080622006948609673
v 0.13062937223631527 1.2672079931708815 -0.032160658220434395
v 0.11745348093176566 1.3433480774085247 -0.076488122026608499
v 0.16743013262748718 1.2476917505264282 -0.054284140467643738
v 0.10002371668815613 1.2788689136505127 -0.028509989380836487
v 0.11628154304460117 1.283086111241079 -0.063225714983187353
v 0.17468626036031976 1.2703190479956212 -0.062787388587258505
v 0.21504283496561755 1.236520698104995 -0.068362905594209114
v 0.18471197881145762 1.152795303691744 -0.10665907232976059
v 0.237717238462894 1.2575174940289 -0.087476644864686842
v 0.20693930726376669 1.2643233297365137 -0.070518379845083703
v 0.18499283393261201 1.3040930456663637 -0.089566792227303155
v 0.18939159525209356 1.2833524189640571 -0.064902978711419937
v 0.15162494387988878 1.2619828383510054 -0.037431557900286253
v 0.20854258618628915 1.2417775827058819 -0.011892480215451282
v 0.20220776631853782 1.1773794367774515 -0.059607381898723139
v 0.22896371332619878 1.2415533551377851 -0.035234381387062717
v 0.11992669751765513 1.2415523243861473 0.0042278515835669963
v 0.16693398125725084 1.2339072108641149 -0.0205223082430986
v 0.18745770689221078 1.2298340110589432 -0.02243859477648983
v 0.18598707544246285 1.2340831402227908 -0.0055889855859106276
v 0.12028742798153864 1.196184021258182 -0.0039663471686945022
v 0.11695212830214605 1.2062098493545201 0.022164404295198871
v 0.12803696775226708 1.2011831264759993 -0.0044613743127217579
v 0.13930869576664853 1.1827129793793538 -0.018868526787427939
v 0.15988530218601227 0.84161734580993652 -0.1069294810295105
v 0.12867962454736862 0.7746945467638614 -0.039539742734906125
v 0.16406055146185722 0.7774565656807193 -0.083586723910368463
v 0.13609821385994234 0.8232509810855092 -0.074539733901763633
v 0.12349326901482195 0.80354809302306351 -0.050491598265016549
v 0.12555514843428395 0.76914868182395446 -0.027920247327228871
v 0.11507279442287353 0.80238033074773951 -0.026167673058246577
v 0.18530320153174853 0.72044351995207956 -0.065900037647931814
v 0.23029522097202712 0.6787956426621542 -0.10747362444509924
v 0.18302500667584565 0.75103871496095298 -0.070270672216042676
v 0.19761811570362989 0.73518927237085485 -0.076440138572500871
v 0.135180173832011 0.80030403398563543 -0.074356300021267571
v 0.18899420165372405 0.79963716980529598 -0.088024641540826551
v 0.10540144595274147 1.1146190789165846 -0.093529649850555299
v 0.14589868485927582 0.84267789125442505 -0.090873219072818756
v 0.19354242086410522 0.77666431665420532 -0.086266938596963882
v 0.20092709362506866 0.68836015462875366 -0.1036752313375473
v 0.20840128488695228 0.71392561194099036 -0.076900960884461897
v 0.17129704245614941 0.83327239639006134 -0.10614564865843576
v 0.17354443091396737 0.83777895729915153 -0.11459493742230913
v 0.20215425979960841 0.80750597585882267 -0.10830767594260098
v 0.16398842195761015 0.90150298521630678 -0.13307288067791292
v 0.16558513527222779 0.85981979183559476 -0.14193001614190148
v 0.13115472281122045 0.63618442756419713 -0.16957690573885073
v 0.14751922339200974 0.66813233494758606 -0.13800141215324402
v 0.14799265563488007 0.85868459939956665 -0.1063816025853157
v 0.13475987315177917 0.86199408769607544 -0.12059430778026581
v 0.13054327666759491 0.84451073408126831 -0.10758496820926666
v 0.066641837358474731 0.60240662097930908 -0.15445734560489655
v 0.092650704342773726 0.65941714314410593 -0.11680139846689755
v 0.10764340142916135 0.64543123438962224 -0.12946783881441892
v 0.13808812602965823 0.62611668167859102 -0.17448768059234304
v 0.148480511746858 0.88788184520075475 -0.14089989121230589
v 0.098006390035152435 0.62933695316314697 -0.15291823446750641
v 0.11867961992022465 0.62350872033866389 -0.17382416887091975
v 0.087152841430700262 0.57670173616832099 -0.18395547009532054
v 0.10030476231955977 0.57762348958820653 -0.19102604761458922
v 0.11479845643043518 0.55537313222885132 -0.19666829705238342
v 0.10643309354782104 0.54743808507919312 -0.20153823494911194
v 0.14818806946277618 0.52984970808029175 -0.22858893871307373
v 0.14439080563258108 0.51270599091843805 -0.2218923391262918
v 0.13003214939595079 0.52728680605031597 -0.21338088718871834
v 0.21180188953138374 0.52482851252447749 -0.27051058262661304
v 0.17199910432100296 0.55974972248077393 -0.22834305465221405
v 0.32164984941482544 0.42269736528396606 -0.26723968982696533
v 0.19680114143016714 0.53849441165128165 -0.24798704991790396
v 0.210350545493901 0.56388555140559693 -0.23993638195896017
v 0.24568297752655038 0.53071121146185496 -0.27181228956446535
v 0.21280171915530041 0.59519396408663539 -0.22662339625450675
v 0.17751836586127837 0.65430364081373238 -0.17398039919546662
v 0.20297257808969538 0.88416091259661822 -0.16950453755411216
v 0.26031305786358638 0.89047211457544628 -0.19063958744203616
v 0.21705782434108151 0.8397930452766732 -0.16721521193250463
v 0.22772250047370651 0.63431937233926861 -0.19634591565111484
v 0.2048166201597956 0.62163227649418185 -0.19274255153252468
v 0.18650549650192261 0.59966713190078735 -0.21845918893814087
v 0.15526323674276787 0.59813011112999404 -0.211851400658599
v 0.20903225134902034 1.0251548569993114 -0.18660727197994778
v 0.21000593418295949 0.9896613058947783 -0.17626083786025645
v 0.22819450823206258 0.92238622863355491 -0.18484300913487534
v 0.21268771588802338 0.96062636375427246 -0.18069173395633698
v 0.24822338477620989 0.92315629022252754 -0.19661197577394629
v 0.20650702714920044 1.0016685724258423 -0.18171310424804688
v 0.23779338598251343 0.954670250415802 -0.18026517331600189
v 0.2387553786521103 0.97466183874008638 -0.17649021338207402
v 0.1818025875724717 0.93791402760803022 -0.16172393023797232
v 0.1911650597827308 1.0218911746820101 -0.16917980313851613
v 0.18030239641666412 0.98544579744338989 -0.15729439258575439
v 0.16966572273293473 0.97553780223824471 -0.15999343756147549
v 0.16818006789335685 0.94907536044288954 -0.15265476888973906
v 0.16604050246074506 1.006300526704109 -0.16588056038350799
v 0.18068517744541168 1.0337424278259277 -0.16380725800991058
v 0.169734343749635 1.0320826464765114 -0.18080884353609342
v 0.25500161810607808 1.2704449090339043 -0.10668414331364823
v 0.22566988319158554 1.3442577123641968 -0.15015640109777451
v 0.24370704606739829 1.33431909860575 -0.13732101379140069
v 0.20716617216971556 1.0854111624779026 -0.15683746790009986
v 0.19158302586201748 1.075947319651277 -0.15643737282513115
v 0.19827795028686523 1.0308313965797424 -0.18155191838741302
v 0.20056052505970001 1.0167418718338013 -0.18956662714481354
v 0.17421254756581478 1.0726678111279699 -0.16180265982834449
v 0.14569630705250816 0.91707200565641567 -0.13954136202080061
v 0.14795493334531784 0.97289589047431946 -0.14981146901845932
v 0.12964256638349489 1.006024583595194 -0.15821360346772362
v 0.13553604483604431 1.0242441892623901 -0.15575666725635529
v 0.18632531529082555 1.1273259390116512 -0.14339943870675428
v 0.12124385721403889 1.0759152582651268 -0.13700866781035184
v 0.13666677415689393 1.0794557873755235 -0.13574928956523019
v 0.15005506552934919 1.0874063758057939 -0.14319198674308883
v 0.11063140630722046 1.0086303949356079 -0.13338342308998108
v 0.12656641809022603 0.94908288004001196 -0.13750957621607371
v 0.17423795163631439 1.0923330783843994 -0.14886674284934998
v 0.098641742386488415 0.98220308729114891 -0.11179437257812118
v 0.10192815214395523 0.9861113429069519 -0.11919195950031281
v 0.10847567021846771 1.0774329900741577 -0.12897631525993347
v 0.070903148114185688 1.080503631850859 -0.10630489730590566
v 0.083245245960283654 1.0558642600894022 -0.11798288969505397
v 0.095190922728500091 0.92885230639981076 -0.10083439677158466
v 0.10804401606960667 0.92361439527261324 -0.11798622927394098
v 0.17749880703417609 1.1367125818598645 -0.11248051595477825
v 0.1365848183631897 1.1169674396514893 -0.11023952811956406
v 0.16885954934493957 1.3122978749253102 -0.11787921478834397
v 0.18704948721289558 1.3474144658928981 -0.13736155609543441
v 0.15091622330141177 1.3501729364019259 -0.13478463216806769
v 0.15484352735355983 1.116193548351204 -0.12770705633193552
v 0.133106529712677 1.0886938571929932 -0.14044857025146484
v 0.21510974505328267 1.2867838624722954 -0.094194287589009301
v 0.20745402574539185 1.1267174482345581 -0.12707683444023132
v 0.20951838439813059 1.1470400227537045 -0.12926940279381008
v 0.19145596027374268 1.3291500806808472 -0.13209043443202972
v 0.2149985397069864 1.3019685134453103 -0.098332560400367156
v 0.14970070123672485 1.3179498910903931 -0.098877876996994019
v 0.20524263722579134 1.3086718843852541 -0.11557224017010251
v 0.18726609647274017 1.3092283010482788 -0.098566547036170959
v 0.21075749397277832 1.8762550354003906 -0.039404578506946564
v 0.18787092636822339 1.7120605377070013 -0.0021837471536854287
v 0.23328596353530884 1.6838903427124023 -0.031492769718170166
v 0.24114498608750978 1.6859825737533178 -0.01066174009818874
v 0.22454529983817512 1.7740902397311837 -0.079911814317874391
v 0.20286670613981148 1.7127352958185249 -0.073678301889571307
v 0.21098870409323053 1.7428527000369456 -0.099536333675110014
v 0.2312089147677906 1.7438114023667057 -0.095997205106508873
v 0.21161490588466655 1.7097986604145035 -0.034827270153340327
v 0.18090777411172368 1.7391829193864223 0.035407142565982916
v 0.1764176068001771 1.7328599566915273 -0.0022243845221867936
v 0.17524117701691377 1.7568211664851532 -0.067667386437572599
v 0.17734521627426147 1.5239789485931396 -0.049717161804437637
v 0.18389644330162239 1.7435593955055115 -0.044179233632372583
v 0.18656395873727144 1.4832695398062998 -0.11403088936501105
v 0.18849558538659178 1.5275875112371531 -0.044915934924297733
v 0.18308702111244202 1.5506094694137573 -0.0047405799850821495
v 0.21006028354167938 1.707767128944397 0.026791049167513847
v 0.18218435493835405 1.7300364862782016 0.014942786059306642
v 0.13910794258117676 1.4991894960403442 -0.073536500334739685
v 0.14399989076818223 1.5264802228477701 -0.035074828971455647
v 0.15506622149156121 1.752646676722913 -0.039001588087884224
v 0.13827279951383389 1.5484988420727743 0.006472152907119685
v 0.096423761614729694 1.5257977863224095 -0.03056821984844724
v 0.082084039011328547 1.5002968094497997 -0.05590764648197305
v 0.088040440169481191 1.4706058687367656 -0.08319425347267663
v 0.11827916416362615 1.5037074227580458 -0.06651368490698073
v 0.16467538806925949 1.5066667678185317 -0.091296181788840372
v 0.11121308280616721 1.4464613530678769 -0.10840907621976931
v 0.077433459977467992 1.4225672861662166 -0.098875183984691167
v 0.11285466326381791 1.3724871815861894 -0.10618207280838969
v 0.14851627327553635 1.4561146319576086 -0.11966119346772461
v 0.081128701567649841 1.4502910375595093 -0.0981794074177742
v 0.10280439535072783 1.3664968073319934 -0.10214507162689269
v 0.085094753527754752 1.3799534103680529 -0.096241504904115802
v 0.12759527564048767 1.3813579082489014 -0.12279841303825378
v 0.12716962458368236 1.4141706757063959 -0.13180489995853908
v 0.19819441437721252 1.4222815036773682 -0.15959148108959198
v 0.29053143304442669 1.3771403190290459 -0.18510039623418459
v 0.21843093295016469 1.3656354987152921 -0.15910012580251115
v 0.19293442368507385 1.4405859708786011 -0.14903457462787628
v 0.31767576212800053 1.5401719660445474 -0.038873149239463181
v 0.1989768723346757 1.4588193147257098 -0.13191739676276132
v 0.21683702725322179 1.4260233117387675 -0.14222428673406176
v 0.2203870782507881 1.4803508437391808 -0.12740910183387819
v 0.18571702831161632 1.4641563558554223 -0.13091387286721026
v 0.15668543734317314 1.4695661643419751 -0.11584553082156596
v 0.16839326868184981 1.7889124967124175 -0.084139477291924669
v 0.20715109140474666 1.807725199464 -0.07205002122968121
v 0.18141515060583321 1.8062226951775793 -0.096329144605311348
v 0.16339501892567568 1.7680488926086531 0.018444284626777319
v 0.16750850022180791 1.9014352082293471 -0.036955194406733706
v 0.17126013352738859 1.9797990202426636 -0.0034727869266517699
v 0.22245402634143829 1.8289557695388794 -0.0657387375831604
v 0.20608319448206983 1.9002444979166673 -0.044580131306212037
v 0.1873970627784729 1.9100625514984131 -0.044136021286249161
v 0.1798922366655043 1.9462606270895995 -0.032208352886932912
v 0.1956927627325058 1.837515115737915 -0.05968204140663147
v 0.18656091366897923 1.8866968802420454 -0.054151036855671415
v 0.30772830303171622 1.8477732649089602 -0.052355926877289204
v 0.2162194265436837 1.8832217617972011 -0.065256538267559311
v 0.18283561617136002 1.8703379034996033 -0.056970329955220222
v 0.18244583904743195 1.8426223993301392 -0.066897980868816376
v 0.14815768493471709 1.8226667898511328 -0.054499908175855573
v 0.16465666685482347 1.8519319688863571 -0.063283807875735815
v 0.10930894852150426 1.9632977701952445 -0.045970790833262748
v 0.13448394847943659 1.8439669027997956 -0.044985136310988501
v 0.15292845577517605 1.7846345912007384 -0.058347617426152888
v 0.15553911125814823 1.7989554148877269 -0.063640335585590763
v 0.12936394548050303 1.791474415515697 -0.038845814634063267
v 0.16054661831059577 1.9295094295940609 -0.038003104364975629
v 0.086572178714479087 1.9891410726439471 -0.018198718192790019
v 0.11927962813727742 1.9188967312792371 -0.032321729569118676
v 0.11410538676179006 1.9503184308555166 -0.032213596589821522
v 0.099584868104733687 1.9459078414321038 -0.020739480201463455
v 0.05675572365863453 2.0482020982019069 -0.011670827262258373
v 0.076855547726154327 2.0132944583892822 -0.030437929555773735
v 0.11271486544816003 1.8613320194546079 -0.030789069654625058
v 0.10848145123860954 1.8545870978849761 0.00041331138093526096
v 0.1387685239315033 1.9300822019577026 -0.031189849600195885
v 0.068375874379002458 2.0187948819153099 0.011260903329136894
v 0.12923371273725465 1.8930689200090445 -0.033203845927812288
v 0.078334450721740723 1.9162125587463379 -0.0019957099575549364
v 0.071895974607843485 1.9377879180836448 0.0074931979040129999
v 0.080517873167991638 1.9501075744628906 -0.0061314399354159832
v 0.074546873569488525 2.0553348064422607 -0.01594935916364193
v 0.071222152083723456 2.0395199398228239 0.016494402462954038
v 0.075622042230805306 1.9836012318330956 0.058581128077950843
v 0.068251357647013386 1.983003565601285 0.0086232538846521632
v 0.49653953313827515 -0.70257419347763062 -0.33442804217338562
v 0.071888819263250969 1.9183273238124066 0.0041177135771219139
v 0.070368081277751335 1.9720804841092292 0.0076924628268650354
v 0.13183149695396423 1.815735936164856 0.037149950861930847
v 0.14301106333732605 1.9883943796157837 -0.034885969012975693
v 0.11217791880749231 1.8354292713373073 -0.0077825767613450723
v 0.12510912348465589 1.8069329962324785 0.01809771258237276
v 0.15780270963284526 1.7872557393353219 0.027973543474698895
v 0.15261338730310003 1.7751909643482713 -0.00035280202644905691
v 0.22051775571804288 1.9624605741437555 0.019490938472597037
v 0.18026544153690338 2.0444860458374023 -0.018305720761418343
v 0.15148612817723917 2.0308040106324268 0.059551549474312369
v 0.15190510451793671 2.032625675201416 0.020304059609770775
v 0.10686530844833123 1.8815179345420137 0.060774755685096681
v 0.20301422876872607 2.032144852364298 0.08524079032521642
v 0.18458962440490723 2.0334599018096924 0.075741082429885864
v 0.1406257807703081 2.0264302208163709 0.052336515994744003
v 0.11351285147884428 1.8356785934233297 0.01586895431047651
v 0.12312355265021324 1.85599085688591 0.059566142037510872
v 0.11390179581103678 1.8624808985376771 0.10803016719321751
v 0.11832887101834534 1.8278592832801723 0.13776196194531715
v 0.12736878544092178 1.8331860899925232 0.081314783543348312
v 0.13325261381714934 1.7980118131140788 0.094518840853449707
v 0.13276482620490176 1.8005259719118956 0.12467394916370739
v 0.12213088263694716 1.8146058106200578 0.10045184628508007
v 0.11448001579038028 1.8435225082646727 0.044755332700958231
v 0.1462996747594825 1.7865201655624419 0.01750626570645622
v 0.14932737282128636 1.7794861407743208 0.067855885644833344
v 0.16289139389065413 1.7764835107844543 0.04301494903645716
v 0.14689387560112835 1.7897607861566649 0.058569578876784024
v 0.16858169436454773 1.7504199743270874 0.042494330555200577
v 0.18397144973278046 1.7047650814056396 0.053217619657516479
v 0.19094144171929969 1.7191777801095474 0.14965880251864086
v 0.19099259376525879 1.6983505487442017 0.064103178679943085
v 0.19037083348097564 1.6959270400119792 0.09626867090674851
v 0.21235290817342931 1.6719076461443352 0.11379175355004292
v 0.21931249788129603 1.643099670021585 0.11643274583870293
v 0.19880583137273788 1.712979793548584 0.036464039236307144
v 0.1955772191286087 1.6999318599700928 0.034723389893770218
v 0.20924443923919869 1.6041228272354133 0.079921324352949616
v 0.20482112467288971 1.6716699600219727 0.063408076763153076
v 0.11798852682113647 1.5759092569351196 0.080475300550460815
v 0.18743951362666444 1.6801447226601403 0.042498637090652179
v 0.1605199823742596 1.7369564302703666 0.071358202609512075
v 0.1652824951676877 1.6042968499797443 0.11737051043218186
v 0.1569801171358042 1.7869236707000808 0.090221655371229365
v 0.15066523849964142 1.7733986377716064 0.12844538688659668
v 0.14814600348472595 1.7742687463760376 0.042079530656337738
v 0.093659358228493805 1.9039827097569255 0.093714656809662886
v 0.094383671879768372 1.9090350866317749 0.072268970310688019
v 0.081066809594631195 1.9357424974441528 0.11293943226337433
v 0.090247668325901031 1.9449681043624878 0.090585611760616302
v 0.092392851126916947 1.9361267840356102 0.078379273289629195
v 0.0941557230171335 1.9120966100659458 0.12585465935958912
v 0.077735620523946211 1.9634351071931984 0.059572832578280548
v 0.10357939541578277 1.899491558589107 0.1072900149584588
v 0.1012665723918162 1.8959245716081841 0.067413995220600362
v 0.099352121353149414 1.867876410484314 0.039794228971004486
v 0.089472830993093305 1.8838555895247471 -0.0082180816152428778
v 0.077214635580352797 1.8966066613764783 0.052820254635570246
v 0.076626928822233542 1.9222320747680492 0.057039996548102677
v 0.084584903597854963 1.9421369911836104 0.070972619572582551
v 0.05596553161740303 2.0286550521850586 0.07741151750087738
v 0.064270757138729095 2.045290470123291 0.029429659247398376
v 0.062693990767002106 2.042008638381958 0.12515696883201599
v 0.081085758865046556 1.9582957957507952 0.096607074529574677
v 0.064870305089796257 2.0051390486335321 0.12308154475208156
v 0.072415992547566505 1.96707165932321 0.079541093405992885
v 0.059247100725769997 2.0005463361740112 0.070088550448417664
v 0.068120721236584747 2.0048221652459155 0.10050609869380007
v 0.077538512647151947 1.9606564044952393 0.1277964860200882
v 0.06759521995366867 2.0366320613793838 0.1675285133638128
v 0.066117675517498309 2.0184867303351903 0.12624248445083092
v 0.064812088656554384 2.0232042973807136 0.1429232532714603
v 0.24146277457475662 2.0277993679046631 0.11454426497220993
v 0.074245664973684247 2.0202804930908846 0.15898321425283651
v 0.075293811406902791 1.9553372287286221 0.12068808533662768
v 0.087837390601634979 1.9260462522506714 0.12947595119476318
v 0.0980091392993927 1.9722511768341064 0.16438423097133636
v 0.099699731560820737 1.9527192982935269 0.14645815773388401
v 0.078386321663856506 1.9552215337753296 0.17611877620220184
v 0.080005541443824768 1.9918309450149536 0.19303065538406372
v 0.072455648253108892 2.0344510390940491 0.20335365979072786
v 0.10150005735475924 1.9366774636193365 0.16273632044192882
v 0.080793361588712309 1.9312236044491742 0.17111214823612858
v 0.10654675215482712 1.9223777055740356 0.14638273417949677
v 0.084978611484165439 1.9227238781047624 0.11579323067708318
v 0.099646321991632536 1.8769163202325092 0.17337567880690344
v 0.11980096607009576 1.8784616432666723 0.14141369507659624
v 0.10455357867776886 1.8837073789074372 0.14223366577378779
v 0.095754571259021759 1.578203558921814 0.15892091393470764
v 0.1160064771637954 1.8144129200741463 0.19242360671791842
v 0.1100133378794389 1.8420549380437043 0.17597878803931466
v 0.12490724075038184 1.8570205244482449 0.15957786861402512
v 0.13149487333677615 1.6086326464893759 0.13304188145174112
v 0.12146171685034583 1.8440625109845858 0.11412828982221687
v 0.10906162441668628 1.880171435476689 0.11462782463843063
v 0.10439102351665497 1.8977553248405457 0.12978476285934448
v 0.11740100902513727 1.8725858401839022 0.12787453625441883
v 0.10443394631147385 1.9062117338180542 0.11787178367376328
v 0.12875947207217156 1.7489957949008066 0.19194265521803539
v 0.1773446798324585 1.7348474264144897 0.18136589229106903
v 0.14863107679425294 1.7672895495303726 0.17564015029752986
v 0.15717239752393344 1.7643557870958317 0.13939083094397345
v 0.17248451628159503 1.7579178155101396 0.14683055770967215
v 0.14264659769006022 1.6774344774360421 0.23230884972728572
v 0.16077512502670288 1.6642040014266968 0.16668978333473206
v 0.12452180683612823 1.6075831651687622 0.1560918390750885
v 0.12652499555453556 1.6284599278783471 0.16196036577346606
v 0.14766706722195228 1.716403973939876 0.19227300635003988
v 0.18590860424750752 1.6655672184088166 0.15951259902963472
v 0.17595805365509318 1.7183711310491447 0.1223020570248874
v 0.19706882170450246 1.6607956989504822 0.13732244748128708
v 0.21860909461975098 1.6661040782928467 0.11658260226249695
v 0.17444729098963915 1.6873347886006032 0.15047975659562193
v 0.16516096353734919 1.7571796243281279 0.10057590613907438
v 0.18415861945697568 1.7336133687293067 0.17393538284116067
v 0.17126865684986115 1.748039722442627 0.15629211068153381
v 0.16527695894371208 1.70706869792953 0.17179023934196858
v 0.14534330275118326 1.7796594141181223 0.15295057750216029
v 0.12932524411778484 1.7892620628144227 0.20545189864018873
v 0.11615860327682272 1.7920466616811981 0.16910113903086813
v 0.13343294089739977 1.7967428162589498 0.14992655303286545
v 0.11894790828227997 1.8030791282653809 0.15041427314281464
v 0.14776985347270966 1.7836511135101318 0.15279905498027802
v 0.11796652271075676 1.8211201955982375 0.16892839779621971
v 0.26618883013725281 2.0299434661865234 0.10925362259149551
v 0.37075433549543724 2.0182876631849855 0.12340391240893646
v 0.24825176596641541 1.9082292318344116 -0.013798359781503677
v 0.22752771055632379 1.9145228728308434 -0.019725656039295696
v 0.27454231679439545 1.8944455981254578 -0.014790130313485861
v 0.26894718408584595 1.8694611787796021 -0.049158930778503418
v 0.28272887078566006 1.6485664846311736 -0.038930726795831171
v 0.31707236757940482 1.8995077276784309 0.0031204842841755258
v 0.24776730667160052 1.6877766435138233 0.01968831178200799
v 0.34850827520361743 1.6411355330422943 0.069368618356139847
v 0.23128559251797054 1.6970640363586647 0.029464805494756816
v 0.23456603288650513 1.6377127170562744 0.09584614634513855
v 0.22876676897342105 1.661113384810053 0.061354551025585069
v 0.23461606753006664 1.689243761819778 0.050232131825150572
v 0.24889850679507741 1.6750957052621331 -0.010946151835456096
v 0.25430363416671753 1.6373963356018066 0.032285980880260468
v 0.27465037108869073 1.663744259580574 -0.020833385151192946
v 0.26536667346954346 1.626720666885376 0.058135770261287689
v 0.26083195209503174 1.6066238880157471 0.053654979914426804
v 0.32426798343658447 1.532127857208252 -0.0049889399670064449
v 0.30200293109585297 1.6132026024550619 0.015689061812681235
v 0.28476530313491821 1.5383774042129517 0.0061511299572885036
v 0.25323846116344101 1.543247995902753 -0.055444237657660801
v 0.28868598146128605 1.5814595693143187 0.09348534024809696
v 0.18005636731368088 1.5397616341835956 -0.026335079977553553
v 0.23009165691288844 1.6579502962393693 0.095963386833883793
v 0.30407893657684326 1.6425085067749023 0.11676859855651855
v 0.27558555039322358 1.6168658075570701 0.060171728977850114
v 0.26673215627670288 1.6126279830932617 0.11163821071386337
v 0.31084200414485613 1.602660470171716 0.091632101468230628
v 0.33918365836143494 1.6148396730422974 0.088284038007259369
v 0.32684895396232605 1.5870345830917358 0.079140931367874146
v 0.31065465354823413 1.5921177515043166 0.084180562729004274
v 0.32015956609190255 1.6235018475098286 -0.029880917819689885
v 0.34008524462794298 1.5240706699697462 -0.031744713541380781
v 0.33730015339388125 1.6240642194894375 -0.019135951047606719
v 0.32218829525877096 1.6166827711499314 -0.0043574778859231484
v 0.32313591241836548 1.6462869644165039 -0.060174200683832169
v 0.2832085191735299 1.6417981865193216 0.02245181171005689
v 0.28273891185405559 1.6614553425002647 -0.027556766850610846
v 0.28593995523112875 1.6801741935592951 -0.070538981488747654
v 0.26859131455421448 1.660001277923584 0.012998970225453377
v 0.29852080345153809 1.637526273727417 0.081304900348186493
v 0.28919816017150879 1.6341966390609741 0.10726139694452286
v 0.38083353050018132 1.8738830128493871 0.0076085091257076694
v 0.35148553114896625 1.6010663337277293 0.044714879615334754
v 0.3652193546295166 1.582395076751709 0.056852571666240692
v 0.48224591617269458 1.854111555753398 0.038176199693168496
v 0.35865904347179406 1.5974929735970094 -0.018799369215170399
v 0.49366733431816101 1.8256688117980957 -0.031983520835638046
v 0.39131784439086914 1.8810074329376221 -0.019686620682477951
v 0.42350018994623406 1.832459715231133 -0.078254518887830082
v 0.43101894855499268 1.6007822155952454 -0.07391052320599556
v 0.40724226576697936 1.5653864984252539 -0.041833253694762838
v 0.41480259205506609 1.5812267668540336 0.022088240843051783
v 0.37955135970836801 1.579853025352747 -0.016087878012181145
v 0.41095095872879028 1.5748465061187744 0.059505611658096313
v 0.39911551918350063 1.5613763845823578 0.051299647577899718
v 0.39804330468177795 1.527987003326416 0.008099130354821682
v 0.40003530548483407 1.537437074546367 0.011319364581068943
v 0.4086153705176751 1.5768750439625485 0.031983949128954157
v 0.38422469794750214 1.5755177736282349 0.052042949944734573
v 0.43223294615745544 1.5664680004119873 0.046578660607337952
v 0.50269818305969238 1.5196586847305298 0.068656057119369507
v 0.46030365886062724 1.5367690254810855 0.045324174262963805
v 0.46729719656481306 1.5535225895475122 0.010763219692814147
v 0.50294768810272217 1.5074036121368408 0.017344439402222633
v 0.47635277374085966 1.5557741650878172 -0.027003458326588493
v 0.49996853988777962 1.5581632012153646 -0.015028828677205111
v 0.53713366284372577 1.5515948188328947 -0.02437283058762062
v 0.40860036281218076 1.8442535642337325 -0.020964692198834397
v 0.4364084005355835 1.8127484321594238 -0.079349599778652191
v 0.51560968160629272 1.865594744682312 0.13643543422222137
v 0.38062584425190948 1.9051242773438897 0.082976229631532603
v 0.50771029389499556 1.8876130768941202 0.11714931269569
v 0.48905438865119277 1.8607059683666483 0.082652095938505116
v 0.54452270269393921 1.8413264751434326 0.052186358720064163
v 0.50482652714506793 1.8943084176694971 0.15082202754353519
v 0.54245830582314025 1.9677606069306552 0.12478881042711373
v 0.51088072458561906 1.8948361663140061 0.2259913635369917
v 0.48600864920561254 1.9213546368218075 0.15526726302013524
v 0.47696650286562453 1.9277147864034476 0.17802405401426824
v 0.50088495016098022 1.9845255613327026 0.21822425723075867
v 0.50085301839246232 1.9450686308696479 0.21085947316461581
v 0.52825494068182877 1.9222806235821694 0.23130748941627627
v 0.54625248713620878 1.9494442554225402 0.22240538632966908
v 0.5264628529548645 1.9412368535995483 0.20420868694782257
v 0.50749921368563333 1.9931919498412634 0.18190890396626197
v 0.48284355957566139 1.9990036170515935 0.21693308943488601
v 0.50086283683776855 1.9952806234359741 0.16767023503780365
v 0.48579084873199463 1.9997061491012573 0.18047070503234863
v 0.38721219277118379 2.0051619896232502 0.1758595994854445
v 0.46127599072384945 1.9752480439653657 0.16348607643594817
v 0.41049420833587646 1.9592486619949341 0.18161049485206604
v 0.37161138653755188 1.9469455480575562 0.15591609477996826
v 0.39065472170037685 1.9704377999932621 0.17988949567860268
v 0.47834199666976929 1.9700387716293335 0.19042660295963287
v 0.45279500149246482 1.9589306158886808 0.17115100945438588
v 0.43512848019599915 1.9439541101455688 0.18859705328941345
v 0.47825887799263 1.9858027696609497 0.1470683366060257
v 0.38082203269004822 1.9790842533111572 0.18332503736019135
v 0.36628520488739014 1.9614500999450684 0.1287066638469696
v 0.36731293797492981 1.9543904066085815 0.15872445702552795
v 0.42048264109253519 2.0093430893847333 0.15822706702107747
v 0.34092180752207868 1.8700911074380255 -0.033464030759838115
v 0.34223637652680139 2.0151305864818476 0.1619914861379726
v 0.31676391114125085 2.0186524579189711 0.16485387752953615
v 0.43225839734077454 2.0119185447692871 0.088125400245189667
v 0.35999098901970628 2.0002575350288461 0.15935189914097855
v 0.36337764586849425 2.0145479130787627 0.16393538262054705
v 0.44907820224761963 2.0182914733886719 0.052181191742420197
v 0.47902393341064453 1.8138062953948975 -0.077284477651119232
v 0.43393799662590027 1.979534387588501 0.14122779667377472
v 0.44565233727475401 2.0049004753870951 0.15966297233662943
v 0.41770483482906395 1.9682484903028246 0.15582168786630454
v 0.3228401139074677 1.8564515796504317 -0.052198119937563882
v 0.47310811281204224 1.9652352333068848 0.1271151602268219
v 0.45151284337043762 2.0034165382385254 0.1254945695400238
v 0.44092411917605118 1.9898048261794599 0.15016891160071402
v 0.57961804119749849 1.9853627587552685 0.12222178830124603
v 0.60312920808792114 2.0013480186462402 0.1271759569644928
v 0.48663777112960815 2.0045301914215088 0.10560251027345657
v 0.44409102201461792 1.9575099945068359 0.14846101403236389
v 0.44818028807640076 1.9797959327697754 0.13260835409164429
v 0.55175060033798218 1.9890841245651245 0.16499541699886322
v 0.48639340617216503 1.9803292624270081 0.11325046897272598
v 0.4712192714214325 1.9721161127090454 0.10438042134046555
v 0.60408722626284173 1.8184115699086092 -0.015976479271294718
v 0.54535736484101816 1.7415685325050116 -0.1106394990159634
v 0.38446837663650513 1.7746129035949707 -0.096593968570232391
v 0.42642912268638611 1.7981128692626953 -0.077196858823299408
v 0.42536944150924683 1.7891553640365601 -0.078419402241706848
v 0.40217835203891267 1.7841423817287179 -0.089823140739941909
v 0.37911485567348863 1.8207905047984916 -0.064878711344002166
v 0.35887472331523895 1.8096149563789368 -0.068808365613222122
v 0.35093926487036536 1.6027741741332049 -0.065177818854372432
v 0.36451983451843262 1.6227741241455078 -0.11638682335615158
v 0.39316295135667784 1.6058861974011884 -0.076169956196740482
v 0.37940287333197908 1.6230182043530739 -0.080237761382580458
v 0.33426153659820557 1.6267324686050415 -0.055959541350603104
v 0.34772032499313354 1.61253821849823 -0.08181484043598175
v 0.30899577295056618 1.8371874861593114 -0.067978540019449182
v 0.3597447792303774 1.7611707583579861 -0.093388892609583954
v 0.36223056132978537 1.7837409372298236 -0.082705865104052048
v 0.3695246996264589 1.7643576474597191 -0.098463517495996938
v 0.45193909605827104 1.7897191615998613 -0.089696867108615325
v 0.45328891277313232 1.6284021139144897 -0.10507508367300034
v 0.4380546510219574 1.6186097860336304 -0.091705739498138428
v 0.43544536271385603 1.6389269546094325 -0.1061307520452779
v 0.52203338546935285 1.5945382600128635 -0.096073182919928335
v 0.48595040774560855 1.6023153203639464 -0.073379975857477062
v 0.52801644802093506 1.5814073085784912 -0.071975752711296082
v 0.50081257701022153 1.6145244410486776 -0.086378219587622457
v 0.47227714999356302 1.6059248037207066 -0.080544128066023152
v 0.41578020010311012 1.6027398440288536 -0.056496884507553566
v 0.56173811287388542 1.572306722010433 -0.059326806121941397
v 0.4974492755064332 1.58049056575075 -0.05880491431230473
v 0.40088829398155212 1.4978979825973511 -0.072171181440353394
v 0.47024047648104633 1.6192263268166254 -0.11910463917744311
v 0.3924817861257931 1.6099639986087009 -0.090863701373551709
v 0.35165475932514773 1.5169925898241201 -0.10980862560636585
v 0.38374875131588154 1.5040541836146066 -0.093543462772659097
v 0.51960942149162292 1.3594692945480347 -0.13976317644119263
v 0.4322509765625 1.5855566263198853 -0.045315990224480629
v 0.45725860960922621 1.5881536577073794 -0.065347877310548669
v 0.39223245384356314 1.6012389350580019 -0.03518694855874635
v 0.35320217190108627 1.6054064678639381 -0.04574163755027711
v 0.45117028477783022 1.6007790266289035 -0.079141134076943398
v 0.41312146186828613 1.6063170433044434 -0.073906637728214264
v 0.45494486260430644 1.6175737251354996 -0.099441753691147064
v 0.44071059058044521 1.6137510184344621 -0.089165420694803571
v 0.40881690382957458 1.6396274566650391 -0.10834170877933502
v 0.42674556308168093 1.6190284383444593 -0.087915690300151034
v 0.28792744809609633 1.684645146949495 -0.081888186641869004
v 0.25721140883705168 1.6784362328449411 -0.070640657479786553
v 0.29720624165400122 1.6493037573541995 -0.07744446478252677
v 0.32475966215133667 1.6499315500259399 -0.084160961210727692
v 0.30589619435903942 1.5165632060226959 -0.073185264529920829
v 0.33406675410352088 1.5020353348204438 -0.10227947532664104
v 0.27432960271835327 1.3035612106323242 -0.12030360847711563
v 0.2424740344285965 1.5216782093048096 -0.076465122401714325
v 0.2919614315032959 1.6624104976654053 -0.062451869249343872
v 0.23613656539613428 1.6865015772878018 -0.095046338157937255
v 0.22405407307542036 1.7262049785146405 -0.10883283696988412
v 0.2872137725353241 1.7037503719329834 -0.095853276550769806
v 0.2875418230726674 1.6948973180521782 -0.11779026926306906
v 0.26225972175598145 1.6955330371856689 -0.096428096294403076
v 0.22673594333479152 1.7415007437283652 -0.096735301594664758
v 0.24765786528587341 1.7900717258453369 -0.083792619407176971
v 0.34078957088223916 1.769365962212718 -0.090822610440136245
v 0.32564950616831229 1.7229193266118006 -0.093037894629321743
v 0.30304734408855438 1.8197022676467896 -0.076837237924337387
v 0.29158987767932903 1.8143332203089795 -0.080073104324974817
v 0.25200676555678869 1.7743011301690987 -0.076608356441632108
v 0.27123075723648071 1.7914409637451172 -0.091900140047073364
v 0.22957466542720795 1.8116271495819092 -0.074010498821735382
v 0.22838941600005991 1.8520363735679457 -0.070239078554330175
v 0.30279688706725605 1.8469988828269313 -0.084412810175895012
v 0.32627490162849426 1.8568167686462402 -0.088659681379795074
v 0.31233775615692139 1.8272652626037598 -0.09310247004032135
v 0.32778107829018044 1.8352788277378513 -0.09460152171369321
v 0.25685093991298785 1.8180918298319841 -0.082765136362141944
v 0.24052379615180694 1.8254300925167706 -0.066324562671658677
v 0.32094481587409973 1.7302942276000977 -0.10992957651615143
v 0.29631615837880043 1.7880724416839666 -0.099077343494603537
v 0.33129635453224182 1.757426381111145 -0.10802113264799118
v 0.3025360580677709 1.7292481801759207 -0.11402524962894675
v 0.36689885460693111 1.6566074749364641 -0.10451746445542559
v 0.24979773555290141 1.7156634931013295 -0.12199024215227104
v 0.33145168766479211 1.63979333372487 -0.11906693941617391
v 0.3137904050485717 1.6611473785931974 -0.10915250470644369
v 0.35820875412101466 1.7056086670870834 -0.10835517333265324
v 0.39446996485627833 1.7111740627553982 -0.10835307186420118
v 0.37632790879255112 1.6965991160862057 -0.12365231214438406
v 0.39097527959231032 1.7421611998654292 -0.10948960680998387
v 0.39561521511320158 1.7960420827179078 -0.097131822068667106
v 0.42066536653699504 1.7756268265136728 -0.10738935366061228
v 0.47724547982215881 1.8006503582000732 -0.10876850038766861
v 0.45739667117595673 1.7166092991828918 -0.10966874659061432
v 0.46055272221565247 1.7341016530990601 -0.1162993386387825
v 0.42085032397781941 1.7398821428204823 -0.10160519233276216
v 0.40960584977915082 1.4693878505365325 -0.12364450648402234
v 0.43745581361040864 1.6593154407950408 -0.11841908556780277
v 0.55730265378952026 1.6334413290023804 -0.09332922101020813
v 0.53039861220936246 1.4224297548811837 -0.14284892847363892
v 0.51396645557521359 1.6534966190850955 -0.11160431316280019
v 0.48909299551354685 1.6334316286503119 -0.11887767267099358
v 0.51708871126174927 1.7335903644561768 -0.1162869930267334
v 0.49569851160049438 1.6683354377746582 -0.10618507862091064
v 0.47078921233266291 1.7512662746432708 -0.11744161086472091
v 0.47310754656791687 1.7112194299697876 -0.11151207238435745
v 0.47097215056419373 1.6915966272354126 -0.12257066369056702
v 0.47182018065217191 1.6847064857111518 -0.11249030420715982
v 0.48878604880928084 1.6953029965137654 -0.10952922670877789
v 0.50525928828879074 1.7113243575321107 -0.11676775853980829
v 0.40055316686630249 1.6570245027542114 -0.12724089622497559
v 0.48782488703727722 -0.75221806764602661 -0.30932286381721497
v 0.41694757342338562 1.7069993019104004 -0.11129032820463181
v 0.44690703075780069 1.7260137147900423 -0.10239521101826864
v 0.39198369311895614 1.6797541052807663 -0.10388952456924372
v 0.41633646953332865 1.6650485121668659 -0.11868695864576319
v 0.41574496030807495 1.6941685676574707 -0.11635643243789673
v 0.35548905063407443 1.4937730660975128 -0.11013001883922863
v 0.4600595293809322 1.6544316659175855 -0.12324764922926403
v 0.47187347893630532 1.6486261245204104 -0.11825030147696054
v 0.474293842649125 1.7256826474845315 -0.120633663303418
v 0.48123807229453053 1.7711938470491861 -0.11219646979606221
v 0.45580387115478516 1.7169253826141357 -0.1182110384106636
v 0.48533874628450419 1.4434709334790059 -0.14325128630638262
v 0.49218388549269587 1.4259169752687109 -0.15599217710555219
v 0.43149484667664301 1.4304516762403505 -0.17091593913685518
v 0.42134965653603079 1.4314797330299665 -0.15961932121541042
v 0.42218513051366185 1.4090527879756571 -0.16326354642729221
v 0.44016462215524366 1.3967310006087283 -0.15861771735518768
v 0.39228902642896102 1.4343918613939461 -0.16867678521813292
v 0.37689996848437451 1.4557750887685934 -0.15477186707140744
v 0.40999633073806763 1.446893572807312 -0.15638741850852966
v 0.34977362010479496 1.4644144259314198 -0.14734291662575313
v 0.39843739539460915 1.4655268254509721 -0.14602668119809178
v 0.3891465961933136 1.666670560836792 -0.13094013929367065
v 0.26023000478744507 1.4534704685211182 -0.14112579822540283
v 0.35549336544207305 1.6659210118005705 -0.12610367922940938
v 0.37469461096225448 1.6376224126343548 -0.12882844449804956
v 0.3437592270313406 1.4258500216462597 -0.16111615836559054
v 0.30458927892268722 1.4558842037734234 -0.15236494682239377
v 0.33922063879219222 1.4501011234513022 -0.14342125537437619
v 0.25864161484763443 1.426391804660597 -0.16329516927890964
v 0.25980036386609079 1.4624449381497662 -0.14353484341827194
v 0.30908763061149108 1.4439185094182521 -0.15854191418213676
v 0.32176607847213745 1.4176069498062134 -0.169223353266716
v 0.39941809315467858 1.4061862445386006 -0.16777197620537015
v 0.27565713226795197 1.3945051431655884 -0.17554657906293869
v 0.2412552684545517 1.3936221599578857 -0.17051546275615692
v 0.25092696398496628 1.3690642714500427 -0.15547235310077667
v 0.30335127075044732 1.3430608657339382 -0.17248347953543355
v 0.25271990319895465 1.3769561634448511 -0.17558764359703286
v 0.22876684084045754 1.3533750306171739 -0.1501144836446944
v 0.2308739700691442 1.4084615573589592 -0.16359266598439562
v 0.23288261890411377 1.3881577253341675 -0.15016475319862366
v 0.45684281059335802 -0.75988065340963973 -0.33131667672728254
v 0.35535612055324972 1.3302969399116884 -0.1421570013157846
v 0.24833970277566739 1.3789466742209855 -0.15711895020520825
v 0.25360411660252374 1.348087916464654 -0.15548831081531081
v 0.26155043873279016 1.3481837772929619 -0.17168555801733357
v 0.3427446180870507 1.3512148375593327 -0.18205931983623166
v 0.32816270640385409 1.3413173011342803 -0.16073078291957765
v 0.40629670865084277 1.3869084318134248 -0.1767667942181653
v 0.3667374192752148 1.4092024422027107 -0.16936043008492013
v 0.3620627224445343 1.3510586023330688 -0.16089652478694916
v 0.41447979411138558 1.3711301031952412 -0.16232483397730674
v 0.46502344171265864 1.4115263637467486 -0.16509337582722852
v 0.48410529496046761 1.3723031456957002 -0.16458508609343089
v 0.38234341923756987 1.3256578052985606 -0.14846155750760809
v 0.44529297897827852 1.3755436893640574 -0.17341592466322939
v 0.40568195363475174 1.3644274401676246 -0.17313868285897635
v 0.44996353983879089 1.3459968566894531 -0.16778384149074554
v 0.49290652571082827 1.3403825431614733 -0.15422599005867074
v 0.43907193366390895 1.3185604573624279 -0.15519183208011841
v 0.50887763513623518 1.3919893936724925 -0.14999777149159985
v 0.4084854132864591 1.3978274790625567 -0.15807363714287914
v 0.52037222868653932 1.4197164865282976 -0.14301570676977921
v 0.46671447898653345 1.4026115344995163 -0.15326674877615534
v 0.37783959387301708 1.3605757250211676 -0.1585602908668278
v 0.37373642707803978 1.4313631553618185 -0.17319503158963459
v 0.37586122751235962 1.402775764465332 -0.15808278322219849
v 0.3699113052976068 1.3908340572061191 -0.15563996953197953
v 0.38875949382781982 1.3072777986526489 -0.14830229431390762
v 0.37722510099411011 1.3103206157684326 -0.14268447458744049
v 0.42315840455156656 1.3358625637730759 -0.15457326338844732
v 0.36767023801803589 1.3292075395584106 -0.14526142179965973
v 0.5124902886821685 1.40319509406058 -0.15111055228253528
v 0.49540933849702234 -0.81144910127580672 -0.31798403671298681
v 0.45979710744416369 1.3317069408065356 -0.15615483550914486
v 0.5029853880405426 1.3641184568405151 -0.14417584985494614
v 0.51514969625171569 1.3302992127205964 -0.1351976558034593
v 0.50813717367853584 1.2954530128706212 -0.12118042200556382
v 0.50649639964103699 1.3082056641578674 -0.1252630390226841
v 0.53056372893119497 1.3411466532320093 -0.13784502295531087
v 0.48394685983657837 1.2978150844573975 -0.1295350193977356
v 0.47661969065666199 1.2920448780059814 -0.11227501183748245
v 0.46750348806381226 1.2928338050842285 -0.11902544647455215
v 0.38583478514269204 1.2963758885614176 -0.12881722306089877
v 0.45198172270378523 1.2916435772993722 -0.1360124354889683
v 0.3008441950417351 1.29163772071012 -0.12300034585765905
v 0.27883420629562061 1.3118721923982084 -0.11996757514656309
v 0.33690902408242601 1.2959755599167335 -0.13251335824976609
v 0.30360293016317219 1.287297201713852 -0.11761013469324914
v 0.36671733856201172 1.3074156641960144 -0.13426696509122849
v 0.22677983343601227 1.3280211687088013 -0.14047606289386749
v 0.24046868487514064 1.3543368936898679 -0.13546788757271405
v 0.22669410700242368 1.3812731976846211 -0.15030811625499602
v 0.27855683990686297 1.3222301474800009 -0.13571131166683686
v 0.26221603155136108 1.3038449287414551 -0.13428877294063568
v 0.22820912301540375 1.3478014469146729 -0.14393390715122223
v 0.25067844432409014 1.3164575626439792 -0.13923339338350904
v 0.27481931447982788 1.2892342805862427 -0.1104234978556633
v 0.23391450633078065 1.2955552113421616 -0.12465282509813652
v 0.25504243696162809 1.0474779469531399 -0.18743599740367048
v 0.23227726711261473 1.0563655216568386 -0.1822798632984084
v 0.27055365974116713 1.0735945083401979 -0.18165734911390929
v 0.20825986816979308 1.0590250305203597 -0.18136820759054431
v 0.23561588046123055 1.0112463342829787 -0.18972130974333531
v 0.27044984698295593 1.035792350769043 -0.1930961012840271
v 0.23990422486881238 0.99858978751757965 -0.18091892640254723
v 0.26075917482376099 0.97445428371429443 -0.19335280358791351
v 0.25199823695990925 0.94152217111802239 -0.17563069766440612
v 0.26561467080666495 1.0080731232045026 -0.19213008940227227
v 0.38064002990722656 0.93796342611312866 -0.19624677300453186
v 0.2871170756027473 0.95577273488619419 -0.19850105828108816
v 0.32891204953193665 1.015384316444397 -0.19738678634166718
v 0.30901752457456488 1.0101040515324353 -0.19701240139568277
v 0.33742955182802586 1.0764415722190734 -0.19201172287120208
v 0.30213205044114777 1.0772291773166363 -0.19262810601583491
v 0.28541463613510132 1.0732356309890747 -0.17839770019054413
v 0.31508101522922516 1.0978249311447144 -0.16739179939031601
v 0.47865739447071814 1.0075094362902035 -0.19391711639275813
v 0.4172691645529169 1.0797779623952204 -0.18411539486829334
v 0.42859092354774475 1.0931074619293213 -0.16814887523651123
v 0.39843142016108507 1.0343055415125701 -0.20009825764740014
v 0.4545319676399231 1.0466628074645996 -0.18476532399654388
v 0.52057796716690063 0.94487321376800537 -0.18070678412914276
v 0.524738609790802 0.96785235404968262 -0.18437741696834564
v 0.55023286530337623 0.96886179340083944 -0.17186818468737075
v 0.49857743897091517 1.0808681101295299 -0.13318649673134045
v 0.52552242929676996 1.0539312057499144 -0.16282460271190149
v 0.49296907867679274 1.0251661795946876 -0.18915830667496319
v 0.45830629207466173 1.0421483466524082 -0.18007024897220308
v 0.51786416950001868 0.99008729977596444 -0.19259305552436437
v 0.48071047648682597 0.95900586238320296 -0.19613417723953361
v 0.39886182546615601 0.98918741941452026 -0.21502004563808441
v 0.43797174096107483 0.94882157444953918 -0.20333405584096909
v 0.39848055024964746 0.87806641452359679 -0.19009178833143175
v 0.42107964552538579 0.99634635454900844 -0.20827228625803762
v 0.44003120064735413 1.0430505871772766 -0.18741971999406815
v 0.38020658802687701 1.017224292225952 -0.21043213963005794
v 0.38788668315644365 0.98926155968513152 -0.20458827414085651
v 0.40728954250178329 0.94189773473039595 -0.19651847338014394
v 0.42308398120104501 1.0218080802226177 -0.19815285200878266
v 0.34558862021526943 0.96467499999133521 -0.21383815239452592
v 0.46346282958984375 0.96796739101409912 -0.20148809254169464
v 0.43727090560378767 0.9812175674557938 -0.20324395623401384
v 0.43407246470451355 0.99907189607620239 -0.2058270126581192
v 0.34020490047310364 0.97537034902152697 -0.20771895142067143
v 0.41592506640106847 1.0100524670037858 -0.21114559424355392
v 0.36573180092437291 1.042328444597491 -0.21040674922716152
v 0.36660650372505188 1.0067489147186279 -0.21236857771873474
v 0.34448884716739248 1.0489829409247153 -0.19982949831688843
v 0.29128397825318703 1.0434633700795097 -0.20239469138254387
v 0.32110624983117547 0.9587038348495468 -0.20668940901926908
v 0.29931560158729553 0.9616820216178894 -0.20150190591812134
v 0.29082059860229492 0.95823544263839722 -0.20360736548900604
v 0.29401955008506775 0.97554993629455566 -0.21179600059986115
v 0.3621899658188299 0.96585753242843342 -0.2141119490891224
v 0.34723237898679254 0.94158260228605895 -0.2161151274560949
v 0.39369098372346656 0.92477767461470484 -0.21017158214816123
v 0.35019765174413636 0.9125228246607332 -0.20859628802268837
v 0.30622785181385637 0.93483636043000717 -0.20004754813628636
v 0.26429679989814758 0.91434544324874878 -0.20472465455532074
v 0.30282243519031127 0.93138087610376252 -0.19668309155679264
v 0.31540664972730825 0.90511144644175201 -0.20469405228229792
v 0.39847844839096069 0.90832853317260742 -0.20138217508792877
v 0.22635486721992493 0.93983370065689087 -0.18679235875606537
v 0.37658318877220154 0.88060125708580017 -0.20464298874139786
v 0.3566705584526062 0.8910788893699646 -0.20134690403938293
v 0.32299727201461792 0.89229661226272583 -0.20694287121295929
v 0.35644878468298419 0.868195165103261 -0.19821994680074181
v 0.35434106490339901 0.87161840277637692 -0.19882559107587208
v 0.33507753856253542 0.8518086253616769 -0.19912963105879825
v 0.31905047795665747 0.85106307200123088 -0.1979808856764691
v 0.33061681626979567 0.87812265330629036 -0.21042961128105681
v 0.33096873760223389 0.83153945207595825 -0.19519373774528503
v 0.44750317973419868 -0.86238520968670163 -0.35299968012074684
v 0.30475873978441631 0.81868630856892355 -0.1676582009580288
v 0.43593108654022217 0.89376801252365112 -0.20121203362941742
v 0.41022867322834322 0.88986899406763476 -0.20409997804430582
v 0.37971034646034241 0.9016120433807373 -0.20994977653026581
v 0.40534789153171452 0.91763737428013215 -0.19625098550376829
v 0.46267384187818272 0.93036775461561227 -0.20109772460553774
v 0.53776596849041713 0.91821317294351268 -0.16701368816001513
v 0.45115434260326265 0.88209361538931808 -0.19617512630736392
v 0.38275140466104673 0.80416073286280643 -0.17982453674010648
v 0.45038115761769371 -0.82459033678961402 -0.35510066350492758
v 0.45318186283111572 0.92474254965782166 -0.20029428601264954
v 0.42199603885862885 0.91059683605541275 -0.19982795167966275
v 0.44880130887031555 0.90175712108612061 -0.1888689249753952
v 0.41978754423014797 0.89792783680547728 -0.20423443079643389
v 0.39579176435750985 0.84642369019656094 -0.19820362462775726
v 0.41600869788868838 0.79502007485690152 -0.18124966358697378
v 0.39007727801799774 0.83177217841148376 -0.19438449293375015
v 0.45121693023396264 0.82330242984237512 -0.18657138391909595
v 0.51243292494391768 0.8932855027683172 -0.17844944026621451
v 0.51557205041907817 0.8609799065116529 -0.17507495758238101
v 0.49172316814690525 0.810891471658994 -0.17629098740861235
v 0.52528203767719073 0.88035582798761092 -0.17158759235966098
v 0.53083422780036926 0.89381569623947144 -0.17565612494945526
v 0.55374312400817871 0.81927770376205444 -0.15094979107379913
v 0.49866668326264185 0.92277519907110073 -0.18751528325700198
v 0.36889724107805949 0.79353904481078552 -0.17012957924418798
v 0.31981459001913076 0.74288935865472439 -0.12610440449366161
v 0.33631113171577454 0.8211669921875 -0.17505122721195221
v 0.3671796046486685 0.84106487077184811 -0.18882187831379368
v 0.36370536684989929 0.82990622520446777 -0.18790638446807861
v 0.30274063348770142 0.87899410724639893 -0.19014906883239746
v 0.35295060276985168 0.80497050285339355 -0.16162014007568359
v 0.37976163625717163 0.83991372585296631 -0.18394555151462555
v 0.24701428413391113 0.93342697620391846 -0.17766305804252625
v 0.27042475124880144 0.88949581335186134 -0.18638671879828833
v 0.27680632472038269 0.92252999544143677 -0.18935494124889374
v 0.24867476522922516 0.8931693434715271 -0.18658755719661713
v 0.24184615896901668 0.84177114169816281 -0.17166670601544165
v 0.2844080775976181 0.84823867678642273 -0.18112021684646606
v 0.27764152559277455 0.87554379450305708 -0.18161632950079667
v 0.25614339113235474 0.85493636131286621 -0.17120872437953949
v 0.24570745406133931 0.82009468563705423 -0.15641192243537236
v 0.24108385836535851 0.87033318781906766 -0.1706269956624118
v 0.25727775692939758 0.82751226425170898 -0.15607914328575134
v 0.28234958648681641 0.80942153930664062 -0.15479354560375214
v 0.28685341901011335 1.0901064959337468 -0.16988861898642141
v 0.34562581777572632 0.79692000150680542 -0.16166236996650696
v 0.35721297999367885 1.1151724559260658 -0.16023319033468988
v 0.32082909345626831 0.60530257225036621 -0.23026111721992493
v 0.34365016222000122 0.75685697793960571 -0.1428074836730957
v 0.33604248946148352 0.77245441740138021 -0.13653147414784975
v 0.35228698813910481 0.78248222242629284 -0.15762682513455364
v 0.37310761213302612 0.73985469341278076 -0.13070523738861084
v 0.29802327778883936 0.75262731610612266 -0.13838134711559116
v 0.34896656857250513 0.72213956644373944 -0.11128859862668797
v 0.35045239329338074 0.75458997488021851 -0.13701242208480835
v 0.27791443467140198 0.77659749984741211 -0.12641026079654694
v 0.26922416442960573 0.76293072566356857 -0.12139046873084329
v 0.23957718908786774 0.79392796754837036 -0.11389081925153732
v 0.28824025893422989 0.7414253799611622 -0.10576975204738331
v 0.26661467930713684 0.74282985943060664 -0.11572493796607376
v 0.30318635569663138 1.1687387480238194 -0.059572891712396256
v 0.24700820446014404 0.72639256715774536 -0.10315431654453278
v 0.24761112034976179 0.70960600105384641 -0.09524275416089327
v 0.24791178922379831 0.68676351478381137 -0.10195325391560146
v 0.24098657873801238 0.6979250975840664 -0.094628639278055135
v 0.24872422779383854 0.77178103297543088 -0.098124254310474932
v 0.23080351368244781 0.8013975064809512 -0.10987137349744963
v 0.26168128848075867 0.77877569198608398 -0.12690739333629608
v 0.25300643737053452 0.79901231328826705 -0.12305096814530653
v 0.25521722435951233 0.78584188222885132 -0.11079180985689163
v 0.23100856268973341 1.1657823293216352 -0.080408709923996013
v 0.25448557801735622 1.2136857467674 -0.046090622288116799
v 0.31633862853050232 1.1418980360031128 -0.093407697975635529
v 0.33149978518486023 1.2092055082321167 -0.065190963447093964
v 0.30453321165874631 1.2582954952999308 -0.062769658156817371
v 0.38262605667114258 1.1495535373687744 -0.085406862199306488
v 0.36561541938597936 1.2120049896117195 -0.065550238383479412
v 0.35654822053768809 1.2207189517291208 -0.070643765188965327
v 0.35074316669890676 1.1942885113662212 -0.054971887551041959
v 0.32046324206226318 1.2332930537764781 -0.052106844160093868
v 0.37375719845294952 1.191870391368866 -0.048311345279216766
v 0.28454747200263314 1.2483319240023905 -0.050223877016815778
v 0.37957608205726107 1.2230670805174044 -0.076132134488156075
v 0.23560302694380941 1.2214939234555395 -0.031238239600852001
v 0.24317594998716913 1.1828652579627381 -0.042800179531500768
v 0.23385633528232574 1.1932865381240845 -0.051574409008026123
v 0.23635401390779065 1.2492323911814134 -0.05931134021513438
v 0.25995850563049316 1.2291741371154785 -0.081376902759075165
v 0.26053112048340732 1.2418753682637653 -0.056246209239570306
v 0.23710576041782774 1.2376940041405813 -0.034191707694939982
v 0.35797130953730544 1.1551883220418111 -0.06689039180289344
v 0.34082677960395813 1.2159090042114258 -0.051873289048671722
v 0.32492797774793708 1.2449469923039809 -0.057633688966115648
v 0.32365646958351135 1.2592364549636841 -0.058153528720140457
v 0.30960261821746826 1.2083795070648193 -0.054484330117702484
v 0.32408898853441825 1.268636789721526 -0.072185687365854373
v 0.36797866225242615 1.2394779920578003 -0.07630176842212677
v 0.25584991511449201 1.2560419225496415 -0.070412527249414353
v 0.25270341045666977 1.2626021627197488 -0.086331845140985797
v 0.23120465132237933 1.2827573772261243 -0.11338036182555329
v 0.24703500096281328 1.1210393982901468 -0.14793587110209275
v 0.27947909059779358 1.1271406809393538 -0.14800317386638459
v 0.29966551065444946 1.1329584717750549 -0.15413281321525574
v 0.30211122913687188 1.2194609701568797 -0.066925755342478077
v 0.2703711140998864 1.1648948937033288 -0.070149704567966445
v 0.31814193725585938 1.1453080177307129 -0.13069723546504974
v 0.31384802771012454 1.161992044170844 -0.056713555732961302
v 0.3083920047927714 1.2762682526707205 -0.095430186096768024
v 0.31686836971171767 1.1120809379814549 -0.16021015989380272
v 0.34893796960785073 1.1200684367490188 -0.1242490202244106
v 0.46478318266535396 1.0832312495146756 -0.16520487775909129
v 0.44395959377288818 -0.77140676975250244 -0.36268457770347595
v 0.39332444530010258 1.2854115903365484 -0.12198470052184213
v 0.44647494718626485 1.2434991500055479 -0.077744208892018427
v 0.44525898783594953 1.2596889579287862 -0.10576966541260141
v 0.37969177889485034 1.2868718328749689 -0.11782925131679045
v 0.41688188595831877 1.2823134834682071 -0.12508251351883845
v 0.4508385460225518 1.2064463755836345 -0.061817047790769297
v 0.48549669981002808 1.2698265314102173 -0.10046091675758362
v 0.40617705197446435 1.2271734131679262 -0.072712071855247876
v 0.45487654423326401 1.2287506179413039 -0.081867235681775438
v 0.42738418931912764 1.246658416291347 -0.079291558708033505
v 0.48194609769598473 1.2243865538846896 -0.064754764262859255
v 0.49283814430236816 1.2507925033569336 -0.080550186336040497
v 0.47012588381767273 1.2478475570678711 -0.086399413645267487
v 0.55386155633607093 1.2120416102703941 -0.022681960509779539
v 0.5340228086601182 1.2450373681128806 -0.07599716732636376
v 0.47636863589286804 1.1131475567817688 -0.14000093936920166
v 0.46673984825611115 1.2615103721618652 -0.10370223596692085
v 0.47802818828309529 1.2784803692298807 -0.11427958295916077
v 0.519417405128479 1.2860237956047058 -0.10744183883070946
v 0.52648473405205842 1.2776723458276313 -0.097491090656602969
v 0.54467343473087748 1.2795358073409229 -0.098886574523033968
v 0.51166927814483643 1.2647536993026733 -0.08665042370557785
v 0.502513791285641 1.2310856582122636 -0.057119127431486304
v 0.47132855653762817 1.2126655578613281 -0.056391168385744095
v 0.51752173900604248 1.1849725246429443 -0.021501289680600166
v 0.41284018754959106 -0.72114473581314087 -0.38428500294685364
v 0.38165763020515442 1.2621085643768311 -0.072843700647354126
v 0.3840452588153237 1.2496973362487547 -0.068366635906573756
v 0.39068478345870972 1.2091238498687744 -0.035338889807462692
v 0.40277445316314697 1.2145830392837524 -0.03317951038479805
v 0.53136122226715088 1.2263643741607666 -0.057634651660919189
v 0.55563867092132568 1.1837519407272339 -0.019897019490599632
v 0.53783112764358521 1.2401551008224487 -0.043981041759252548
v 0.53759455680847168 1.2075517177581787 -0.037598330527544022
v 0.53862827691829629 1.1845633188517137 -0.017468471913654998
v 0.52555549144744873 1.197740912437439 -0.0276175606995821
v 0.51982180373609854 1.2210250486598098 -0.035116505885860343
v 0.50663356291270734 1.1710814768975133 -0.0035381210355507763
v 0.44710903041866984 1.1999669669965711 -0.029150188609465139
v 0.47528199061618387 1.198813563618375 -0.0093484385292926676
v 0.43428910572645785 1.1665353262472413 -0.061485755641165603
v 0.47296448269602503 1.1750251839292716 -0.021484361474259726
v 0.37806170884400025 1.1993481125658538 -0.041047101407268909
v 0.45065245032310486 1.1495445370674133 -0.072307880967855453
v 0.46263603294252342 1.1628658724220495 -0.036066933754915154
v 0.53688651958695632 1.0173331597949098 -0.18262053730494587
v 0.64787900447845459 0.82923263311386108 -0.065328247845172882
v 0.47174030017874757 1.1320955910591877 -0.10038693480384303
v 0.50764560699462891 1.1518392562866211 -0.02581511065363884
v 0.50136369466781616 0.72520005702972412 -0.11089245975017548
v 0.54325515262466728 0.72200310157895087 -0.10970130778956871
v 0.51374105228208 0.72299800701183103 -0.11260724883528204
v 0.54586145597336366 0.70679647667428847 -0.087485281214016788
v 0.47230902314186096 0.69234058260917664 -0.094691857695579529
v 0.47583070369657798 0.72933471478912781 -0.1209160326507268
v 0.45336282519683124 0.71665521082353945 -0.12084019425903109
v 0.46153148338119521 0.71555903532243204 -0.11872830723288448
v 0.37363848095680513 0.71470487040369768 -0.13258130304846352
v 0.39436132908372284 0.75377460330894175 -0.14022528696885125
v 0.45718764989617827 0.74221812184545577 -0.13451403801299011
v 0.43197779389550917 0.74224291272511067 -0.13478525464184052
v 0.48596423864364624 0.75567317008972168 -0.1346132755279541
v 0.47506952049739204 0.7569083795379894 -0.14641626658343396
v 0.54165072022845018 0.77075354392435313 -0.15179242815100652
v 0.42211656828151972 1.1048150136553994 -0.15405429634641901
v 0.46682533601798171 1.0629062569541763 -0.16612916915617629
v 0.46882694959640503 0.7751694917678833 -0.16282138228416443
v 0.42699988393054966 0.77257509272977221 -0.1567194807687744
v 0.44268073034910349 1.1087559562236906 -0.14992415744545889
v 0.40834155678749084 0.74845531582832336 -0.14091918617486954
v 0.44884377717971802 0.75871419906616211 -0.15114666521549225
v 0.41397580404156104 0.60906517983151642 -0.16407910687379312
v 0.48571373618455393 1.085843627326422 -0.15991463723907134
v 0.57959703851177169 0.87288528187164471 -0.14814976129618201
v 0.5510640018973878 0.75836901808922896 -0.12253922336318789
v 0.69815058820434917 1.0229316585077191 0.08759548518268849
v 0.57964866588159625 1.1146013758094639 0.052688113238660156
v 0.58747339248657227 1.1386845111846924 0.043597690761089325
v 0.56350342204398918 1.1472655500879878 0.048388072763480991
v 0.60556681355977338 1.1241120000459977 0.078140218121767385
v 0.71824641475803541 1.0436218734099183 0.062313032493083863
v 0.75037539005279541 1.2441579103469849 0.090452402830123901
v 0.76311288110591946 0.89480681159979225 0.051308215290187691
v 0.77997182952941779 0.81221349015180744 0.10663976418900764
v 0.77210873036766714 0.99033205656569256 0.1759394514103092
v 0.61711393509026569 1.1047305455784031 0.11607435187537796
v 0.63867627138803662 1.1222299026144384 0.14033064623908109
v 0.60815775394439697 1.1520329713821411 0.1174144372344017
v 0.66584790685830297 1.0402006222423321 0.074642856184922321
v 0.73466371668670194 1.0171560743770216 0.23053067903171151
v 0.67508610394572699 1.1304248860574826 0.18350084114253271
v 0.68120603073940789 1.009194629304494 0.24230741063123737
v 0.69197028875350952 0.99614864587783813 0.23684704303741455
v 0.66004687547683716 1.02186119556427 0.25856447219848633
v 0.65264654159545898 1.0460110902786255 0.22932665050029755
v 0.65060693025588989 1.0386985540390015 0.23121578246355057
v 0.63800859451293945 1.0771143436431885 0.23317663371562958
v 0.64190814910697547 1.0866311021913599 0.19818557907933257
v 0.64011786373267299 1.0876159386452606 0.28447286627805746
v 0.67996627018884781 1.1386585673057705 0.20730689281659279
v 0.65309631727130202 1.115433679840772 0.19808980825175637
v 0.64616456627845764 1.1094291806221008 0.17691719532012939
v 0.63049301403058344 1.102315581182062 0.15327909065477338
v 0.64343160390853882 1.0840259790420532 0.15918150544166565
v 0.62988132238388062 1.0969841480255127 0.16088761389255524
v 0.6004577605152418 1.1537769769562582 0.097663799628381898
v 0.62235665321350098 1.1674940586090088 0.10190913453698158
v 0.66389822959899902 1.1663180589675903 0.1047651395201683
v 0.72609972102443787 1.1757683956406995 0.20562060122405099
v 0.67785662412643433 1.1238183975219727 0.23704801499843597
v 0.67017173767089844 1.4333063364028931 0.15819422900676727
v 0.75795787572860718 1.2551883459091187 0.12596756219863892
v 0.68969291337075911 1.1900633301152694 0.088041134600383278
v 0.7247357964515686 1.1989251375198364 0.12319495528936386
v 0.64214235544204712 1.1853941679000854 0.087568871676921844
v 0.65171070298045719 1.1886692706893165 0.10456749606960454
v 0.60690918580064834 1.1771973103910349 0.10525318539141472
v 0.64281195548683023 1.1941529180631147 0.054874650838752953
v 0.61550361131868214 1.1913308248182144 0.057892772710287324
v 0.61883378660521215 1.210648846991317 0.035591928807438278
v 0.59226191086764235 1.1984867161643367 0.031325056232962528
v 0.60057582115348362 1.0732538578144337 0.043496283448972904
v 0.62299448533143142 1.2341465579879884 0.0096613250953069343
v 0.61055393789064327 1.1664727093144016 0.07037037008137316
v 0.5852324366569519 1.1727505922317505 0.053890269249677658
v 0.55934452367991638 1.1749987526888965 0.037375245123357048
v 0.57397027284212243 1.1499273243894321 0.054810361242450784
v 0.58966011194506729 1.1663742155201053 0.086192875214708212
v 0.63153129816055298 1.1352660655975342 0.090144053101539612
v 0.64227789640426636 1.1581746339797974 0.087027430534362793
v 0.67278832197189331 1.1780346632003784 0.083694979548454285
v 0.67429667711257935 1.1973607540130615 0.10068009793758392
v 0.60672643188732001 1.0837287774346087 -0.043104910397783712
v 0.73681761007833579 1.0168439073071998 -0.008871598896756587
v 0.68966245651245117 1.2244800329208374 0.064365357160568237
v 0.66406408715943788 1.2080569432417234 0.067777382114643459
v 0.67719031660673534 1.2468661804064229 0.031804378703034944
v 0.73200115401163357 1.2317566218813676 0.08563301504559187
v 0.69033948573062753 1.2167137698723418 0.09568464328046361
v 0.69991856813430786 1.2383989095687866 0.085926659405231476
v 0.74483048915863037 1.2017290592193604 0.14969998598098755
v 0.76335658483408031 1.2364342570945095 0.11838420664050987
v 0.75425976514816284 1.0028700828552246 0.10945282131433487
v 0.75999116897583008 0.93544656038284302 0.064278021454811096
v 0.70799066785263221 1.0409642324971058 0.021800442238587302
v 0.75348502131257467 0.93471608279958274 0.0022065506596261552
v 0.77714976530891977 0.88212339976377574 0.13551705978934411
v 0.77641624212265015 0.86505603790283203 0.15965725481510162
v 0.78245175998843663 0.92462387171551674 0.095777384537940033
v 0.77072757482528687 0.98203206062316895 0.086755290627479553
v 0.77839791577691386 0.98645557898132452 0.04274161491195401
v 0.79858838534657883 0.94806253111424355 0.11108728889100182
v 0.77435987127511785 0.95719212025217137 0.071869526981896817
v 0.79389747707856151 0.95429378761900707 0.12980837694815486
v 0.77293633320589583 1.2438281811739695 0.17239599118676741
v 0.65218818187713623 1.0879001617431641 0.30577442049980164
v 0.79260879755020142 1.2379727363586426 0.23990491032600403
v 0.75984266047933591 1.1983069830289657 0.2185902385893411
v 0.73452518253240728 1.1843037239334939 0.27823452089197964
v 0.78028583526611328 0.94264954328536987 0.23724225163459778
v 0.79705500602722168 0.93657195568084717 0.2153363972902298
v 0.76326367768698022 0.94253754366228082 0.25569391101757366
v 0.78931532624807843 0.91242548191764383 0.20779875624556091
v 0.7788599650815452 0.83823384471211237 0.14173823793426221
v 0.77919450196290274 0.94654929636535345 0.18610550629601225
v 0.78032721298125562 0.86334905139107498 0.1976050854882436
v 0.78825080532841107 0.94592611782589253 0.16601555563409282
v 0.7945971842533468 0.89125071001737077 0.17362865602730715
v 0.78775280476177445 0.84740027466919787 0.15849495897577709
v 0.77049044792597177 0.83167037400513988 0.22883399951498293
v 0.76918986670129952 0.85045594491994436 0.23629007312895459
v 0.76164591312408447 0.83887457847595215 0.25398153066635132
v 0.75876724720001221 0.80645710229873657 0.26298677921295166
v 0.78073954582214355 0.7982325553894043 0.25152924656867981
v 0.76223151081790375 0.75295337407506946 0.24367744138586528
v 0.75059676170349121 0.7675819993019104 0.2702634334564209
v 0.7662755808961732 0.75494210988503418 0.2386613067122188
v 0.77453504032681908 0.71527291004120597 0.15649870946189265
v 0.775349113260699 0.718087806237242 0.1599082419574695
v 0.77637369769476761 0.80324103628846455 0.15013445271106518
v 0.75648459516263766 0.43940022039463922 0.049375525677673511
v 0.7620842456817627 0.75510674715042114 0.075915321707725525
v 0.78142631053924561 0.79149919748306274 0.13381862640380859
v 0.78027969598770142 0.84817129373550415 0.11093080043792725
v 0.76412751603502671 0.78982005063974381 0.08934414124015537
v 0.75691575683204881 0.76499645523895843 0.062826525745566436
v 0.751376638391133 0.83165919836543889 0.050793894036248045
v 0.73888826370239258 0.6838376522064209 0.11408185213804245
v 0.76276693498314041 0.80718459716919122 0.065149443357642528
v 0.73918771743774414 0.4649178683757782 0.051529768854379654
v 0.74028654570527974 0.69261839193879149 0.052995429376255704
v 0.77119637419461995 0.83820766163620908 0.069264736042800271
v 0.70573541774882442 0.72605699976950355 -0.0059148795878046249
v 0.71711994856835082 0.77713347196032334 -0.0017885822092717941
v 0.72204105820069131 0.80821596108596605 -0.011912470504133667
v 0.69885528087615967 0.86541348695755005 -0.0048627499490976334
v 0.67723203184959879 0.83713078499184257 -0.030099345121435746
v 0.72233509098422288 0.71908132241536526 0.023045791686742912
v 0.74347490072250366 0.83056527376174927 0.01616353914141655
v 0.73491856168466252 0.83827812288742964 -0.0027482309437751851
v 0.71898025796519516 0.90053898572219526 -0.055253744338027135
v 0.75563234318164985 0.954426990758108 0.035995597988619059
v 0.74530517873706448 0.86025870262421023 0.0014225115386640912
v 0.69390308856964111 0.83048850297927856 0.0048781898804008961
v 0.68355464935302734 0.72836458683013916 0.029350170865654945
v 0.71261882781982422 0.76300477981567383 -0.00062523997621610761
v 0.70089822528343093 0.83197368622473244 -0.013537236482490049
v 0.70350199937820435 0.81436097621917725 0.020353319123387337
v 0.71858106446757486 0.75239514391290852 -0.0081832747529336832
v 0.68237168756464284 0.75872569097727316 -0.020305386697108876
v 0.69624775150145735 0.70988544877452275 -0.0056334856937488497
v 0.71471017599105835 0.73510682582855225 -0.0023101898841559887
v 0.67216997207284213 0.74758279157000762 -0.0027806434906486985
v 0.65609347820281982 0.72160565853118896 0.001897859969176352
v 0.67664194107055664 0.71361571550369263 0.0281034205108881
v 0.69092066398412932 0.80025924632979739 0.012743549335089741
v 0.60027480125427246 0.71242690086364746 -0.048820968717336655
v 0.68851351737976074 0.89733678102493286 -0.042333219200372696
v 0.67146970871603551 0.82171892817352055 -0.030737008975150838
v 0.66727365627098689 0.76320892505616567 -0.015354034716242458
v 0.65722514905569251 0.89480980839772495 -0.064729938754485752
v 0.66739002219201171 0.83033122991839092 -0.040959393724995775
v 0.68059366941452026 0.72529003024101257 0.0059787051286548376
v 0.64546380130296022 0.75533810273646484 -0.041402021000713482
v 0.63268220860130919 0.72306077896194909 -0.025537993076889798
v 0.61150413426405315 0.73743468529935574 -0.056601514724522316
v 0.63790044644380928 0.74462140347887062 -0.051978310494179954
v 0.60759270191192627 0.73358917236328125 -0.077736452221870422
v 0.58994972705841064 0.70904719829559326 -0.056216448545455933
v 0.62186914682388306 0.75083714723587036 -0.071999497711658478
v 0.60499614477157593 0.89159005880355835 -0.1260942667722702
v 0.60199928095324706 0.83040673857504155 -0.11744385939493364
v 0.58169296205698595 0.71951721309635097 -0.083317411303395275
v 0.57673990726470947 0.70145934820175171 -0.062782488763332367
v 0.53829105655139775 0.77755397177848684 -0.15540697773362228
v 0.58497387170791626 0.82490980625152588 -0.12908488512039185
v 0.56680323962678336 0.86338711297479542 -0.14426430069425264
v 0.58106844887871922 0.79753370915562116 -0.12549329852037602
v 0.56769084959268068 0.7201751185487264 -0.098218112938308372
v 0.52332408637652283 0.70847910094511868 -0.096865360869693259
v 0.54825983628968589 0.87738466712291507 -0.1598991642821731
v 0.53829318608454069 0.80743457492277382 -0.16163106460396323
v 0.55194932222366333 0.88323795795440674 -0.1779782772064209
v 0.56215862484779133 0.81674004231785546 -0.14652879762396151
v 0.61872317567774682 0.82787888218811712 -0.092533232908608029
v 0.58852675664123588 0.75223338233663484 -0.098137177233477785
v 0.39806365966796875 -0.73786330223083496 -0.39002862572669983
v 0.59311568737030029 0.74963545799255371 -0.084780186414718628
v 0.61062606993580826 0.81206412675420026 -0.10426298310661115
v 0.59443271160125732 0.89085847139358521 -0.15343494713306427
v 0.65455895662307739 0.92568576335906982 -0.12863491848111153
v 0.60928645161326389 0.96775413835849411 -0.14766202856545954
v 0.6597541410935619 0.94938492990564005 -0.11377189126648422
v 0.66306303274446277 0.97846559741179406 -0.096610159279928581
v 0.68267991596312483 0.96958446063571913 -0.10303256849991391
v 0.67867722563928279 0.91768496874194838 -0.054789414489037319
v 0.60756754875183105 1.0531059503555298 -0.099657692015171051
v 0.61397337913513184 1.0929698944091797 -0.076748497784137726
v 0.63721222162871372 1.0164867030667248 -0.095511347446269573
v 0.70872583114651644 0.98584541144143223 -0.067947643505696279
v 0.59030922373143535 1.0096930448064014 -0.16073659664656628
v 0.6082890834222815 0.98568227153846855 -0.15562607147062341
v 0.57099735145125419 0.9916949365554546 -0.1776893040600272
v 0.60068225860595703 0.96339040994644165 -0.14743374288082123
v 0.58865922689437866 0.97168749570846558 -0.15307006239891052
v 0.54847228527069092 0.9328959584236145 -0.17119253426790237
v 0.56117090740282061 0.89997867964275213 -0.17699584060594439
v 0.55268990405200236 0.93577456495955691 -0.17348613571521873
v 0.54901213355240364 1.1206476269414523 -0.065920916866918061
v 0.5833617189480963 1.1019706738234447 -0.085981204828320737
v 0.55901605484656514 1.240310538740689 -0.045231982701185079
v 0.57977718114852905 1.026192307472229 -0.15006616711616516
v 0.58591442026478502 0.95393686727940996 -0.15026540005569994
v 0.64589114103131007 1.0810812318558909 -0.0098209029487327307
v 0.59007745981216431 1.2473529577255249 -0.044275771826505661
v 0.72796845487990225 0.99107229303155386 -0.035723064851797187
v 0.58395185630988322 1.2328783558589824 -0.034907127530532829
v 0.57110142707824707 1.2214033603668213 -0.0104576600715518
v 0.56961065642014863 1.1012275349144238 0.019105432006896912
v 0.53646790981292725 1.2174156904220581 -0.036578729748725891
v 0.53403107473050082 1.1661752692836096 0.0064253647025951386
v 0.54564130306243896 1.1809885501861572 0.0067924698814749718
v 0.57044469647791896 1.2080939060176705 0.002334798717237191
v 0.54995841782451516 1.1905618920879175 0.015846309244827564
v 0.55238264799118042 1.1882412433624268 0.031877558678388596
v 0.5465928672484619 1.1741399701036823 0.024677493913676813
v 0.5566042623962919 1.1250942782375108 -0.0025477475612155622
v 0.56554849127174067 1.1283613390710758 0.023463879520514479
v 0.36768035559070134 -0.9388117821696369 -0.39535198954882833
v 0.38794834688947327 -0.7437073021538797 -0.3829627768310232
v 0.6818157434463501 1.0551877021789551 0.036438301205635071
v 0.65552479028701782 1.2285019159317017 0.0030964899342507124
v 0.69574796068197231 1.2919636475952392 0.0067726091569629519
v 0.70779614940662161 1.3424545037808946 -0.0084545779716072109
v 0.65560479093384549 1.0605910411012316 -0.057979810430885105
v 0.71122943373389613 1.0152645555576403 -0.026450117380342579
v 0.68679523468017578 1.036653995513916 -0.060106661170721054
v 0.6721964570519936 1.0531298101624404 0.021378695269771389
v 0.69942373037338257 0.92453324794769287 -0.045573301613330841
v 0.78463393449783325 0.96314394474029541 0.017541810870170593
v 0.71324866840697687 0.93541344681843475 -0.060973927507188948
v 0.71795941237651983 0.96378202452084005 -0.035376384223513246
v 0.7426241693101282 0.96208409048137433 -0.020117714899878167
v 0.72547155618667603 0.97725564241409302 -0.044137120246887207
v 0.7124199371462816 1.2923560372155471 0.029477064776032975
v 0.69816976880781001 1.2634779833791898 0.050849673932940827
v 0.75786550128779429 1.3144605625957153 0.024903366133649792
v 0.75861269235610962 1.3637446165084839 -0.0073009398765861988
v 0.71830648155791421 1.3477538564885059 -0.039215603721422083
v 0.70773722516578497 1.3392674170770369 -0.056640708203578832
v 0.72937673330307007 1.4096226692199707 0.017343390733003616
v 0.74749556767448755 1.3200503489908593 0.03355557544445964
v 0.75623400098829396 1.3525481345663282 0.021941339549525114
v 0.77750641593596193 1.3274899855744489 0.056415344426815811
v 0.74800503253936768 1.3313974142074585 -0.0026658100541681051
v 0.71252620220184326 1.3252066373825073 0.0040765497833490372
v 0.69574541862341577 1.4055109414701783 -0.016176338862094262
v 0.68136796355247498 1.3183213472366333 -0.014520194847136736
v 0.67541024799422533 1.433561732496037 0.00024011313365851348
v 0.7001989483833313 1.3591163158416748 -0.055419821292161942
v 0.7094075083732605 1.3633338212966919 -0.041900929063558578
v 0.6273956298828125 1.3746486902236938 -0.0794791579246521
v 0.6750363980780375 1.3967644413286222 -0.081047711272631967
v 0.69029152393341064 1.3320521116256714 -0.026193300262093544
v 0.68833398818969727 1.3058027029037476 -0.011171800084412098
v 0.67844048142433167 1.2972513437271118 -0.0010045600356534123
v 0.64343919916591719 1.2888631068476273 -0.021086980781400363
v 0.7018197774887085 1.3064506053924561 0.014417350292205811
v 0.64919821836570002 1.3186305684881159 -0.044436248063901271
v 0.62918073344162317 1.2566175651259857 -0.0079301605642610219
v 0.62279146909713745 1.4545185565948486 -0.01211473997682333
v 0.63471301809750202 1.4398487322299285 -0.015569685132991959
v 0.62837117910385132 1.5415631532669067 0.028998604044318199
v 0.62964951901906197 1.5709529901193469 -0.0066787965335285493
v 0.63333411637098702 1.4378010665043881 0.020796637410048946
v 0.5954482617826522 1.4792841958958998 0.026258425417383723
v 0.62496698931269612 1.2950576966231919 -0.046253638443081384
v 0.60558032989501953 1.4368406534194946 -0.052751168608665466
v 0.55049522263193518 1.534655886991388 0.019308969844916549
v 0.55813432103791061 1.5406732956073872 0.010994061686940766
v 0.55207580327987671 1.4533437490463257 -0.05247005820274353
v 0.55571073490908984 1.2520897084826514 -0.051371621248041455
v 0.59817946388497623 1.2658393633995968 -0.053691231932023069
v 0.57749531209965066 1.2600372224773608 -0.057922571974260026
v 0.60364681786041197 1.3210063688349716 -0.070521189360248995
v 0.67352807521820068 1.3459975719451904 -0.039753001183271408
v 0.60598194119521775 1.2819007309580175 -0.066553081351489699
v 0.63304192523933134 1.3308321960740774 -0.067281706984049047
v 0.65532875061035156 1.3636826276779175 -0.093245893716812134
v 0.64913210107018382 1.3633485668578977 -0.06815405951011301
v 0.6862762182321156 1.3512546257836777 -0.073357139558634724
v 0.63542729616165161 1.3184038400650024 -0.063848547637462616
v 0.61631370445637546 1.355612479093212 -0.078695067758557558
v 0.60821023993067602 1.3347954005724298 -0.096157831297190674
v 0.57043057515506101 1.2982496431723554 -0.10392078935273358
v 0.59538769261850311 1.3952019683703789 -0.094551395626948642
v 0.56603837013244629 1.4361358880996704 -0.065890438854694366
v 0.59621344958000611 1.3641237522484357 -0.11687209696003655
v 0.51448455395170978 1.4659453086343925 -0.085291085942489853
v 0.57165706325509968 1.362897309699882 -0.12461138911210477
v 0.537281334400177 1.3907954692840576 -0.15915833413600922
v 0.5605692240147544 1.3834340462954551 -0.11581269781511008
v 0.57282745838165283 1.3340456485748291 -0.11680514365434647
v 0.58851347443948065 1.4126455700135643 -0.12104209194812482
v 0.59395208343674277 1.3027274944505303 -0.08605645967843524
v 0.60475265979766846 1.3075575828552246 -0.076990552246570587
v 0.62123703956604004 1.3396767377853394 -0.070769011974334717
v 0.61245100230492566 1.3593014965929662 -0.098878762917331955
v 0.64442569017410278 1.4085718393325806 -0.067632183432579041
v 0.61001240056817263 1.4177096767499697 -0.078837952835729211
v 0.62472596764564514 1.4307839870452881 -0.070724954828619957
v 0.67394262552261353 1.3565857410430908 -0.096246562898159027
v 0.40411514043807983 -0.90699374675750732 -0.35295340418815613
v 0.39205814338967898 -0.89213429786945653 -0.3562020172665139
v 0.39037951578214602 -0.87344055360168782 -0.35679828601865443
v 0.57710164785385132 1.5796306133270264 -0.054566200822591782
v 0.61537073165520362 1.577731355614246 -0.043356825194388098
v 0.59369689226150513 1.5917110443115234 -0.057081691920757294
v 0.62861678825687173 1.6343013147572236 -0.044192718536771293
v 0.62737137376232366 1.600955438024124 -0.039243271329622527
v 0.37823593616485596 -0.80354219675064087 -0.35630589723587036
v 0.62497729063034058 1.7164477109909058 -0.029632879421114922
v 0.5839306116104126 1.7705689668655396 -0.050806671380996704
v 0.60152167081832886 1.7275547981262207 -0.084503136575222015
v 0.60518377345308261 1.8020255276015553 -0.054527723430420276
v 0.60385874466428036 1.7622514986319184 -0.046380529679039433
v 0.60399981433805761 1.8294484924180434 -0.060851781763455418
v 0.58322381632658349 1.780564310791255 -0.13346496798994231
v 0.59691045509900731 1.6755280461388229 -0.078048330605640287
v 0.58543008997676171 1.6770295077310273 -0.085299081801265025
v 0.55460774898529053 1.7693667411804199 -0.085333392024040222
v 0.59594839811325073 1.6941379308700562 -0.080758966505527496
v 0.55127290634590764 1.5821823125422709 -0.062297021101098353
v 0.51523309458072242 1.6201888294766329 -0.099618432343279009
v 0.53437989350369897 1.7300830850131024 -0.092205673308269245
v 0.5679806381061121 1.7443560421246027 -0.083741338147022795
v 0.57726567983627319 1.6029129028320312 -0.073805861175060272
v 0.56795204583664038 1.6135429467914701 -0.097338628656700177
v 0.56598920244295203 1.7902799837846635 -0.042317797325360874
v 0.39633569121360779 -0.76973384618759155 -0.36395293474197388
v 0.60160535573959351 1.7476418018341064 -0.009805840440094471
v 0.61378294659161858 1.8386222277845137 -0.025484351013236213
v 0.63444806180277946 1.703894053738513 -0.040863282877922444
v 0.66479432582855225 1.6182950735092163 -0.017919929698109627
v 0.6787481080853599 1.5958737166735129 -0.029212490411675323
v 0.63736713660005084 1.6475134599748757 -0.027092587851885855
v 0.65208194784912243 1.5737705426705009 -0.019668354898614477
v 0.63365405797958374 1.5879137516021729 -0.043464921414852142
v 0.60207334457069683 1.5735556449642245 -0.03149088483960559
v 0.59572136402130127 1.561161994934082 -0.010484890080988407
v 0.59866815805435181 1.8217027187347412 0.083058267831802368
v 0.55929559469223022 1.5574005842208862 -0.014708450064063072
v 0.60479560777608787 1.5555196329131993 0.0067990364416494371
v 0.42143657803535461 -0.68322283029556274 -0.37493342161178589
v 0.59373056888580322 1.7962311506271362 -0.036106009036302567
v 0.64075759894688467 1.8226659545010233 0.072058044744515645
v 0.60557526350021362 1.803078293800354 0.044849440455436707
v 0.58194810827860199 1.7778923927562098 0.0035218684500925527
v 0.63234633207321167 1.5481768846511841 0.020352210849523544
v 0.60459357706361327 1.5433695028894745 0.025061446079676343
v 0.6317484974861145 1.583332896232605 0.00093014998128637671
v 0.64285377074470251 1.5631208390655011 0.010760723221746803
v 0.65423196770764669 1.5464416855753409 0.03059887197790629
v 0.67140940005169725 1.6368939467364552 0.010791145009148439
v 0.66765189170837402 1.5719901323318481 0.037127129733562469
v 0.63826119899749756 1.5704755783081055 -0.00080759002594277263
v 0.67495700438076456 1.6932106354955843 -0.0051890965565857469
v 0.68321263790130615 1.6562042236328125 0.019524220377206802
v 0.67774289846420288 1.7414913177490234 0.045899681746959686
v 0.66082394123077393 1.6474235057830811 -0.015879949554800987
v 0.6713784053145132 1.70911873081494 -0.0016630973528892908
v 0.67158396507204732 1.5793309283279209 0.036270745662642621
v 0.75618231283378712 1.6000495503622982 0.041263772297600129
v 0.73168546437660709 1.5747441983372454 0.044230437318995126
v 0.70734738984627221 1.6877776489124781 0.053736676088154009
v 0.753913767680781 1.6435572780510239 0.04002422176765235
v 0.77318009547709554 1.6624946546768833 0.061194837068148177
v 0.7404058575630188 1.7199414968490601 0.10705792903900146
v 0.76307999550598749 1.7019345008479954 0.12583715682348973
v 0.80163274766881931 1.6281354118906395 0.12724207089483919
v 0.78580025069205506 1.6736755295331704 0.11472425739359488
v 0.77206027784055609 1.6066892997263631 0.091207970410214639
v 0.73918727302543519 1.5618192190350695 0.058014010572510544
v 0.76081240177154541 1.6011795997619629 0.065929822623729706
v 0.73123224371545748 1.4269779319654274 0.093694142318243329
v 0.7169936525635644 1.3190999818119664 0.021686641178338999
v 0.76158944367996495 1.3729703756649869 0.045208137420905514
v 0.78672969553494221 1.3740635119324633 0.12164274849643625
v 0.7494691014289856 1.4098621606826782 0.11270073056221008
v 0.75188689798921127 1.5524822189571061 0.092419363047144251
v 0.77456748485565186 1.3955745697021484 0.1245916336774826
v 0.76472169089919106 1.376552972160008 0.10417236612232339
v 0.77654037022855349 1.2766029890260109 0.096352300749663472
v 0.66824586003836095 1.4953643275830488 0.13066331660103209
v 0.75049494734479372 1.2567292562105725 0.087708448872169539
v 0.74151921272277832 1.2637691497802734 0.068751499056816101
v 0.73446309655954201 1.2499111901065887 0.063338053729037946
v 0.71470993757247925 1.2447030544281006 0.095887750387191772
v 0.73631292581558228 1.4044874906539917 0.068532049655914307
v 0.73768373353104899 1.5403874098441634 0.10853729349766321
v 0.72246482685752056 1.5479945044868118 0.074792622760303962
v 0.69516080617904663 1.4354047775268555 0.080866418778896332
v 0.66458898294170232 1.5311290969192732 0.049018134918148971
v 0.58452236652374268 1.4867997169494629 0.084464021027088165
v 0.70077859820715138 1.4321063048707974 0.14123033293782047
v 0.64456429619632305 1.4444462541703609 0.090537041108687946
v 0.6772287865319423 1.4434734156671414 0.15277435049373511
v 0.71528295133218966 1.537138802194667 0.092982783818632952
v 0.71819585561752319 1.2626596689224243 0.073694474995136261
v 0.70314918523171865 1.4111701957416194 0.050722222770152918
v 0.68874000604243857 1.2705631454248152 0.029136600499858171
v 0.64412164688110352 1.4667204618453979 0.06437171995639801
v 0.67892593145370483 1.5208696126937866 0.083239778876304626
v 0.62635135143826226 1.515828754797117 0.073317677936439909
v 0.40789234638214111 -0.7335706353187561 -0.34876415133476257
v 0.57576605898764444 1.4900942051968751 0.062156980259752401
v 0.63309550285339355 1.5093148946762085 0.12430767714977264
v 0.6259150505065918 1.4626007080078125 0.044255249202251434
v 0.62385689147592649 1.4540100499070414 0.078929884193160549
v 0.65632820129394531 1.4128949642181396 0.095292963087558746
v 0.66260478128397748 1.4926611336964091 0.11500084712502699
v 0.63424200831677147 1.475952157655692 0.14030415385393602
v 0.57927766479766418 1.5095038892309511 0.11010321319451429
v 0.67634717233768005 1.5179978885727892 0.15979494102163144
v 0.68302349587551936 1.5107510685194308 0.11816419999857319
v 0.58338182088431745 1.5192456939440575 0.078350426964422876
v 0.57392491263612277 1.5204974629221937 0.053537585257570255
v 0.67725850299436718 1.5497823471795453 0.054025519720984662
v 0.6223082649333086 1.5220159247002949 0.042384001503290379
v 0.67404848337173462 1.5616984367370605 0.045434288680553436
v 0.69107789226573446 1.5629762187552962 0.056343671568387141
v 0.73291397094726562 1.5712597370147705 0.03808227926492691
v 0.65709859132766724 1.8049526214599609 0.077790610492229462
v 0.67048591375350952 1.7775681018829346 0.078218281269073486
v 0.70748224025086703 1.7935754728347202 0.080085292535436628
v 0.70006597821534722 1.7648529966211717 0.088538191312913794
v 0.70278018712997437 1.5477221012115479 0.071614980697631836
v 0.69204157590866089 1.568123459815979 0.050143659114837646
v 0.71010894579471995 1.529527481938346 0.13559753352010426
v 0.67807143926620483 1.5382755994796753 0.0858035609126091
v 0.70920405247970009 1.7784674466891734 0.1016479792738781
v 0.56942504644393921 2.0051488876342773 0.10665178298950195
v 0.57208395004272461 1.9980268478393555 0.10041139274835587
v 0.58589160442352295 1.9974936246871948 0.20389068126678467
v 0.57854360342025757 1.9522157907485962 0.13243755698204041
v 0.57421156977487742 1.9777574476894724 0.14087659296274593
v 0.55698890581694604 1.999408589609494 0.12669924131520047
v 0.63936293125152588 1.8108707666397095 0.11156552284955978
v 0.6866811800999425 1.8009587265957832 0.09552564055358348
v 0.69999366998672485 1.7580942511558533 0.12773282080888748
v 0.60029447078704834 1.8183592557907104 0.17048102617263794
v 0.39739516377449036 -0.79428988695144653 -0.34775885939598083
v 0.57765567302703857 1.9990283250808716 0.15067581832408905
v 0.66278962753532167 1.5070610126764012 0.18074830927655339
v 0.66977854772431233 1.7745461506497737 0.22053099717337885
v 0.76298915739757478 1.7059640640155422 0.19504193862914174
v 0.79614201790607175 1.5624667388517606 0.16246610717190357
v 0.65508794784545898 1.9531872272491455 0.27408650517463684
v 0.57524053039534295 1.9220080286502841 0.20336470603268295
v 0.57937556505203247 1.962572455406189 0.21922759711742401
v 0.60546875378027898 1.9760438436464913 0.29442749540422852
v 0.63278914654789853 1.9833857260582008 0.22705671836660041
v 0.57707136869430542 1.9886480569839478 0.22957774996757507
v 0.5342302689263897 1.9820935660302341 0.22427081247329045
v 0.55490624904632568 1.9729571342468262 0.22924381494522095
v 0.54817521572113037 1.9173665046691895 0.2619422972202301
v 0.42679479718208313 -0.78565335273742676 -0.37099581956863403
v 0.53127266916121763 1.9084200093822155 0.27521368712675665
v 0.54763634306020315 1.7933995934640927 0.40156757211855021
v 0.7150387731977601 1.4734012289246872 0.21283572793885072
v 0.71734826755536907 1.5001455218836024 0.2366407454817431
v 0.69230136611754745 1.5143773296148466 0.2001092860434735
v 0.70125976618545649 1.5001455696903081 0.19954197010759459
v 0.70091092586517334 1.514387845993042 0.15732362866401672
v 0.67063480615615845 1.4929870367050171 0.16397877037525177
v 0.68345779295941722 1.4694749553183675 0.20897859594721505
v 0.61894172430038452 1.5064835548400879 0.14549350738525391
v 0.63774633407592773 1.5043058395385742 0.1703672856092453
v 0.65429802293325467 1.4861665640379957 0.1542841889253663
v 0.67401254177093506 1.4878255128860474 0.19188591837882996
v 0.65812786761983 1.4841196213302539 0.1765555852921008
v 0.69660152841485046 1.4326023431947204 0.20813083294352416
v 0.68995063164305648 1.4316755639896501 0.2338170188066819
v 0.68896993956010943 1.4719951865504368 0.22720040148673401
v 0.71741285829407875 1.4565618711901169 0.3362320758457526
v 0.71685124278453227 1.5067338600110276 0.1855831160926612
v 0.74840041315265093 1.5111053993656183 0.17929314385793907
v 0.7532958961080729 1.4978179412765862 0.21293237219568373
v 0.73911952972412109 1.5132077932357788 0.1894199401140213
v 0.74610843693845341 1.5177990116342575 0.14715437325848196
v 0.76816874742507935 1.384736955165863 0.21371062099933624
v 0.76251967497540296 1.5205518777218008 0.19245664697190742
v 0.7708662748336792 1.5170602798461914 0.24555774033069611
v 0.80020031428970717 1.5673823477286393 0.21306112866086724
v 0.78368947942654366 1.3625159203894357 0.24844727981370893
v 0.79472839832305908 1.3295880556106567 0.24125498533248901
v 0.78795086018819671 1.3798804001172047 0.19347916073755247
v 0.79805336080624156 1.2585381660055563 0.17840060527103177
v 0.79499828815460205 1.3108317852020264 0.21932998299598694
v 0.81483337024988123 1.3300463685606798 0.20743923743377815
v 0.79835633506426518 1.3323465953419695 0.16338585701637875
v 0.79593455791473389 1.548254132270813 0.15130625665187836
v 0.79651282380133215 1.5374175910350483 0.15790632604716415
v 0.81457970259114332 1.351415499322248 0.24017466737987586
v 0.80020332336425781 1.5995639562606812 0.26503026485443115
v 0.79110592603683472 1.5477198362350464 0.21680575609207153
v 0.81161493062973022 1.6427274942398071 0.20584055781364441
v 0.80330288410186768 1.6615951061248779 0.24647355079650879
v 0.77268792632127636 1.7004383782401571 0.24315314826713555
v 0.7518463134765625 1.7080296277999878 0.27860754728317261
v 0.80251663411858132 1.5935473950048451 0.26003854997264536
v 0.76233078510244767 1.6867005125829735 0.31528087832849599
v 0.79254644977891553 1.6623690046306461 0.27222370892171305
v 0.4307599663734436 -0.68894988298416138 -0.34960377216339111
v 0.40711209177970886 -0.67186892032623291 -0.38188093900680542
v 0.43612575531005859 -0.7058948278427124 -0.34584113955497742
v 0.4369252622127533 -0.73861372470855713 -0.37004375457763672
v 0.80162160047554987 1.644366367073085 0.26715290635537031
v 0.78144225321263616 1.655307640689198 0.36022755426949971
v 0.7615087628364563 1.6710906028747559 0.30862325429916382
v 0.80108058925579007 1.6105593498418702 0.31691407404618499
v 0.78468501567840576 1.6157931089401245 0.37390536069869995
v 0.78306466341018677 1.594103991985321 0.35166345536708832
v 0.43938276669169829 -0.68320209907683593 -0.34726458590898973
v 0.45806624505075505 -0.70069472754266371 -0.34031222853095611
v 0.46016854894342557 -0.66350882949340506 -0.34128220342900611
v 0.74465514753358564 1.6789439905648196 0.41684701619023834
v 0.61546027660369873 1.9752477407455444 0.45734822750091553
v 0.76313760876655579 1.6282201409339905 0.41036896407604218
v 0.77986573163030959 1.6220876245368627 0.38186246694915543
v 0.73942055495308612 1.678355566673273 0.40581219680999209
v 0.72854569554328918 1.6233919262886047 0.47485503554344177
v 0.74642674788846919 1.6242025169339269 0.45752520136028108
v 0.74359404961210762 1.5716063418968222 0.45219425001268077
v 0.75404534593577066 1.6475882045098111 0.42772991136340149
v 0.76210576828439613 1.6084021600598502 0.41697579057683254
v 0.77127891778945923 1.5683460235595703 0.38788479566574097
v 0.76248890161514282 1.5704551935195923 0.40440219640731812
v 0.73960440637508573 1.5852315213646719 0.46134836841169891
v 0.74442303410639266 1.6033883747557329 0.44479557052090651
v 0.77772813172005095 1.6063753385322925 0.37388559686866502
v 0.77138197422027588 1.5785930156707764 0.36993739008903503
v 0.77052706480026245 1.5523994565010071 0.3673376739025116
v 0.74130843117693257 1.4966822279766421 0.38522444860746524
v 0.7619347463930658 1.5101596399390476 0.37437800393203985
v 0.75883076411122985 1.5628525291499527 0.40591262765319219
v 0.7527941107076711 1.5144433883050734 0.40338234320041039
v 0.73095393180847168 1.529585599899292 0.43795764446258545
v 0.75761640071868896 1.3355644941329956 0.38979420065879822
v 0.74836432933807373 1.3178707361221313 0.40963238477706909
v 0.77313681672520185 1.2924699817947296 0.40601118532301617
v 0.74609531774778093 1.5073444894061625 0.41682864900134609
v 0.70330644063601377 1.3717511625041692 0.40079993418745202
v 0.7672620415687561 1.3178375959396362 0.35976254940032959
v 0.74805956354867453 1.338489949363415 0.36283904820963353
v 0.77355088793571203 1.3537071503835543 0.30982799737612349
v 0.7901720404624939 1.2863359451293945 0.37089243531227112
v 0.74614737162380906 1.4898499257080031 0.3577723485425417
v 0.74616420269012451 1.3954709768295288 0.30018919706344604
v 0.75868761539459229 1.5026565790176392 0.34369799494743347
v 0.7909815824033013 1.3409266261944097 0.3336766043703181
v 0.77718377113342285 1.3708746433258057 0.31780430674552917
v 0.73948010122618302 1.382018618931325 0.31473077208014655
v 0.78736751023630702 1.2874671049556865 0.32368603317508671
v 0.79079848527908325 1.3323287963867188 0.27807164192199707
v 0.79568731784820557 1.5390499830245972 0.28457647562026978
v 0.77598377901295434 1.5217091001238097 0.28573693920338783
v 0.76084557690840449 1.4959133400205298 0.32360289293693234
v 0.77201956510543823 1.5065357685089111 0.26748970150947571
v 0.76454818248748779 1.3639156818389893 0.26978346705436707
v 0.74254206951198487 1.4769123799106365 0.27924083168432118
v 0.71634032719974183 1.3607512829175044 0.37401191005125978
v 0.72412508726119995 1.4595551490783691 0.35279995203018188
v 0.70403775794987278 1.4516841703141163 0.26963420955967393
v 0.71570557355880737 1.4079660177230835 0.32796278595924377
v 0.77576649188995361 1.2598403692245483 0.32525146007537842
v 0.67404124055803349 1.4163700199496403 0.34486127599369759
v 0.72575301112540569 1.3890167059554819 0.28310950565397358
v 0.67679159959515267 1.4554489673499802 0.26044496687444235
v 0.68891680240631104 1.4179583787918091 0.27699458599090576
v 0.71041707883017657 1.4626486368205072 0.29701057031378603
v 0.73224127292633057 1.4850493669509888 0.30164232850074768
v 0.70986640453338623 1.4719808101654053 0.30773723125457764
v 0.718663683284406 1.4742333855510825 0.40500376585689657
v 0.69858509302139282 1.4484957456588745 0.36328262090682983
v 0.72552394866943359 1.4588526487350464 0.37555617094039917
v 0.73606093240008408 1.47739697618018 0.33515758284654473
v 0.71343117952346802 1.4644875526428223 0.38909220695495605
v 0.70582491159439087 1.4496927261352539 0.33442801237106323
v 0.6828790622702221 1.4667178888983166 0.38290260125124082
v 0.67150303049904869 1.4319138291021523 0.39247492359829095
v 0.66633528470993042 1.4521249532699585 0.24494783580303192
v 0.67171967029571533 1.4297629594802856 0.31306585669517517
v 0.6897114784034607 1.4308304362091593 0.2677980177600171
v 0.70196959318066932 1.4377961698106172 0.30790776438530892
v 0.71003240346908569 1.3924978375434875 0.32810607552528381
v 0.69226114211717671 1.436012353619581 0.32860753487331668
v 0.66744148731231689 1.3938850164413452 0.35562428832054138
v 0.66486316919326782 1.4022257328033447 0.36477372050285339
v 0.6587290896546627 1.4274468624226935 0.39523593107417715
v 0.68543952703475952 1.3705241680145264 0.3932633101940155
v 0.60970097771439713 1.4170183684178004 0.42188507071757142
v 0.65132017096784023 1.4157210213401066 0.39936063266941985
v 0.62929094746856051 1.4317275750597844 0.42010099688217334
v 0.67930960655212402 1.38184654712677 0.41672998666763306
v 0.73710191249847412 1.2774949073791504 0.44232591986656189
v 0.67542994356722652 1.443563074279238 0.42025040500468924
v 0.65073823928833008 1.44692063331604 0.41348713636398315
v 0.6905403984560492 1.440923817017983 0.40781463259586698
v 0.73961087659472624 1.3392803041151236 0.41531608702822614
v 0.74175898575161026 1.3175001325465996 0.44423163864923476
v 0.69773232936859131 1.3399502038955688 0.46035507321357727
v 0.71759480237960815 1.3058657050132751 0.45141854882240295
v 0.69153165817260742 1.3239604234695435 0.49864697456359863
v 0.66943492574856589 1.3006813598012827 0.52306633628770149
v 0.67974679185159881 1.4678329953768983 0.48657541497970525
v 0.64761537847290407 1.4716807034949662 0.51270735642946841
v 0.68392788288248529 1.469864974729576 0.48210306266334962
v 0.72826310992240906 1.4884669184684753 0.40140415728092194
v 0.67238019058868437 1.4539644314660607 0.46646547352858281
v 0.71913463370740582 1.4764242560701653 0.41114461944912001
v 0.71019842603120409 1.4966590275374563 0.45351573732293582
v 0.69539570617745761 1.4863444091859159 0.46413970066165677
v 0.71806280110374499 1.5065008758579423 0.47013744169929905
v 0.70620300562165739 1.6862261371327336 0.46739598949921191
v 0.693209627472128 1.4876611901920251 0.48986338534934032
v 0.71693693165091577 1.5463853570516271 0.4929685470054051
v 0.70161551237106323 1.5154434442520142 0.48392549157142639
v 0.71766960620880127 1.5728050470352173 0.49492421746253967
v 0.66644209660420939 1.5152752545621255 0.53687620533382974
v 0.6569214053069079 1.4898891046059759 0.53375640190883078
v 0.70010327210485546 1.5503724190062962 0.52149233791335514
v 0.71116900796861593 1.6050685398171169 0.50918287915876748
v 0.70165094686051366 1.5628116126309328 0.51072457058782994
v 0.71683806180953979 1.6378681659698486 0.48863807320594788
v 0.72873741388320923 1.6002485752105713 0.50199347734451294
v 0.74703139066696167 1.5965198278427124 0.49139031767845154
v 0.73887934340533801 1.5430958568422009 0.45580366816956808
v 0.7365324734057318 1.651049232579145 0.45584313547872829
v 0.70602773981252753 1.5858594776266077 0.5068619289307561
v 0.69358117497765448 1.6690624322578906 0.49403203530236739
v 0.66699421405792236 1.6890490055084229 0.48733696341514587
v 0.64809799194335938 1.7251230478286743 0.44750964641571045
v 0.54591828584671021 1.8115092515945435 0.42317104339599609
v 0.64447667051064073 1.9825551949142235 0.31418268241460878
v 0.62960329930002634 1.9676204753979316 0.43193884816999589
v 0.71111609422720434 1.7122239128887631 0.37864625141783043
v 0.73278695990315723 1.5642290739190876 0.48436921529993548
v 0.72303494884444119 1.5207798180514418 0.45624809620640483
v 0.72052735090255737 1.5418803691864014 0.48265653848648071
v 0.60531462818547366 1.3914844700934821 0.44638685596347799
v 0.65873073512630431 1.9838192348572776 0.3226203299075614
v 0.661426842212677 1.9616185426712036 0.42003977298736572
v 0.67582875490188599 1.9845447540283203 0.3062913715839386
v 0.62790215015411377 1.9419742822647095 0.39636126160621643
v 0.64757905466580312 1.9544389589595845 0.40180103595375882
v 0.64537039031661869 1.9603116280849435 0.32902142000411339
v 0.66521281003952026 1.9762368202209473 0.42801761627197266
v 0.67875057458877563 1.9712903499603271 0.28237980604171753
v 0.66185367107391357 1.9646893739700317 0.28416164219379425
v 0.67514389753341675 1.9491218328475952 0.26178282499313354
v 0.61368118707477604 1.9753870785389336 0.25745442367411503
v 0.60939061641693115 1.9722069501876831 0.34195378422737122
v 0.6419987678527832 1.9639424085617065 0.2901967465877533
v 0.59826469421386719 1.988800048828125 0.25548660755157471
v 0.5947566032409668 1.9800072908401489 0.27074107527732849
v 0.60519413521869925 1.9520284138386017 0.26121590289853591
v 0.57639855146408081 1.9316359758377075 0.26147058606147766
v 0.55515264210704485 1.9483506493876845 0.29663490371143852
v 0.56373685598373413 1.9471157789230347 0.33494856953620911
v 0.58943283557891846 1.9103859663009644 0.32447892427444458
v 0.56254279613494873 1.9273809194564819 0.30754223465919495
v 0.59245073795318604 1.9829726219177246 0.39797574281692505
v 0.5967072578713486 1.906527469519804 0.42290551618547906
v 0.65230280160903931 1.9718238115310669 0.49667775630950928
v 0.61348749775765099 1.9750442488077926 0.48208477319333098
v 0.59971490933468941 1.9353864652145278 0.45551622030384953
v 0.60813325748573133 1.9752025870443244 0.42337517003693387
v 0.58677071332931519 1.903181791305542 0.43337041139602661
v 0.63791836985184147 1.9516664162202562 0.43411428566171473
v 0.59020046944353777 1.9648789696519569 0.47740210587207582
v 0.63286363531569489 1.9617226018781306 0.40008140677092613
v 0.64016880249487296 1.9702694365098106 0.3846425769314214
v 0.59927517175674438 1.9156922101974487 0.40498051047325134
v 0.62285832610087843 1.9320802468033467 0.39099730714462694
v 0.56749729521554337 1.899430763043138 0.41076834676401391
v 0.5785834084988789 1.8727607046443293 0.45298179311312448
v 0.52259320287916322 1.8550634720658263 0.37943839015761982
v 0.57758247879214486 1.9086815642006867 0.38445192229335151
v 0.5235026478767395 1.8721774816513062 0.29386979341506958
v 0.5327636411142217 1.9103858728062477 0.25701025232918367
v 0.57878196239471436 1.8778331279754639 0.32556918263435364
v 0.5754539966583252 1.9021165370941162 0.32796329259872437
v 0.53282122534299714 1.88855930511308 0.36048858975665798
v 0.54763165992001817 1.9041324285041563 0.33079870208392415
v 0.60608120955297629 1.9068231354508915 0.28516738496364619
v 0.55028647184371948 1.877348780632019 0.28004270792007446
v 0.61149636983194366 1.8961446157141109 0.30170146185818436
v 0.60117012020071792 1.9217192160198771 0.28255824358702258
v 0.59453710375589885 1.8787058321629349 0.32134874204774061
v 0.42237284779548645 -0.79593455791473389 -0.34380432963371277
v 0.53543084859848022 1.8870826959609985 0.33850154280662537
v 0.59107530117034912 1.4514315128326416 0.42183440923690796
v 0.62665367989397414 1.4318071209622278 0.44982616317184698
v 0.59689546768480506 1.4239215616143508 0.45809214975869889
v 0.58893337860837913 1.4139391454720278 0.42108747767072519
v 0.57353522530359102 1.4530107000885593 0.39842334807612562
v 0.55539881427265536 1.4540397449430411 0.43088727235818425
v 0.63182193040847778 1.7594329118728638 0.40801745653152466
v 0.54189012216122523 1.4065660171028012 0.47752064026490554
v 0.52170066235438228 1.8108971203004058 0.50585145667094167
v 0.56871742582435547 1.4381607734491209 0.45915463244463095
v 0.52520591916087356 1.8217555000940351 0.4481327374978199
v 0.55537227818444734 1.9005007569842478 0.36574034387626714
v 0.53093397617340088 1.8783888816833496 0.42891073226928711
v 0.55365478992462158 1.8523964881896973 0.48511344194412231
v 0.5796160954352001 1.8121374748175552 0.34708956401361901
v 0.53321844339370728 1.8692086935043335 0.41286537051200867
v 0.6007048487663269 1.8877606391906738 0.28047576546669006
v 0.55818270610257792 1.8546051528227661 0.2504455582666586
v 0.55520987510681152 1.850822925567627 0.27625998854637146
v 0.50957071781158447 1.9156583547592163 0.22609271109104156
v 0.50943723370616745 1.8855307611863874 0.31073024611982691
v 0.53112751245498657 1.8559812307357788 0.32776781916618347
v 0.53869110345840454 1.8873341083526611 0.38673797249794006
v 0.50918455823078757 1.8680307269760572 0.42374890761769857
v 0.54258755114445478 1.8567698423786838 0.351562099560848
v 0.50376131097215604 1.8396370564626652 0.46633360867974455
v 0.52031050735668471 1.842105483431751 0.39834774600530276
v 0.51423472166061401 1.8204817771911621 0.47375872731208801
v 0.35703841583384949 1.7710783946909634 0.5472763278980487
v 0.27479406712334686 1.8456353101798297 0.50970778318489252
v 0.53075768739253948 1.9116609666276068 0.39617844192116602
v 0.52671229839324951 1.9114984273910522 0.35187342762947083
v 0.24793087649747242 1.8393067119713831 0.51641568196645038
v 0.2745077466050338 1.8648320380346333 0.53623386028359388
v 0.30139745233419896 1.86129371788 0.51305415738523608
v 0.32684807696548329 1.8359193031783716 0.52719255023918599
v 0.31675624847412109 1.976401686668396 0.56103110313415527
v 0.40969300028902961 1.9540084232432295 0.56241755972224439
v 0.23781149940608992 1.8039454355600077 0.50093409842575498
v 0.30900949239730835 1.8072288036346436 0.52106648683547974
v 0.31455654306355296 1.8262496840847326 0.51875916582135984
v 0.24980827237076211 1.8214929867125902 0.49793652380632497
v 0.23888782296456729 1.7765581564635728 0.49923939034804271
v 0.20839987440545479 1.7885650734673759 0.49366001182976432
v 0.23336518802142778 1.3402938838856866 0.52668802146987892
v 0.35069413175237218 1.3835655408845862 0.53083692312128816
v 0.27727705240249634 1.3622956275939941 0.52902531623840332
v 0.37174468636353847 1.3524742204761879 0.54237374694793927
v 0.52109577975655119 1.4097100524511679 0.52227484042060113
v 0.44131529331207275 1.37232506275177 0.51164126396179199
v 0.42333439418339086 1.3745456973711305 0.52850333861657839
v 0.49926197077378798 1.8559480162353432 0.51382841082485131
v 0.36168870329856873 1.8124186992645264 0.540149986743927
v 0.30741496746319841 1.8564682510004664 0.54141702408903958
v 0.5407657060603035 1.424857936315707 0.51801791665294561
v 0.50450544806119313 1.4155975548608792 0.54480679940754606
v 0.35049896991494561 1.7980258271373906 0.53024397579100224
v 0.5981969391099603 1.4276597564509133 0.49046014620413841
v 0.56564498750221159 1.4211766512370174 0.48597935779121082
v 0.53488117672981195 1.4191631876536233 0.49807106327415851
v 0.5296508685215382 1.4060253222493666 0.49947909130973694
v 0.53889819750099199 1.3898737525053779 0.49697707455727452
v 0.57747197151184082 1.3804214000701904 0.47580978274345398
v 0.48449623590543278 1.359151995961897 0.53156441119956488
v 0.49131132128177479 1.3906783046675126 0.52748114841247629
v 0.51229773296572623 1.4027289282792212 0.50930684669832527
v 0.56998482187966981 1.4280166616761054 0.52802950685853334
v 0.46903692620110105 1.3213945262208595 0.55279094606920398
v 0.62512737512588501 1.2469573020935059 0.54288947582244873
v 0.57711517810821533 1.436825156211853 0.49736121296882629
v 0.64721728799609923 1.4515363561546371 0.49126806462099715
v 0.61033613813034282 1.4378551908685757 0.50507417529387932
v 0.65225977045520689 1.6593929689308258 0.51602387151020679
v 0.50651448965072632 1.8089612722396851 0.5162329375743866
v 0.58676741055881732 1.6938406733820648 0.53579027258195833
v 0.61273258924484253 1.9476191997528076 0.53996527194976807
v 0.49971318244934082 1.7736653089523315 0.50321632623672485
v 0.50220579063744331 1.8003829690639723 0.44964905510851361
v 0.64173205767558716 1.6857180493782191 0.49240901626922357
v 0.53427678346633911 1.8362488746643066 0.50422728061676025
v 0.52904082210921399 1.8470578942318783 0.49018333885671156
v 0.56988554219314946 1.88422304639398 0.48475681858893138
v 0.58943581581115723 1.9811131954193115 0.48473423719406128
v 0.51125844378968721 1.8898380326894781 0.53232461953816668
v 0.54871293870790283 1.8909531461120022 0.50170879513104649
v 0.48836271864985831 1.9333465890273649 0.58947980077110973
v 0.49018255212570222 1.884529171766828 0.56243925542449957
v 0.55248349905014038 1.9681761264801025 0.52963089942932129
v 0.38891738653182983 1.9716600179672241 0.54986667633056641
v 0.36260500550270081 1.972622275352478 0.58973652124404907
v 0.35595444030661866 1.987073829143488 0.60455915839713559
v 0.36641570925712585 1.983608603477478 0.52614784240722656
v 0.35369933649446189 1.9472316103574774 0.54293814511344562
v 0.29069331288337708 1.9021083116531372 0.57366830110549927
v 0.35767859220504761 1.9916566610336304 0.57511210441589355
v 0.3034023642539978 1.9854909181594849 0.60220527648925781
v 0.3951198762816952 1.9824611921594144 0.61248900212467394
v 0.41117122769355774 1.950175404548645 0.60427999496459961
v 0.38677199381225963 1.9889985426903067 0.55706944684271809
v 0.42278410335478822 1.8962247168631186 0.54451584849420853
v 0.44126471957497237 1.9434735103509384 0.56332486612248578
v 0.47910311818122864 1.9659136533737183 0.58678907155990601
v 0.39760634303092957 1.7351897954940796 0.62953460216522217
v 0.42326673865318298 1.7711942195892334 0.56578004360198975
v 0.39775371551513672 1.8094344735145569 0.53543847799301147
v 0.34089176349197986 1.8542007950733872 0.54485565121560497
v 0.35100271880977713 1.8420937923253562 0.54640236458769542
v 0.3208177936194056 1.8816877893058086 0.53913735946040919
v 0.32668009400367737 1.8176608085632324 0.53585368394851685
v 0.36580094382857137 1.770395345014165 0.55531144012283518
v 0.44327209768033976 1.8307236762933798 0.52865103174463102
v 0.39578363944683703 1.3918155585771033 0.56505168541589745
v 0.33193235019588385 1.4096703915635627 0.62180961903022647
v 0.39114014804363251 1.4207943677902222 0.60719186067581177
v 0.37574726343154907 1.7176170349121094 0.62115323543548584
v 0.38990748589386953 1.4245600304149435 0.62395905167651522
v 0.3112383705783166 1.4283924557301562 0.64086628437576432
v 0.37659374801318241 1.3020942609117672 0.60681682460865671
v 0.40695738792419434 1.2967411279678345 0.60133552551269531
v 0.41568467020988464 1.3416930437088013 0.55379295349121094
v 0.37725792747724435 1.3936308036177392 0.56817350405776157
v 0.42317664623260498 1.402397096157074 0.57427433133125305
v 0.32054771355277967 1.352871294807092 0.55134117249145231
v 0.27642567950743169 1.3566173570734175 0.55961702553109549
v 0.44802770018577576 1.3061206340789795 0.60995191335678101
v 0.33190102128044546 1.4020724832632936 0.59933263385214508
v 0.3404504805803299 1.4035662412643433 0.58415311574935913
v 0.34944997020824453 1.7221892774381329 0.61598240470018617
v 0.30871853232383728 1.3993358612060547 0.5922425389289856
v 0.31106916650868177 1.4082178284397666 0.62084084231582515
v 0.30878453967008423 1.4093067256777962 0.63043467385811047
v 0.27167320251464844 1.300110399723053 0.60667148232460022
v 0.27210008362311988 1.4454480979472637 0.65753976032510852
v 0.27053923694674958 1.3865260173185452 0.57408859422642333
v 0.32027597697962917 1.3626676158536246 0.55068375226711508
v 0.27582418918609619 1.3251175880432129 0.55011671781539917
v 0.2729439990494345 1.3966970572596593 0.5923818363772243
v 0.25758972764015198 1.4042555093765259 0.58991479873657227
v 0.25333525053471451 1.4026104702983586 0.59176047357773764
v 0.23374685645103455 1.873560905456543 0.55643367767333984
v 0.29740451958575376 1.8826825053557676 0.5432982388312837
v 0.28738325834274292 1.9311635494232178 0.5689626932144165
v 0.30251359939575195 1.9984763860702515 0.57413524389266968
v 0.45217156659116226 -0.8025420834834599 -0.31737760699902939
v 0.25408414372451393 1.4196760997590412 0.61532015108945393
v 0.24133044481277466 1.5405780076980591 0.67875587940216064
v 0.27355727306898719 1.5590312363395369 0.69580624247663603
v 0.2784048318862915 1.5986016988754272 0.70809876918792725
v 0.29317991433016921 1.5256278845800526 0.68990988777634354
v 0.27613509674111686 1.5556716305843288 0.69982588129885537
v 0.30740305781364441 1.5450831651687622 0.69927871227264404
v 0.25958849919787819 1.614514850201896 0.72656742315577938
v 0.24090520292520523 1.5866657495498657 0.68722528219223022
v 0.24954462492497326 1.4460860439709937 0.66273124491919877
v 0.24831461221064099 1.5042148271521381 0.69077026427149435
v 0.36039820313453674 1.4755212068557739 0.67050641775131226
v 0.35471497673498864 1.4779563846064234 0.67592707983940781
v 0.40025591850280762 1.4400054216384888 0.64689469337463379
v 0.36746378242969513 1.4525313973426819 0.66696786880493164
v 0.34109952404787536 1.5069467170223021 0.68622563915078627
v 0.39738833381960265 1.510829599986353 0.69175908733923708
v 0.32299550604155719 1.5341859734155321 0.71130049481851787
v 0.38058373332023621 1.575297474861145 0.71399784088134766
v 0.39203530550003052 1.9868953227996826 0.64492142200469971
v 0.40001870055154376 1.9366293019720042 0.62545606783181407
v 0.3669726550579071 1.7198116779327393 0.66465288400650024
v 0.3439038097858429 1.6676013469696045 0.70778119564056396
v 0.42994517167279156 1.6275215196301449 0.70621919900938701
v 0.42739206552505493 1.7107851505279541 0.65281599760055542
v 0.45429815827209619 1.5317095639818474 0.6808494440271865
v 0.48910085727312924 1.601083287690652 0.68713551977915788
v 0.5283469557762146 1.6122585535049438 0.66312330961227417
v 0.51612183561064751 1.5840972338375081 0.67348588138749799
v 0.49487873911857605 1.6929678916931152 0.66158050298690796
v 0.47589736914593844 1.6368327754018546 0.68862694205602437
v 0.51924233453022361 1.6481380509504018 0.653292375047408
v 0.47407234582358287 1.6593113289782455 0.65592849846021695
v 0.54058361229240859 1.6000987620540235 0.66381490806936949
v 0.54172176122665405 1.5329475402832031 0.64261215925216675
v 0.56237131284705177 1.5937751913018292 0.66367672519627297
v 0.5509798526763916 1.5729079246520996 0.64865785837173462
v 0.58583182272372891 1.6025330372307443 0.64299255600325678
v 0.56962072849273682 1.6453382968902588 0.63754862546920776
v 0.62698781490325928 1.6492527723312378 0.6204262375831604
v 0.57157343788912285 1.557337108174996 0.62644391752084916
v 0.59641864587292126 1.5694869839926158 0.63286120981524452
v 0.61266804025881194 1.5220641903405201 0.5996190747511555
v 0.54243421733267994 1.5503500764282019 0.64195288616869073
v 0.53272134065628052 1.5050621032714844 0.64182579517364502
v 0.57101359075319058 1.6814404243103118 0.63696936782185909
v 0.60045608878135681 1.5483478903770447 0.60759598016738892
v 0.61876392364501953 1.6304751634597778 0.60654610395431519
v 0.62656795978546143 1.6512476205825806 0.58843821287155151
v 0.62307954846544455 1.5709882570431588 0.60290436219849108
v 0.61009144340994037 1.6032245154561651 0.62200989718816846
v 0.65809946848719858 1.5202042289076541 0.57172805828600037
v 0.64255660772323608 1.5087308883666992 0.57959860563278198
v 0.68060465147659333 1.5095770169068854 0.52019416615476266
v 0.63503586818808844 1.5414260470067902 0.58329760861431734
v 0.66561671947798795 1.5490154960085651 0.56591814896523351
v 0.60954159498214722 1.5389524698257446 0.59414213895797729
v 0.6776924093592237 1.6131528950609917 0.56790408211434285
v 0.63197380304336548 1.9678258895874023 0.54265165328979492
v 0.48684981465339661 1.9657588005065918 0.60330706834793091
v 0.48486559539115537 1.8832559476695168 0.54399993838026928
v 0.47257328014384814 1.9065941374917166 0.55384907052746024
v 0.47903299331665039 1.9062519073486328 0.56825298070907593
v 0.44289067387580872 1.8728985786437988 0.54302352666854858
v 0.47524658732671959 1.8575031732698237 0.53175337052537819
v 0.42015224073091056 1.8596560802745372 0.55772415077967341
v 0.44421321153640747 1.925778865814209 0.55424225330352783
v 0.48280897736549377 1.9554879665374756 0.57122361660003662
v 0.58299968192644247 1.7018101548533739 0.55251024382027514
v 0.42536967405142884 1.8507285055532245 0.53713882761928866
v 0.46826999126822993 1.8447795470251058 0.53631500126826515
v 0.45504369246064741 1.7887609514695479 0.5283820207060288
v 0.49289780855178833 1.7712148427963257 0.55005490779876709
v 0.5350898802280426 1.7297949194908142 0.60371246933937073
v 0.49181699752807617 1.3457194566726685 0.55572575330734253
v 0.46988533442315605 1.4059346582547871 0.58453038076382957
v 0.50253379344940186 1.4286549091339111 0.58655714988708496
v 0.50911412763562758 1.4258656993443539 0.57487975191958385
v 0.46835720539093018 1.4219982624053955 0.59169101715087891
v 0.44129373003062949 1.4204741010844537 0.5919432466476624
v 0.45461122691631317 1.4022025465965271 0.57019451260566711
v 0.51684178826454563 1.4362172576358827 0.58374825296660782
v 0.52150291204452515 1.3360521793365479 0.57502257823944092
v 0.52270507865547122 1.3072713904488977 0.59915257001055544
v 0.41637077927589417 1.4040526151657104 0.58658432960510254
v 0.44926553964614868 1.3787879943847656 0.53436830639839172
v 0.41896496608575945 1.4023392437508719 0.54092120227168927
v 0.60161061993560205 1.4600739549842068 0.55433653594325694
v 0.60917673876963119 1.2363170448741403 0.56616582182754827
v 0.59994721412658691 1.504265308380127 0.60726428031921387
v 0.62610830394153083 1.4990978203644609 0.58086886025242668
v 0.57226099913826645 1.4905648846177457 0.61359688857360384
v 0.53574730561829853 1.459555802847198 0.61198229142842964
v 0.48345648340457154 1.3013156614175692 0.60986369096811077
v 0.47809471942289827 1.4580469113686982 0.64480351906636546
v 0.51060977587551537 1.4442811960511717 0.60156833664700715
v 0.51327545066089575 1.447848671386744 0.62718654818281827
v 0.48624776652007984 1.449243408253363 0.61697212023160419
v 0.52057591869775166 1.4847212064790936 0.64063821674827948
v 0.47241090595872126 1.5177341378253044 0.66893788248911312
v 0.44469456794907669 1.438602547254894 0.64555849117849928
v 0.45430509746074677 1.4419780969619751 0.63437452912330627
v 0.46302534763745079 1.4355432350274475 0.62175690994304378
v 0.46197054936735465 1.4983395576051399 0.66195284570993951
v 0.4491792619228363 1.4941210746765137 0.66292667388916016
v 0.41233620685240713 1.4289483070179649 0.62501956905245526
v 0.41971194119065247 1.4474040626967972 0.66235306071627631
v 0.42530089501104634 1.2340343978493942 0.65249821409527076
v 0.3979855000144577 1.2406158335750221 0.65007896810061794
v 0.36382299661636353 1.2251123189926147 0.64695334434509277
v 0.39493333482288334 1.2796865545761205 0.64076539311942315
v 0.4499097052360147 1.2823197013312611 0.62836923843257642
v 0.43991118669509888 1.2936973571777344 0.57487010955810547
v 0.46035958558776557 1.1766459436622785 0.6186601496807812
v 0.43356825085000178 1.145451862839084 0.60178734329511485
v 0.47020581364631653 1.1458888053894043 0.60410749912261963
v 0.50150710344314575 0.76525133848190308 0.54957962036132812
v 0.51252716779708862 1.1711105108261108 0.5896446704864502
v 0.48891524970531464 1.1113011240959167 0.56392726302146912
v 0.47405372130043283 1.2090690511741666 0.62874331576203057
v 0.47239604732672291 1.22905558463165 0.63921935803778163
v 0.48934759449684029 1.2193350347379479 0.62792899750048625
v 0.56249726275598777 1.2083567139897351 0.5937770151349987
v 0.58543688058853149 1.2539733648300171 0.5924001932144165
v 0.52619885442542791 1.2206180519879162 0.6100772394585493
v 0.5593127209094364 1.2375822963735827 0.60175047908948931
v 0.59604198401428987 1.2419997361366595 0.59002775670402463
v 0.52759712934494019 1.2302738428115845 0.62081408500671387
v 0.58940882655022253 1.2939782747517536 0.57370264705309992
v 0.56354202301411926 1.3452313917385983 0.5319218137388213
v 0.58366801111224653 1.2207458328025194 0.58932804272987871
v 0.61271411180496216 1.2466492652893066 0.53055191040039062
v 0.63324311117892662 1.2240913681234153 0.54094880438650528
v 0.62477362155914307 1.2261236906051636 0.51004278659820557
v 0.64726841449737549 1.2104270458221436 0.51160770654678345
v 0.6719616247258664 1.2365772273352791 0.50845800945564223
v 0.68230659801145432 1.2634348063714902 0.50387467416335885
v 0.71855425834655762 1.2712855339050293 0.47076255083084106
v 0.70111521128427612 1.2722826229859139 0.48159789712719148
v 0.65729331970214844 1.2263740301132202 0.50336122512817383
v 0.66708760293818858 1.2485497657203128 0.51091309380450589
v 0.63784247636795044 1.2496520280838013 0.51449966430664062
v 0.60208382362684798 1.1648373835878385 0.51843918260717559
v 0.59861594457058498 1.1404939354620192 0.50010360773672491
v 0.62419617176055908 1.1783460378646851 0.48767322301864624
v 0.66508295226391412 1.1979968161527792 0.47696195676554837
v 0.59074920155664723 1.1966969703240247 0.56216293380917304
v 0.58270794301895712 1.161937393273158 0.54728624244345037
v 0.58340867331656665 1.1872490435879846 0.56538551073988341
v 0.56359569934257447 1.1694836557203618 0.56259560654827212
v 0.58578194382013249 1.1500897150139948 0.52519501344854147
v 0.59959500741288574 1.1315001834159037 0.49387952965992671
v 0.52527074321954492 1.0540730522852326 0.4703221950087968
v 0.48660720515093231 1.0451289796826755 0.51789465079904129
v 0.40774625539779663 1.0297631025314331 0.53040194511413574
v 0.36133241653442383 0.87017488479614258 0.50209444761276245
v 0.40861108899116516 0.89656645059585571 0.50970464944839478
v 0.49294407461769985 1.0518494069189046 0.52341157782565717
v 0.53466327189346841 0.82138857888247674 0.53487859202086052
v 0.54207844678999617 0.73004812531131846 0.51678998016379385
v 0.53172496830636362 0.75490271512679774 0.52115805747564536
v 0.55296766757965088 0.71173697710037231 0.50712007284164429
v 0.55543282160850171 0.74958339456148415 0.50661314752843067
v 0.58457539111701684 0.76418801672057024 0.50604876820740186
v 0.53851386484146813 1.0907721485265318 0.51793160148950568
v 0.56270390299877693 0.85048826649212128 0.51740407586391746
v 0.55595763948336741 1.1026600229369774 0.51056975996337695
v 0.57638579607009888 1.0979322195053101 0.47914555668830872
v 0.56642340147100867 0.78533686211683684 0.51558479759698417
v 0.59975723004489312 0.77505868641291253 0.5049532328257138
v 0.60512803039198904 0.71725843654753541 0.48212346446223836
v 0.57126856795710435 0.7681873545149811 0.51283443512301785
v 0.57118291077545758 0.82593549946798372 0.51481158243523972
v 0.62176392742407705 0.86587041123086794 0.46795328223598948
v 0.54481594651786402 1.0891009715630733 0.49968668562932672
v 0.53970996429449669 1.0813462054309109 0.48908050052713758
v 0.48843637108802795 0.71949005126953125 0.53559905290603638
v 0.51762625946825935 0.70585755975573783 0.50809142444975253
v 0.49617055058479309 0.81081116199493408 0.54313021898269653
v 0.49124703773678458 1.0871101561822787 0.54942831918860857
v 0.52286917488488416 1.1104843306172654 0.54033118749818732
v 0.52676969766616821 0.7458156943321228 0.52752315998077393
v 0.49161615967750549 1.1273018717765808 0.57445287704467773
v 0.44328533574971762 0.7941702076129965 0.55969923549870004
v 0.44223430935907798 0.73581813142455565 0.55772777295420806
v 0.45064772665500641 0.86291655898094177 0.54627633094787598
v 0.44063942907348264 1.046721810226207 0.5296703186699433
v 0.42152973451858877 0.76250106968500475 0.56183019902994846
v 0.4080464243888855 1.1041659712791443 0.593372642993927
v 0.41403551738806094 1.0555606347147315 0.55419168225798154
v 0.4188980758190155 0.83439809083938599 0.54386371374130249
v 0.41075065732002258 0.72128230333328247 0.56536436080932617
v 0.42855988005707563 0.72608391600380373 0.55503911150067409
v 0.34486093487289166 1.0453604100830174 0.56258481812709416
v 0.39802461403356654 0.7896433318275401 0.56568951294824288
v 0.40028101205825806 1.0642024278640747 0.56693786382675171
v 0.27037972211837769 1.1498979330062866 0.64263063669204712
v 0.32530450820922852 1.136685848236084 0.62789207696914673
v 0.32956399023532867 1.0844882130622864 0.59625250101089478
v 0.33516518474344209 1.0562754955536096 0.57533210039113869
v 0.35369317676668088 1.0503251725429039 0.57142066093328348
v 0.3253204796434338 1.054066159080731 0.57880445651455026
v 0.30626553297042847 1.0432243347167969 0.56936109066009521
v 0.40475764870643616 0.75789725780487061 0.57704442739486694
v 0.37376405154813813 1.1002186420558353 0.60069435649535685
v 0.36633238449189931 0.78113445620826993 0.57250094665556439
v 0.33004150694924694 1.1037537919694831 0.61225959402709784
v 0.29745402932167053 1.0989775657653809 0.61298584938049316
v 0.37770870327949524 1.1205708980560303 0.59771239757537842
v 0.32944133877754211 1.1314058303833008 0.6214594841003418
v 0.35184374451637268 1.1644706726074219 0.63618731498718262
v 0.36796218718801893 1.1552144707188223 0.63193394416861626
v 0.37647474663113839 1.1600393806755522 0.63073985968214308
v 0.34572610259056091 1.2181602716445923 0.65401721000671387
v 0.38405538039481352 1.1677550659810534 0.63625846300131916
v 0.3772483766078949 1.295007586479187 0.62119722366333008
v 0.3511512279510498 1.2620866298675537 0.62748986482620239
v 0.3833531180074839 1.2008462136677831 0.64690405154956188
v 0.30695515871047974 1.2544660568237305 0.63862127065658569
v 0.34652888774871826 1.2789090871810913 0.63393092155456543
v 0.31271296739578247 1.2759788036346436 0.63893115520477295
v 0.31336919979839351 1.2264058686391013 0.65304861771306921
v 0.33225727081298828 1.2641682624816895 0.6326674222946167
v 0.33284920619237568 1.2495139202249994 0.63257275316011652
v 0.33086867871000863 1.2780900342590484 0.63284214533499117
v 0.33083635568618774 1.243896484375 0.62899798154830933
v 0.28592079877853394 1.1816422939300537 0.65992313623428345
v 0.32304021716117859 1.1853330135345459 0.66470634937286377
v 0.28273540631838251 1.1498581257821363 0.65422439155087497
v 0.31781458871615403 1.1420653551793118 0.62918852324630326
v 0.30548769235610962 1.2699877023696899 0.63517719507217407
v 0.28518083691596985 1.2810831069946289 0.63509851694107056
v 0.28916046023368835 1.2668471336364746 0.63619691133499146
v 0.29222594220809206 1.2503821068773913 0.64298151751498911
v 0.2908872663974762 1.2612903118133545 0.6440005898475647
v 0.30063449323869051 1.2197789229072975 0.655193277233723
v 0.23525694012641907 1.2160409688949585 0.63924974203109741
v 0.24263048438417475 1.2555284704209206 0.63340511252143905
v 0.23006424214196713 1.2390680423743174 0.62419254987036266
v 0.24718295037746429 1.1418445110321045 0.63340067863464355
v 0.25330859422683716 1.1636836528778076 0.63205039501190186
v 0.26708272032276004 1.105843622569638 0.61232779679390847
v 0.29343405365943909 1.1301406621932983 0.62646943330764771
v 0.26522693037986755 1.0803091526031494 0.60224533081054688
v 0.30670493841171265 1.0593178272247314 0.58617579936981201
v 0.26804432272911072 1.120497465133667 0.61785268783569336
v 0.27575984597206116 1.0969727039337158 0.60197687149047852
v 0.29052510866785863 1.1179168182967958 0.61144694292206492
v 0.32771030068397522 1.1182559728622437 0.62208318710327148
v 0.2638700008392334 0.73728764057159424 0.57447057962417603
v 0.3010212165489396 1.0620234559937924 0.58372320134373545
v 0.24618664364908249 1.0608772784951703 0.58868787567655301
v 0.27826729416847229 1.0317319631576538 0.56661862134933472
v 0.25562238693237305 0.76941674947738647 0.56168538331985474
v 0.25805094838142395 0.85485804080963135 0.51155096292495728
v 0.27770838141441345 0.78604435920715332 0.56807488203048706
v 0.25129309296607971 0.74916219711303711 0.5654023289680481
v 0.24001772083729864 0.77143856779365472 0.56534668281326816
v 0.27518326044082642 0.77432745695114136 0.57184016704559326
v 0.27169096667251519 0.75369627525650484 0.56535122801891013
v 0.31670933961868286 0.7329375147819519 0.57404929399490356
v 0.30013653635978699 0.74537742137908936 0.57860630750656128
v 0.30167666077613831 0.80485624074935913 0.56369709968566895
v 0.27837321162223816 0.85171419382095337 0.52555221319198608
v 0.25672623545193196 0.8458211389814464 0.52272429454355684
v 0.2794246908194441 0.89630828948987384 0.45796677569637195
v 0.24788545115647201 0.82892057033017241 0.54425603858267269
v 0.23084352738681935 0.80960068067539148 0.55161375030994975
v 0.25769822982129148 0.69459823170298118 0.56255159364527241
v 0.22556358575820923 0.83889394998550415 0.52802842855453491
v 0.24220435321331024 0.94696098566055298 0.46381139755249023
v 0.24220585627221822 1.0107688307994824 0.54001675618696032
v 0.24548428084313234 1.0283340626031787 0.55614180246557188
v 0.26446869969367981 1.0193427801132202 0.55202686786651611
v 0.29985583597175852 1.0216021069481185 0.54677726547505012
v 0.32503339648246765 0.8324781060218811 0.54810774326324463
v 0.29092231392860413 0.99330967664718628 0.52059608697891235
v 0.31913123186814601 1.0166627595166986 0.53998533191464437
v 0.2938881303177977 0.98701374858861912 0.50407445909562087
v 0.3276803195476532 0.98816001415252686 0.49684923887252808
v 0.35432302951812744 0.98311746120452881 0.49055191874504089
v 0.38340473175048828 0.88845634460449219 0.47576311230659485
v 0.36383128519638314 1.0172392240190691 0.52622967533611587
v 0.35372455781622864 1.0348894230629688 0.5477225452824972
v 0.31969047710825971 1.0210897313066005 0.53742298436513536
v 0.39130757781348335 1.0454785182775495 0.56160083603288768
v 0.36909887194633484 1.0315299034118652 0.54770994186401367
v 0.41953009366989136 1.0277512073516846 0.50809842348098755
v 0.37191188907538503 1.0252181586755551 0.53799921284012331
v 0.39296033978462219 1.0169854164123535 0.52951079607009888
v 0.38344528481055751 0.99776412915950441 0.49829407335629006
v 0.41074942944496806 0.86934043264579286 0.53522072180470193
v 0.39383909106254578 0.83937489986419678 0.5476219654083252
v 0.35122346539749588 0.83010319510135122 0.55432862597640797
v 0.40756261348724365 0.99457204341888428 0.47849375009536743
v 0.34496030298904268 0.85431413569515458 0.53962578608059619
v 0.33410444314494936 0.81416225732055514 0.55907859087633638
v 0.32641652226448059 0.82044517993927002 0.55026477575302124
v 0.34502115845680237 0.82508933544158936 0.54968249797821045
v 0.33388347879197533 0.85624494190540301 0.5295977730574708
v 0.35258425748980249 0.73405264995263653 0.56849562251969987
v 0.32728829979896545 0.78466624021530151 0.56383216381072998
v 0.4048255980014801 0.71018064022064209 0.56925362348556519
v 0.63214554931663836 0.749279924936741 0.47683920124287987
v 0.66116419516950875 0.75467501531833348 0.44641781390650292
v 0.63922607898712158 0.82543516159057617 0.47550350427627563
v 0.61561552433686495 0.72516352692499753 0.46996556908410164
v 0.57377219200134277 0.70033460855484009 0.48960000276565552
v 0.58773897847673173 0.71227519131056727 0.48762758399103057
v 0.65272027254104614 0.73183411359786987 0.44326323270797729
v 0.66519957780838013 0.80229312181472778 0.45392304658889771
v 0.65372792270859226 0.79599904353984752 0.4526030971838077
v 0.67034715414047241 0.81366211175918579 0.43832516670227051
v 0.62871664762496948 0.86490225791931152 0.46388170123100281
v 0.63105568402295509 0.84555725796721215 0.47046394400184655
v 0.58555263121074419 0.87375201240087363 0.4807965920051
v 0.64116579294204712 0.82180756330490112 0.46371003985404968
v 0.64212816953659058 0.88348853588104248 0.45761913061141968
v 0.61143803596496582 0.89288020133972168 0.4558379054069519
v 0.61781179904937744 0.84851139783859253 0.48255941271781921
v 0.63102042675018311 0.78777188062667847 0.48472180962562561
v 0.58057276374215661 1.0872331815845317 0.43916368437292286
v 0.63899326984265947 1.1268178904771584 0.4411186080641506
v 0.62496524530921671 1.1829141402708434 0.5161897905044398
v 0.65941855609058853 1.1519583003459422 0.45434587931539433
v 0.65344035625457764 1.1693339347839355 0.46941351890563965
v 0.54887062311172485 1.0835907459259033 0.48290425539016724
v 0.53807801008224487 1.0714199542999268 0.48377445340156555
v 0.52466028928756714 1.0622315406799316 0.49342715740203857
v 0.53584486246109009 0.92501723766326904 0.44909217953681946
v 0.56353679208684415 0.93073044975430352 0.43019576542115234
v 0.52397948503494263 0.91342449188232422 0.45774823427200317
v 0.53995411716498687 1.0718483487069281 0.47009544232642758
v 0.46794936595762238 1.0115208877027067 0.47164077303189234
v 0.39666577684403947 0.98804048503213349 0.47159289156139023
v 0.50388360023498535 1.0232930183410645 0.44878256320953369
v 0.52135938445937224 1.0620153382195858 0.47768048088848186
v 0.32047853654925651 0.96733396061963983 0.46862174786277572
v 0.40117216110229492 0.97778880596160889 0.44816780090332031
v 0.34708435446620323 0.97965532815364198 0.46030516048888487
v 0.36530348658561707 0.97430413961410522 0.45912227034568787
v 0.41422017868779598 0.98367826494729926 0.44568853338503056
v 0.37906935346088616 0.98121361835152687 0.47867329765046907
v 0.34019994735717773 0.97486025094985962 0.48040211200714111
v 0.33180791139602661 0.98325753211975098 0.47820204496383667
v 0.35791072249412537 0.97697246074676514 0.48152646422386169
v 0.32360699772834778 0.9745781421661377 0.48182868957519531
v 0.25213891267776489 0.96353912353515625 0.48078718781471252
v 0.21898984419643922 0.9651544209895444 0.48310429444697395
v 0.29911542419136261 0.90581288008948513 0.45128672262319119
v 0.2707844078540802 0.88983678817749023 0.46505069732666016
v 0.2551008564454238 0.90490402551171101 0.44773603046803373
v 0.42068055272102356 0.92250311374664307 0.47486156225204468
v 0.44555032253265381 0.93415325880050659 0.44728332757949829
v 0.5227194981303579 0.87893367445035941 0.49373480410980336
v 0.41530680656433105 0.89669013023376465 0.46173152327537537
v 0.34086242318153381 0.95810234546661377 0.44277903437614441
v 0.39150097966194153 0.92355310916900635 0.44238924980163574
v 0.30923002958297729 0.92891627550125122 0.44552147388458252
v 0.36427012085914612 0.95528292655944824 0.43908026814460754
v 0.46758410334587097 0.95059388875961304 0.42465327680110931
v 0.43366163492164816 0.94978689180288445 0.41979306285673801
v 0.48275159458300554 0.95268786870954547 0.43857064362110137
v 0.43344315886497498 0.91990941762924194 0.43282651901245117
v 0.3539893627166748 0.93645113706588745 0.43118175864219666
v 0.23173394799232483 0.92513781785964966 0.44402897357940674
v 0.40194523334503174 0.96253883838653564 0.43374276161193848
v 0.24454404413700104 0.92386883497238159 0.44388827681541443
v 0.25748538970947266 0.92438477277755737 0.44701224565505981
v 0.2563987672328949 0.91454797983169556 0.44919437170028687
v 0.27860727388772416 0.93238807880355723 0.44075365476238842
v 0.39103802784372599 0.96266786375049818 0.43558945218898909
v 0.41946649551391602 0.96140152215957642 0.43062573671340942
v 0.33239400386810303 0.93312269449234009 0.42772680521011353
v 0.35671243283540649 0.94523505590513246 0.4264262636256031
v 0.37705128696046247 0.90462918694032413 0.45680097898064714
v 0.57411496152466224 0.92475942102918718 0.43158636725248867
v 0.58554631471633911 0.9238818883895874 0.42995193600654602
v 0.55414098501205444 0.94229179620742798 0.43199071288108826
v 0.43893226981163025 0.96519529819488525 0.42300248146057129
v 0.44989532232284546 0.98750084638595581 0.40346953272819519
v 0.41499641537666321 0.96984392404556274 0.42113575339317322
v 0.41130534038490546 0.97688138065061547 0.43105666882579141
v 0.58433061134531195 1.0669396416318675 0.39969855680843608
v 0.53586609493531234 1.0437404410305959 0.42959318543057873
v 0.56305340785309843 1.0490497869535449 0.40174350423957267
v 0.524728788966913 1.0082289253849193 0.37923818982776147
v 0.51501081442163343 1.0161838273710602 0.38441748302495038
v 0.55879994760495455 1.018517451567053 0.35371777812928618
v 0.57429182529449463 1.0274965763092041 0.34434106945991516
v 0.56369823217391968 0.96877974271774292 0.38405030965805054
v 0.55084198713302612 0.95946663618087769 0.41367253661155701
v 0.60359197854995728 0.95064264535903931 0.40474176406860352
v 0.49507589637993366 1.0152351997788904 0.4525353917402925
v 0.54478320824224791 1.0039750511626357 0.37129578882813263
v 0.52937489966465801 1.0260209038900261 0.39346127838874856
v 0.46736329793930054 0.98588734865188599 0.40011325478553772
v 0.49091324210166931 1.0086206197738647 0.40415719151496887
v 0.57508325576782227 1.0319944620132446 0.33790412545204163
v 0.50420171022415161 1.0190351009368896 0.40571299195289612
v 0.45121496915817261 0.99761712551116943 0.41789010167121887
v 0.54843050241470337 1.0403136014938354 0.4041198194026947
v 0.58230685680965644 1.063430523027622 0.38004314683388701
v 0.59585195779800415 1.0887162685394287 0.41072738170623779
v 0.55573821067810059 1.0435749292373657 0.41178441047668457
v 0.58020275831222534 1.0550477504730225 0.37145039439201355
v 0.58480215934414559 1.0472259271935247 0.34264059390240825
v 0.61777956670018852 1.0791990180828135 0.32385388688239963
v 0.60234379933686721 1.0655227028047825 0.33072911308765479
v 0.60683489089359066 1.0818923589586615 0.37288993000115511
v 0.59484362602233887 1.0267845392227173 0.32809850573539734
v 0.62019443951215647 1.096856508549811 0.37977447056275732
v 0.60477578639984131 1.0935146808624268 0.4060065746307373
v 0.63252592086791992 1.1089825630187988 0.37692353129386902
v 0.62124222307210342 1.105552383785934 0.40199684651655498
v 0.63659137487411499 1.0974994897842407 0.35685622692108154
v 0.63575228892540026 1.1165228975981771 0.40561642578559104
v 0.65091181201820536 1.1189921731213788 0.37310476448916297
v 0.6496864611013573 1.1153184612274263 0.35721564110473503
v 0.64571547508239746 1.1188963651657104 0.3978026807308197
v 0.66831868886947632 1.1263505220413208 0.34115913510322571
v 0.66345071792602539 1.1099424362182617 0.30947586894035339
v 0.66562217473983765 1.1315553188323975 0.39808022975921631
v 0.69462147208800884 0.93490356788579942 0.37667854251075522
v 0.7052040696144104 1.2198553085327148 0.44835942983627319
v 0.6421609423422463 1.1057901298026429 0.36610494525415815
v 0.63618982809862079 1.0906793676732924 0.32281346146417095
v 0.66473144292831421 1.1029713153839111 0.28161534667015076
v 0.67987247046847543 0.99443448810855961 0.28514993369536756
v 0.66371393203735352 1.0185920000076294 0.24701441824436188
v 0.63834553956985474 1.0036594867706299 0.31530472636222839
v 0.63691425323486328 1.0792337656021118 0.26132854819297791
v 0.59654462337493896 1.0535809993743896 0.28887957334518433
v 0.61629538570414744 1.0526442376961149 0.25649007145392799
v 0.60629367828369141 1.061557412147522 0.27144241333007812
v 0.59406960010528564 1.0437872409820557 0.31244000792503357
v 0.61587186856380738 1.0667285889115956 0.30298815140907043
v 0.58591015051594586 1.0474692583328891 0.33016557711102712
v 0.59573304653167725 1.0342385768890381 0.33002135157585144
v 0.5947441395927977 1.0637974015111622 0.36614614728757849
v 0.63453895225535839 1.018878883282623 0.30822340392219477
v 0.73578378000291678 0.82144392042900172 0.36878799089191955
v 0.58929580450057983 0.95480024814605713 0.38974630832672119
v 0.64938431978225708 0.92865234613418579 0.40158256888389587
v 0.66106544063587758 0.72804025725018917 0.42788333540427848
v 0.66488223387192813 0.71674246660938756 0.42557552734054932
v 0.61638742159988824 0.94245930919928511 0.40858039317625416
v 0.63329559564590454 0.96689647436141968 0.35158199071884155
v 0.60196845945651745 0.99717625854106284 0.34623986135616364
v 0.71832489967346191 0.73108053207397461 0.34388002753257751
v 0.6642502403333812 0.93803371607641728 0.36566268476094421
v 0.6945003867149353 0.94593948125839233 0.34247854351997375
v 0.77586872210320756 0.97248898018545549 0.22143357162537558
v 0.70935845375061035 0.98691421747207642 0.25411868095397949
v 0.72178667783737183 0.68353354930877686 0.30463409423828125
v 0.72597360610961914 0.76369774341583252 0.36488527059555054
v 0.71765416860580444 0.74258100986480713 0.36194059252738953
v 0.73615449666976929 0.77515292167663574 0.32861942052841187
v 0.7052910327911377 0.74704104661941528 0.34945520758628845
v 0.72547637003794452 0.90225712056175111 0.37356279672255244
v 0.69228975151764149 0.68790243467786016 0.35275234773482311
v 0.70184329710272886 0.73931962011940877 0.37398543632540704
v 0.70556874048888962 0.76013608010241374 0.36700215910167844
v 0.6792873740196228 0.72440868616104126 0.4113021194934845
v 0.68706418774238143 0.77300913602928245 0.41518086712739605
v 0.71445255012000719 0.79597592460464783 0.39426463513264437
v 0.70474658278928892 0.78629055468694187 0.3965420464851413
v 0.68363044768823489 0.7977335298904733 0.4350223224245765
v 0.67891913652420044 0.74805766344070435 0.43170744180679321
v 0.6712302565574646 0.77119392156600952 0.44232136011123657
v 0.7071496844291687 0.89393693208694458 0.4242292046546936
v 0.67826181650161743 0.83434164524078369 0.43096029758453369
v 0.69425279368340476 0.85050798398963856 0.42950305540664707
v 0.6909920871257782 0.81646838784217834 0.4267578125
v 0.68854546546936035 0.89938247203826904 0.42822209000587463
v 0.69335462658357894 0.8369081288766328 0.42297818476864274
v 0.72800580906953105 0.86805777021136044 0.37932177124310035
v 0.72385358810424805 0.90536165237426758 0.3873477578163147
v 0.65466296090452514 1.1354148912520037 0.40658446738285309
v 0.69634538888931274 1.1883426904678345 0.43881019949913025
v 0.69567078921223058 1.1858129980896823 0.40909597224092381
v 0.67530298233032227 1.1768053770065308 0.45547428727149963
v 0.68745464086532593 1.1828187704086304 0.43012687563896179
v 0.68859926585152664 1.1870888238206498 0.44956594485793017
v 0.70132383502727369 1.2059126873599024 0.41141361171575597
v 0.70561828043876973 1.2108132355555123 0.4312783607674362
v 0.68569420824175709 1.1989190564554839 0.45728113111496099
v 0.67195321239118988 1.1631901337826238 0.45615973410218302
v 0.67120283842086792 1.2125511169433594 0.47764244675636292
v 0.72090972643297058 1.2728637067149144 0.45039014807408118
v 0.7166144847869873 1.2593224048614502 0.446918785572052
v 0.71767210960388184 1.2878055572509766 0.45658391714096069
v 0.73814981194066287 1.2611757120235343 0.42272494139688782
v 0.70106182522672789 1.236920195882824 0.4501397458695332
v 0.71699196100234985 1.2536936402320862 0.44745592772960663
v 0.67418513115854206 1.1542832548370681 0.42282539379964207
v 0.67988419532775879 1.1531256437301636 0.38938555121421814
v 0.68637655057903291 1.1541989988496419 0.36275668562897645
v 0.69507776485607586 1.1466171458879064 0.27353652453927818
v 0.68607306480407715 1.1442717313766479 0.3771594762802124
v 0.69214028120040894 1.1428618431091309 0.29811674356460571
v 0.68149489879863023 1.133040024404073 0.3557786847938933
v 0.70288516000482482 1.1712321719807421 0.37616500779414735
v 0.75048845059146696 1.1970861172172511 0.27104252836160386
v 0.73209955523945491 1.2016364118133138 0.32573592760457631
v 0.73649680614471436 1.1843599081039429 0.30924791097640991
v 0.77967693033471708 1.2310752909726836 0.2929111532309856
v 0.75984737433239169 1.2284963866017362 0.32259909285316174
v 0.76073455810546875 1.220415472984314 0.27988544106483459
v 0.74534287753479223 1.2057683078706494 0.29802227296176814
v 0.77731288098376217 1.2241266629585115 0.28088619468338677
v 0.7677006721496582 1.213228702545166 0.26484927535057068
v 0.73718225955963135 1.1988548040390015 0.29119297862052917
v 0.74666124582290649 0.91142147779464722 0.28977996110916138
v 0.74031758308410645 0.93791437149047852 0.32182919979095459
v 0.78211677074432373 1.2527015209197998 0.27252894639968872
v 0.791553795337677 1.2445131540298462 0.25711646676063538
v 0.79018488952299837 1.2663436246327338 0.25744868658379289
v 0.77855275346845865 1.2579856724961769 0.3001760737444148
v 0.78577911853790283 1.2721771001815796 0.29672631621360779
v 0.75296252965927124 1.2544072866439819 0.36634251475334167
v 0.76212036609649658 1.2535830736160278 0.34529852867126465
v 0.7707837102849564 1.2589180503571786 0.33967220183614655
v 0.75070649385452271 1.2318565845489502 0.33206558227539062
v 0.74012056802205739 1.2942086930868719 0.43542143240814246
v 0.75556373596191406 1.2508926391601562 0.39382237195968628
v 0.765432794582946 1.2722513093204904 0.40349575660479431
v 0.75251967168523803 1.2549926214929612 0.38715579033357583
v 0.73824268579483032 1.2390104532241821 0.39929038286209106
v 0.73192399740219116 1.2126604318618774 0.34788006544113159
v 0.7301938533782959 1.1880214214324951 0.34500429034233093
v 0.74797717088996984 0.89683905364080796 0.34139098874874413
v 0.76304995103374795 1.241389104303235 0.33549395471716142
v 0.75124794244766235 0.87599408626556396 0.3444330096244812
v 0.74507965365820483 0.85774091036374989 0.35347769071264723
v 0.74371200799942017 0.92010021209716797 0.35883492231369019
v 0.74715548753738403 0.87642186880111694 0.32030683755874634
v 0.75109893083572388 0.9285162091255188 0.31136870384216309
v 0.75208425521850586 0.89084821939468384 0.34490486979484558
v 0.73457531689766731 0.92045998127016559 0.33706880045039705
v 0.73643434047698975 0.9020230770111084 0.35571688413619995
v 0.73224169058072486 0.76125263180883396 0.33144354411416327
v 0.73580349944956458 0.81008654046045103 0.35768589572208404
v 0.7405468225479126 0.81421053409576416 0.34757474064826965
v 0.75530001783470047 0.86415490047257959 0.30745379738411338
v 0.74759936332702637 0.72428959608078003 0.30359512567520142
v 0.75672797701013317 0.87543559462625442 0.29032399339751253
v 0.74806168450243082 0.9072024106424319 0.31157004157908574
v 0.75800014303816332 0.92768072442865779 0.28747322804255832
v 0.76426464319229126 0.90480518341064453 0.25598663091659546
v 0.74015611410140991 0.92338109016418457 0.29263824224472046
v 0.73418891683434051 0.73917471485268749 0.32313319506640037
v 0.76454699039459229 0.882984459400177 0.25986438989639282
v 0.78184713355466362 0.893717610228982 0.2473142850671472
v 0.76550053685673669 0.91912447470667347 0.26597487760642802
v 0.77511127154225512 0.73093244671775859 0.19250126961014766
v 0.75647658109664917 0.47459599375724792 0.028633499518036842
v 0.77156007289886475 0.47473582625389099 0.052607528865337372
v 0.7704734661352356 0.42532951819783327 0.094884860389699274
v 0.77828329801559448 0.40909934043884277 0.089695632457733154
v 0.77953257868030335 0.35779604006146082 0.061231602143847957
v 0.77975976467132568 0.39238154888153076 0.10034850984811783
v 0.77607938091443107 0.39742231388863658 0.12220324217100788
v 0.78041267395019531 0.37998729944229126 0.075780399143695831
v 0.79117774963378906 0.37699463963508606 0.10250034928321838
v 0.79089909456567331 0.27542448701747518 0.14062982990480094
v 0.77588385343551636 0.30833590030670166 0.043989811092615128
v 0.75226932442138772 0.35009019387838675 0.056880894651439383
v 0.70605117082595825 0.47116321325302124 0.11781898885965347
v 0.76994818449020386 0.38908484578132629 0.074211709201335907
v 0.77140480279922485 0.38290897011756897 0.035018160939216614
v 0.73762530088424683 0.46223241090774536 0.073441922664642334
v 0.74503153562545776 0.44697093963623047 0.10507185757160187
v 0.67777431011199951 0.68018704652786255 0.037508349865674973
v 0.73261982202529907 0.49590957164764404 0.058119211345911026
v 0.75774745942177779 0.45750800451015516 0.030575576967641512
v 0.73800885677337646 0.45889982581138611 0.11212465167045593
v 0.75067052118490607 0.40506147134554538 0.16490552559430349
v 0.72715782799756223 0.65835172040432532 0.13632846157154649
v 0.76866340637207031 0.68930497765541077 0.17610808461904526
v 0.70351040363311768 0.64243370294570923 0.037711270153522491
v 0.76524896430145528 0.36559640726112569 0.2035507911031823
v 0.7382245659828186 0.43984076380729675 0.13639357686042786
v 0.75753253698348999 0.44057923555374146 0.12058378756046295
v 0.76305538415908813 0.39862239360809326 0.14028182625770569
v 0.77410750435632369 0.33902938448166281 0.11848495241532692
v 0.77671589632334848 0.34646590909229819 0.11951367610666477
v 0.78142350912094116 0.34500312805175781 0.15103618800640106
v 0.72710883419291117 0.41175157389066058 0.18047650864870934
v 0.75408716467074011 0.67377303080335826 0.20347157924232145
v 0.76037487776484758 0.71201478890384862 0.25330182588079769
v 0.73337543324942445 0.67482930386527773 0.29112657582470319
v 0.7365681529045105 0.69877523183822632 0.3082263171672821
v 0.73743879849978888 0.68848271775383385 0.30233578239118303
v 0.73041115972901871 0.65290785162850185 0.24242960241808106
v 0.71497899293899536 0.69537341594696045 0.31977680325508118
v 0.7414965033531189 0.3560253381729126 0.25559812784194946
v 0.75626325607299805 0.38742533326148987 0.17815306782722473
v 0.76450179710134536 0.34416727520524071 0.19894605829519052
v 0.73568348915030168 0.37492378051041025 0.25342743716168492
v 0.73248332984466191 0.66035822544069933 0.25118110916184833
v 0.73788583278656006 0.40239128470420837 0.19155876338481903
v 0.71353733304171885 0.40533089849637405 0.2057556835999528
v 0.7212778799690559 0.3799778730057064 0.21600162209318197
v 0.73004436646208226 0.64673239701236651 0.2276392170077127
v 0.65196543476838487 0.5677808941927317 0.13934808958042952
v 0.70977349350256635 0.61691562831644986 0.2702811704835052
v 0.76529955863952637 0.36243823170661926 0.17586340010166168
v 0.7769199841776625 0.33884628762746605 0.16185553809794734
v 0.71848315000534058 0.28348591923713684 0.30129006505012512
v 0.72651588916778564 0.30901685357093811 0.28000670671463013
v 0.69813786581460646 0.27976889848017322 0.33002465498457456
v 0.70391578962326962 0.29898690115235349 0.32826346186553301
v 0.75878564755403399 0.28871140244678095 0.23479730294786846
v 0.75406035368041224 0.25406701666949699 0.2082725701374821
v 0.76723981207426561 0.26766689800962129 0.21716075891429867
v 0.73723292107028149 0.22973081283153268 0.2577695017899882
v 0.73513832722822303 0.26672244598644906 0.27928179644356566
v 0.70939126446397027 0.28031199199627066 0.32203550265692771
v 0.71331716076636986 0.26725820017063295 0.3184406054342922
v 0.72032529180742444 0.23545581094698986 0.2759566193337239
v 0.78303340119931908 0.25053292816541783 0.16059524911996798
v 0.76368845970971888 0.23725290165334306 0.18905677216553185
v 0.77643482556033494 0.24538877342138399 0.17212719896588682
v 0.77411770820617676 0.23233632743358612 0.070279039442539215
v 0.77919590473175049 0.24212788045406342 0.13897885382175446
v 0.78233721846434268 0.23995120514105864 0.13468597684281169
v 0.7758953153763829 0.21989975239738319 0.10858588893628741
v 0.78383737369952411 0.26658629829268071 0.1114044776499114
v 0.77529460191726685 0.19484961032867432 0.14861537516117096
v 0.77147775888442993 0.21122882515192032 0.060741690918803215
v 0.77968025155915188 0.29595740118398794 0.086421513277541773
v 0.7794221043586731 0.33171674609184265 0.064757741987705231
v 0.7892440963919809 0.31277587928219758 0.085547956033338604
v 0.78860065425846537 0.28122677039189975 0.1449570728650964
v 0.77573143919846943 0.34210322552887834 0.093276395797202413
v 0.75365400314331055 0.2381708174943924 0.05321890115737915
v 0.76307575418965823 0.26831934490755521 0.04571385081924613
v 0.70913095314398256 0.35883607775133913 0.28471947092475991
v 0.70786093372224057 0.22769059865288263 0.28081809552267256
v 0.72423404820010118 0.23788112055190547 0.27801582768014554
v 0.71867992540683356 0.34752227391618956 0.2822187278299747
v 0.64099817664368597 0.40595266806704067 0.30541030134580077
v 0.71633881330490112 0.23178723454475403 0.27978631854057312
v 0.7212483148053882 0.21054676102605904 0.27727569911123245
v 0.71997988224029541 0.36265143752098083 0.24823553860187531
v 0.71658617258071899 0.37334322929382324 0.23746445775032043
v 0.72414565086364746 0.49229878187179565 0.085001237690448761
v 0.691555762353811 0.49226363377930765 0.064319779993050497
v 0.72466731071472168 0.44654574990272522 0.17482787370681763
v 0.68734729290008545 0.44315758347511292 0.20593817532062531
v 0.72605019807815552 0.42355099320411682 0.18047519028186798
v 0.7096899563404695 0.42144303300768188 0.18732648377192321
v 0.70195925235748291 0.4100976288318634 0.21385104954242706
v 0.69082625691929178 0.41047566183154494 0.25153399897889117
v 0.69500256388509185 0.39239956314855701 0.26702246209817732
v 0.70936475160399037 0.46808940387071946 0.14121006879641029
v 0.67804019031801277 0.5918808178475643 0.24077921951909942
v 0.67566406199617024 0.58068175678836842 0.28919634267550659
v 0.67303174734115601 0.58449441194534302 0.29652151465415955
v 0.67613498191122312 0.51647203135040465 0.033148332128521654
v 0.63741061091423035 0.51663815975189209 0.068441988900303841
v 0.69571226835250854 0.50592029094696045 0.056315608322620392
v 0.70299404859542847 0.46673488616943359 0.14562596380710602
v 0.68269103765487671 0.46635091304779053 0.16176672279834747
v 0.69896441698074341 0.36565017700195312 0.27752494812011719
v 0.68386059999465942 0.3931477963924408 0.26969283819198608
v 0.68670469522476196 0.38609746098518372 0.28148794174194336
v 0.69147539138793945 0.41061308979988098 0.27811136841773987
v 0.66533356692821466 0.39962085768198868 0.30812743938137149
v 0.69283169507980347 0.2572881281375885 0.32122582197189331
v 0.6947998963637767 0.23936136790971768 0.31955531499111489
v 0.69831395149230957 0.26508185267448425 0.32626256346702576
v 0.67841070890426636 0.39900614321231842 0.29658068716526031
v 0.65209832555316471 0.43198746262458637 0.24862099769283663
v 0.72496747970581055 0.30114340782165527 0.30143770575523376
v 0.7121039319070358 0.2991770551821612 0.31165996613788305
v 0.72231662273406982 0.2547837495803833 0.30689305067062378
v 0.7139815092086792 0.33420702815055847 0.29658558964729309
v 0.71794497966766357 0.24271507561206818 0.29182669520378113
v 0.68671242436364954 0.26769628492025133 0.32482657313382302
v 0.6754269003868103 0.27682152390480042 0.36243368685245514
v 0.68608171269798712 0.23746061167006363 0.32885989717628844
v 0.65785423349618444 0.30225922993949844 0.37999964488886123
v 0.67342003953568419 0.32931281831558551 0.35273736232821845
v 0.6792152964564987 0.35673612722074105 0.31688028764463977
v 0.65790891647338867 0.37671932578086853 0.34557101130485535
v 0.69940477609634399 0.63566279411315918 0.34914404153823853
v 0.67602604627609253 0.34674695134162903 0.34091278910636902
v 0.66532951593399048 0.60102492570877075 0.36508691310882568
v 0.66506338119506836 0.57910376787185669 0.30906692147254944
v 0.70702806147759223 0.32413508109960576 0.31214889388887523
v 0.5572199821472168 0.29471468925476074 0.46490034461021423
v 0.6769634838711267 0.59079319903842575 0.30641283326315755
v 0.67707270383834839 0.39260366559028625 0.29040235280990601
v 0.70339524745941162 0.35216450691223145 0.29985839128494263
v 0.7113966409671223 0.31829778342927306 0.30247928326936391
v 0.70886831333086653 0.34064746296706166 0.29086424782451115
v 0.68289584105403411 0.37201709264566446 0.30277960462460868
v 0.70501895604427867 0.6159890751917203 0.22454769981040074
v 0.69135701656341553 0.63263243436813354 0.30631795525550842
v 0.69563702002411965 0.63099060232553517 0.31914388538968708
v 0.7126072418746815 0.64370754417616394 0.33415112051388796
v 0.71404694459011342 0.625942536975437 0.25117421421453223
v 0.72023797035217285 0.65726369619369507 0.31951221823692322
v 0.71552146955807538 0.64433523434200135 0.25651225834601815
v 0.71603316865816624 0.65071924872054354 0.29294256384333106
v 0.69470459222793579 0.64837086200714111 0.33853587508201599
v 0.68305206298828125 0.62305396795272827 0.33795395493507385
v 0.67231512069702148 0.61977469921112061 0.35115864872932434
v 0.69527901169960504 0.67002106511652293 0.34854121333147947
v 0.66505475022899074 0.62878952174186087 0.3697568661046971
v 0.67667777506134186 0.64031394338532444 0.37180326938531566
v 0.68366442135337901 0.64007920420298792 0.35845340019824662
v 0.67372173070907593 0.63797521591186523 0.38601428270339966
v 0.66213402240663621 0.61959446457107104 0.38309828035671362
v 0.70345532894134521 0.65725278854370117 0.33479824662208557
v 0.71306139230728149 0.67686337232589722 0.31686779856681824
v 0.73152536153793335 0.69955974817276001 0.32085150480270386
v 0.72766422257727736 0.66651232170829078 0.30297219252993124
v 0.71796786785125732 0.6437949538230896 0.31465655565261841
v 0.71193274855613708 0.70837900042533875 0.33076602220535278
v 0.72100362413723185 0.63509928385368997 0.23097960799835315
v 0.69856077941141748 0.6114722716154507 0.18908923704030739
v 0.71790261349188811 0.63604550119418168 0.20311009457726617
v 0.72410733611353506 0.63657126327346425 0.19387010752909631
v 0.72342251676740665 0.66336271951354775 0.048747378264930905
v 0.6277885561551716 0.60197149057436816 0.041242687600136822
v 0.68709981441497803 0.63221514225006104 0.028620259836316109
v 0.66584280905770665 0.67416472712846354 0.050090775239311061
v 0.68768125732752416 0.62544869272078851 0.10637076476609271
v 0.66944009065628052 0.6894679069519043 0.04067143052816391
v 0.65366285548527592 0.64522812682851571 0.077085641891147777
v 0.64165781755820772 0.65529994717170892 0.04979438450267374
v 0.6584350408587154 0.59591743952588716 0.12912170862993014
v 0.64813986420631409 0.59169667959213257 0.074994970113039017
v 0.6500711359352711 0.65757328173122598 0.064462270023789417
v 0.63573323983559649 0.635582834196598 0.065388842213772974
v 0.64160942887442296 0.63512740087084307 0.08029419958952802
v 0.66561288834274412 0.4933774458898344 0.10743839200695426
v 0.66339826583862305 0.51377648115158081 0.072350747883319855
v 0.64966917037963867 0.56252098083496094 0.29363586008548737
v 0.65854706522314743 0.58063396922521626 0.15487109444006569
v 0.64404770929389299 0.56505701830920607 0.24511280555759488
v 0.62763933903275748 0.57441385773477438 0.10145302956032788
v 0.62283638078760406 0.58062049134360327 0.072112728250666072
v 0.61821287870407104 0.57126873731613159 0.094211719930171967
v 0.65245895782632635 0.5806256498098602 0.13204988749678442
v 0.65205634911151045 0.58887047424520289 0.11235907630211962
v 0.64081363894794496 0.55152228517391055 0.19019397488121609
v 0.64375767968925701 0.55942558158340738 0.19317488543384911
v 0.61910335988428822 0.5325906353073131 0.24580079584095071
v 0.65424156188964844 0.57066133618354797 0.22246932983398438
v 0.62052923440933228 0.53540050983428955 0.28893937170505524
v 0.64226579666137695 0.55373352766036987 0.29201036691665649
v 0.63462953458647231 0.54491715341638602 0.31472491024434007
v 0.60835856199264526 0.52325201034545898 0.34055539965629578
v 0.56458084534522579 0.42553377440557633 0.29712714055889344
v 0.56042400749472365 0.39723257838270842 0.34577079192257398
v 0.58060741424560547 0.39953050017356873 0.32524257898330688
v 0.60171908140182495 0.53143835067749023 0.15588356554508209
v 0.63112484292477056 0.43505696293538215 0.22267982017439514
v 0.592123103355087 0.55333045767733924 0.028119117713727666
v 0.61847564123762377 0.49029394282122712 0.15343241155737697
v 0.60713972036027919 0.50381511087654796 0.14576925385912962
v 0.61543291807174683 0.51310086250305176 0.13001106679439545
v 0.68199363201128083 0.2138168701834337 0.33015477913479574
v 0.58865265198661065 0.41190174780956101 0.31571978596325689
v 0.61719283045360218 0.52499317902760567 0.32375139611696635
v 0.59923087896089189 0.50761097453358084 0.24821476664009665
v 0.61578513454872974 0.56009122673779022 0.096611282555034345
v 0.6043471854469904 0.56958641967277424 0.069844875568591508
v 0.59801828861236572 0.536121666431427 0.074436411261558533
v 0.60845091653325611 0.48353371491453701 0.15638093504261966
v 0.6226992705006732 0.43924639261672332 0.25514162540678492
v 0.56106612241955611 0.4849449486195927 0.24807225559057128
v 0.55022329092025757 0.45134258270263672 0.25574088096618652
v 0.57482766078385339 0.46346487450573792 0.24216720099560352
v 0.60401684045791626 0.44507822394371033 0.25277379155158997
v 0.59316088890067675 0.4685977744669178 0.21498354167395309
v 0.58824187517166138 0.52039104700088501 0.21855206787586212
v 0.54699809616797779 0.47517378089811008 0.27626577398835156
v 0.5353202223777771 0.45429560542106628 0.28779801726341248
v 0.53770575222757555 0.47557801051551796 0.32613902530078859
v 0.54437536716841062 0.44176705138513211 0.2732266129042818
v 0.51758849620819092 0.42401444911956787 0.3036884069442749
v 0.55684125423431396 0.43156108260154724 0.27797484397888184
v 0.53919450432198257 0.41283048975963615 0.3101007491547913
v 0.56885123252868652 0.43620172142982483 0.27436557412147522
v 0.52519160509109497 0.45528900623321533 0.30087947845458984
v 0.53544211387634277 0.4308168888092041 0.28593778610229492
v 0.21830775155511556 0.32784396114198661 0.31689457571031465
v 0.23071138560771942 0.33028104901313782 0.30858618021011353
v 0.51801573251095667 0.40577745493979372 0.31626317431456241
v 0.25993864562567459 0.31310655582613761 0.33886707538386573
v 0.38499100937450592 0.39669760524414716 0.34842580022583935
v 0.26257613301277161 0.33961388468742371 0.33267608284950256
v 0.50204509496688843 0.46859121322631836 0.33154296875
v 0.46653914966124671 0.41614195335596554 0.32170231748299577
v 0.43852427343192446 0.43744019086312774 0.32322352061689752
v 0.22951376438140869 0.33805361390113831 0.32341700792312622
v 0.25411617755889893 0.31128177046775818 0.37413293123245239
v 0.35128816962242126 0.38887748122215271 0.34218934178352356
v 0.48436174199617782 0.42133218513790971 0.32213898696718485
v 0.50307236784885656 0.4143354628733027 0.32337504501562914
v 0.51178078553909123 0.44432608375882471 0.30533755392967171
v 0.41864025592803955 0.43364349007606506 0.34051647782325745
v 0.40926333627364514 0.42567439563967702 0.34572720337465462
v 0.46945372223854065 0.44107484817504883 0.32316839694976807
v 0.52500611543655396 0.46584093570709229 0.3293507993221283
v 0.52595878268386786 0.44117015361602813 0.29484470876563373
v 0.49307929691305014 0.46369996075361503 0.33840978024386054
v 0.49625122547149658 0.43544831871986389 0.31544551253318787
v 0.50664430856704712 0.4628293514251709 0.31400683522224426
v 0.45777276584880683 0.45003637929816764 0.32088142115553048
v 0.43648973107337952 0.44451868534088135 0.32249808311462402
v 0.52894780116836981 0.41768504133866885 0.30320429912066049
v 0.50748113187449961 0.43725126833867628 0.30625578962535799
v 0.59403775267529957 0.52878246202932311 0.11480035279052186
v 0.50055498941453147 0.45495744954903594 0.31193779785677717
v 0.59438204765319824 0.55075907707214355 0.07699044793844223
v 0.59925270080566406 0.54075390100479126 0.096311740577220917
v 0.60797011852264404 0.52601140737533569 0.099956437945365906
v 0.58525258302688599 0.48296871781349182 0.1781553328037262
v 0.60846948404897039 0.50526336059295984 0.15953595681284738
v 0.56204134225845337 0.48168659210205078 0.25246617197990417
v 0.61577504873275757 0.62269431352615356 0.059413459151983261
v 0.45776960253715515 0.67415076494216919 -0.059996079653501511
v 0.60567539930343628 0.56920123100280762 0.055604871362447739
v 0.60254859924316406 0.57814425230026245 0.043085351586341858
v 0.55175368890738852 0.61194133180286858 0.010697123129837753
v 0.60711264610290527 0.52000731229782104 0.16214378178119659
v 0.59632372856140137 0.51779741048812866 0.14069454371929169
v 0.60311322363722475 0.54372432628426148 0.051388356123876558
v 0.59858617127359615 0.54698559202514829 0.046928876518193489
v 0.59476748497289555 0.53138273398738167 0.17557953129578918
v 0.58555197715759277 0.49538952112197876 0.18670372664928436
v 0.58570515017144176 0.52066200248730976 0.1743930019568774
v 0.60052923257489488 0.5306079921994542 0.2110872028918728
v 0.59572197154657425 0.51905711912517727 0.3265401062743164
v 0.59903724607925668 0.51626400785521698 0.30941078684455459
v 0.59581666347622275 0.51700157952630799 0.29671190826842359
v 0.592803962185662 0.5259121641013248 0.19086769381037438
v 0.5709642767906189 0.49933940172195435 0.25984254479408264
v 0.5929541289806366 0.51456129550933838 0.27768805623054504
v 0.57668185234069824 0.51736044883728027 0.3015003502368927
v 0.55815988779067993 0.49751231074333191 0.17206469178199768
v 0.55998259782791138 0.51563757658004761 0.19152571260929108
v 0.54588180780410767 0.50360327959060669 0.19101803004741669
v 0.56883090734481812 0.50063729286193848 0.22307352721691132
v 0.56537927938996091 0.49204513162403596 0.19616730324660864
v 0.56315803058571856 0.49162808696974042 0.29714830569759781
v 0.58510571672610101 0.49933674440658254 0.27722838962486207
v 0.56176865100860596 0.48429703712463379 0.21969686448574066
v 0.3574993908405304 0.3742346465587616 0.34604999423027039
v 0.41285556554794312 0.4014962911605835 0.34516289830207825
v 0.42874746088247678 0.37652034164177633 0.34515449937519005
v 0.40954217314720154 0.37673851847648621 0.34275561571121216
v 0.39753484102675513 0.39065293079728369 0.34849844702375021
v 0.37688124179840088 0.39318645000457764 0.35523530840873718
v 0.28893982730766832 0.37575271839297769 0.356211380534591
v 0.41249844012106862 0.34784357795824866 0.37903934912634141
v 0.33594843255028745 0.39352556491758467 0.34901845685445421
v 0.242966656294415 0.38209344379260402 0.38366139753393674
v 0.3604930015142998 0.40297317484239065 0.35383662205556377
v 0.37243167517343756 0.39024076245629874 0.34238064341545404
v 0.38613361120223999 0.40462520718574524 0.35162901878356934
v 0.40777567028999329 0.40929189324378967 0.33626937866210938
v 0.41219919919967651 0.44192600250244141 0.34403899312019348
v 0.50288903713226318 0.4640553891658783 0.34279876947402954
v 0.41868355870246887 0.43177390098571777 0.36074760556221008
v 0.43059337139129639 0.4487762451171875 0.34880355000495911
v 0.42861896053420245 0.41611101626829466 0.3392195047853383
v 0.44223523139953613 0.40903589129447937 0.3411027193069458
v 0.4484113446268132 0.44515514228724617 0.33952561439508627
v 0.45658254623413086 0.44455757737159729 0.34982514381408691
v 0.47409385442733765 0.4486117959022522 0.35090664029121399
v 0.4407002180814743 0.39585207402706146 0.34198690950870514
v 0.46686422824859619 0.40575137734413147 0.32822588086128235
v 0.41737828020059653 0.37505600109110937 0.3483007689144646
v 0.44802446671652657 0.36928725752616665 0.34943475441473171
v 0.39916830958363381 0.42029611521720828 0.34710653410063619
v 0.31804714874443568 0.38514782896550981 0.35208781057811123
v 0.37924087047576904 0.41263234615325928 0.36546406149864197
v 0.42114749550819397 0.43412309885025024 0.38111034035682678
v 0.47510676364834059 0.45052691190823058 0.3674107652582318
v 0.44004702568054199 0.44251477718353271 0.37445241212844849
v 0.44526973366737366 0.43697452545166016 0.36502811312675476
v 0.4093453655720245 0.44445845972445275 0.38679559252516871
v 0.42702585458755493 0.45024979114532471 0.38702085614204407
v 0.364845655506081 0.4189307196252825 0.38433367745037494
v 0.33246101521214766 0.40912181024381972 0.38395162897586327
v 0.27170456765738032 0.37314076772227672 0.36038914130820421
v 0.24142410527695043 0.37462818003952553 0.36437468603459527
v 0.25038433074951172 0.36246848106384277 0.35830053687095642
v 0.33186155557632446 0.34364607930183411 0.36399728059768677
v 0.23000311362327319 0.37717900253921904 0.37138973104530343
v 0.25324279069900513 0.30539342761039734 0.38575759530067444
v 0.29664397239685059 0.38404405117034912 0.36046987771987915
v 0.33659839630126953 0.38277024030685425 0.34861743450164795
v 0.27060183882713318 0.32749447226524353 0.33236142992973328
v 0.280589955586935 0.35025167340487423 0.34258642246155818
v 0.26983030155952031 0.36810705733904936 0.34922191616234732
v 0.26645856385169026 0.3519041916554837 0.34065239741347525
v 0.27075960742115268 0.33174354967355774 0.33667874018727623
v 0.267603852043024 0.31227466107055663 0.36607619158187588
v 0.23841571833985767 0.29182800782113211 0.33983994419618802
v 0.24501388425602361 0.30653414228171261 0.36774882083980898
v 0.2770484983921051 0.33445259928703308 0.34833601117134094
v 0.28837877511978149 0.3311036229133606 0.36425939202308655
v 0.39949411153793335 0.34435191750526428 0.37200415134429932
v 0.31219074452385803 0.35343205616470957 0.35584407569872639
v 0.3364966534926857 0.41637157664661467 0.39888341310919639
v 0.29611085155254663 0.35021741916601407 0.3523740716923654
v 0.43149063513025226 0.36729534960030297 0.35615220369272449
v 0.38450567307575906 0.37136397582250902 0.35554496352921117
v 0.28825571522386972 0.36371970010513754 0.34807766561188686
v 0.34411021791744195 0.37074436786774956 0.34113822803471927
v 0.3697625994682312 0.37220180034637451 0.35670667886734009
v 0.33473250269889832 0.36850526928901672 0.35956728458404541
v 0.30068402056965793 0.37305470006714664 0.34457817772751365
v 0.37635656074111434 0.36106110585948009 0.35704760291882626
v 0.40763002634048462 0.35743126273155212 0.36691290140151978
v 0.32085890441139336 0.36508884066022312 0.35423719199171205
v 0.40724522460331813 0.45131787481218633 0.39750144029450518
v 0.50235646963119507 0.47562995553016663 0.3824150562286377
v 0.50315964221954346 0.48227769136428833 0.38968491554260254
v 0.55795902013778687 0.49913454055786133 0.35865092277526855
v 0.51009681838453247 0.47546908552392547 0.3615938450000199
v 0.53144735097885132 0.47974921762943268 0.35001464188098907
v 0.48554461792742165 0.38696414724546002 0.34455399781649393
v 0.55434534587798145 0.50883372957778417 0.38126618290503467
v 0.63160473108291626 0.38446012139320374 0.3494318425655365
v 0.50284535215375248 0.39643852720000483 0.33302804352632731
v 0.4935236806865323 0.39394767516003221 0.33414717953850948
v 0.52281904220581055 0.38720464706420898 0.34453693032264709
v 0.6303795672875786 0.34985832295960972 0.38197221561656364
v 0.60317257046699524 0.37314921617507935 0.37803967297077179
v 0.53132253885269165 0.3821030855178833 0.36987441778182983
v 0.49619725883621058 0.3416390707474154 0.44153408609095007
v 0.52125489711761475 0.3686467707157135 0.39259606599807739
v 0.62026655673980713 0.36463110148906708 0.36375267803668976
v 0.6287310961013155 0.25524379420657056 0.40174443615868105
v 0.66544661092055102 0.28666586279004097 0.37743894770039432
v 0.6508709192276001 0.31441706418991089 0.38764369487762451
v 0.63598766902664705 0.27904907148497438 0.40472313162439455
v 0.6523950362602422 0.32234480123777859 0.39284684800746206
v 0.66882716507943651 0.34689730645131039 0.3514581880253132
v 0.66933006048202515 0.35673323273658752 0.34011805057525635
v 0.64385494640502783 0.3778248270416899 0.35600538715440083
v 0.63211307003485695 0.33447878125776676 0.38323395420029749
v 0.64902585744857788 0.33574238419532776 0.38714337348937988
v 0.60006487169364597 0.53426176086222721 0.37217350117725995
v 0.62672646893217887 0.56997177201625127 0.37617588061009111
v 0.59339349234470806 0.52977978796400638 0.37807694875108483
v 0.52808088221018301 0.49705716233879116 0.38829526810158921
v 0.52751421641596985 0.48721274737652059 0.37231872420362566
v 0.51227127756055713 0.50718752680983425 0.41179438002276081
v 0.53494659548724033 0.49356560704778141 0.37602059250506331
v 0.53949457406997681 0.51302623748779297 0.39314818382263184
v 0.54958382716378451 0.49125140007518991 0.35630300612658439
v 0.55910319089889526 0.49755394458770752 0.34242278337478638
v 0.56290715932846069 0.49866488575935364 0.32946094870567322
v 0.57323283246044276 0.50617428368355544 0.35425215185570075
v 0.57095035747214773 0.50845099768246449 0.33160467579570552
v 0.58383562594989835 0.50864880895287456 0.33183680440474783
v 0.64897078275680542 0.56047737598419189 0.34458714723587036
v 0.63797165982139015 0.57101561158650904 0.36406020115359405
v 0.66914649936424542 0.60546230154766656 0.33789720033016246
v 0.66683322191238403 0.59707784652709961 0.33942583203315735
v 0.64704218276516068 0.63822130916945508 0.40865374770710527
v 0.62852450166581664 0.53950123989824139 0.34180664094071628
v 0.63578470221726102 0.5612783234060873 0.35142569845514426
v 0.62990662631100069 0.58339549358854959 0.38003939373477214
v 0.66609829664230347 0.63568580150604248 0.38317570090293884
v 0.656902015209198 0.63943576812744141 0.39347517490386963
v 0.6695144231073491 0.64472180424051928 0.38955058610509191
v 0.66322436041328803 0.70204736909099996 0.41665720396981309
v 0.42312404780180279 0.49949096825253975 0.47527195316454124
v 0.41379417890800363 0.54393527903300287 0.51172016054610903
v 0.39051836729049683 0.48158583045005798 0.4671681821346283
v 0.37879189848899841 0.28358224034309387 0.51824909448623657
v 0.32898443937301636 0.47853100299835205 0.49455940723419189
v 0.36061182618141174 0.52222776412963867 0.5129859447479248
v 0.38213171448998029 0.52083073026262339 0.50635780128682706
v 0.35212159662046361 0.48898745075429367 0.49469886739133512
v 0.38896983861923218 0.2740304172039032 0.51208019256591797
v 0.44288065295968043 0.53066267689386526 0.50053383169759669
v 0.36281484365463257 0.47759529948234558 0.47881186008453369
v 0.37460359930992126 0.47522556781768799 0.45962050557136536
v 0.36050291981327076 0.46797582339271948 0.46747931698450418
v 0.34108129143714905 0.46632465720176697 0.47779825329780579
v 0.35265636728630395 0.47295913415680108 0.48130836773042823
v 0.36712044477462769 0.45042836666107178 0.44017875194549561
v 0.31023624539375305 0.25609686970710754 0.50914043188095093
v 0.39168437400393336 0.2661798396579137 0.5082322944489196
v 0.3045282407455816 0.42732492500588382 0.44304217875360524
v 0.41339504068657357 0.47532847576300186 0.44087200395066173
v 0.49054065346717834 0.47776803374290466 0.39537262916564941
v 0.45423346504232748 0.46401872453597137 0.40419376349484593
v 0.39059971272945404 0.43767042458057404 0.39121522009372711
v 0.42740738391876221 0.3325691819190979 0.38709297776222229
v 0.38629016116866538 0.34396527098468027 0.38554601058573656
v 0.38294079899787903 0.43492144346237183 0.40921515226364136
v 0.39979240298271179 0.32927247881889343 0.39699122309684753
v 0.33865022035503844 0.42512463259919969 0.42070319785726024
v 0.35431902279151778 0.43220867550237396 0.42832878419270737
v 0.38677323383452872 0.44861911577975983 0.42329841097105075
v 0.38411496872896328 0.52494855673495666 0.509361123951248
v 0.35187903046607971 0.42267912626266479 0.41909176111221313
v 0.37157041767828319 0.33219771730703279 0.41749881179032727
v 0.39921364188194275 0.32073405385017395 0.44826257228851318
v 0.38946723937988281 0.30758291482925415 0.42995461821556091
v 0.37008228898048401 0.29173743724822998 0.49614819884300232
v 0.41125118732452393 0.22923858463764191 0.51050683856010437
v 0.37028110027313232 0.26427114009857178 0.50928312540054321
v 0.42441028739804537 0.27887280151667715 0.5124735116270418
v 0.39793294668197632 0.31092563271522522 0.42458409070968628
v 0.4055621325969696 0.29227474331855774 0.51630014181137085
v 0.38161131739616394 0.30972275137901306 0.48236581683158875
v 0.38113263249397278 0.31289884448051453 0.45704743266105652
v 0.39583298367195729 0.30979490377271041 0.48018226906504358
v 0.33887227413394266 0.32256968743877873 0.44855445999945742
v 0.31814620240778946 0.23947923859390466 0.50805905965461984
v 0.32626101580697586 0.31526466158410715 0.42114580541496199
v 0.31696275070129609 0.30566527732115528 0.45799198504383976
v 0.35419848561286926 0.3369080126285553 0.41513383388519287
v 0.28854075074195862 0.26647236943244934 0.48213416337966919
v 0.31383543225187505 0.28952422675235984 0.44860055857779968
v 0.3222120894115198 0.29624063620936719 0.47798645715619326
v 0.33772608637809753 0.24210257828235626 0.5122230052947998
v 0.35153124058978963 0.25929122205337984 0.51658042583692254
v 0.2943496570943368 0.27763999439818804 0.47625056583289149
v 0.33928685602813707 0.41495612912293917 0.39777962517724963
v 0.35288888524467632 0.44661130789477044 0.44204725039026094
v 0.32491204142570496 0.41690742969512939 0.4109039306640625
v 0.33563479781150818 0.43007001280784607 0.41950505971908569
v 0.30163921103122554 0.40388563382507991 0.37954559942649702
v 0.27988520264625549 0.30247774720191956 0.44704735279083252
v 0.29837262630462646 0.31764772534370422 0.40275382995605469
v 0.24176112802021504 0.40352463577370479 0.42471600843267288
v 0.28475663065910339 0.31178426742553711 0.42247855663299561
v 0.29534051090782426 0.30305341270823782 0.4270436369738968
v 0.26802653074264526 0.29993069171905518 0.43327364325523376
v 0.28234841663984334 0.41926798334853843 0.44372889026102164
v 0.28024345636367798 0.43495273590087891 0.45450681447982788
v 0.28702497482299805 0.2934594452381134 0.43519541621208191
v 0.29213431769571008 0.26888889446981257 0.49155531053365908
v 0.2877940833568573 0.25384658575057983 0.49395713210105896
v 0.26988118886947632 0.23164917528629303 0.50014179944992065
v 0.2987702488899231 0.24700221419334412 0.50996273756027222
v 0.2599657685677339 0.24041294953061976 0.50008057159495989
v 0.28867276012897491 0.16797887533903122 0.5073520839214325
v 0.28243803977966309 0.27702075242996216 0.46114069223403931
v 0.29025568068027496 0.28036187589168549 0.46301336586475372
v 0.23915393650531769 0.23654134571552277 0.48792031407356262
v 0.24473082049362696 0.24683015490625509 0.49331379173997514
v 0.25130158835482719 0.2322548682802961 0.49661685788055049
v 0.25015309444175388 0.22387793314871215 0.49803380676946862
v 0.2410517642206659 0.24858046138251957 0.47104307978899312
v 0.22434856319682758 0.42155905553220302 0.45121282079697245
v 0.25338724255561829 0.42889603972434998 0.45320150256156921
v 0.21151207275974368 0.4591822103630685 0.48407252504747622
v 0.22600848525657233 0.47225160626708573 0.48834153569544736
v 0.23641176521778107 0.46452352404594421 0.48852318525314331
v 0.24643878638744354 0.44084900617599487 0.47327744960784912
v 0.27621952706564717 0.44815891747803988 0.47631961964470709
v 0.28638437390327454 0.43611219525337219 0.46131771802902222
v 0.31753182411193848 0.43747419118881226 0.45299774408340454
v 0.29913783073425293 0.45726016163825989 0.48095607757568359
v 0.27959494742209862 0.46826469256165315 0.48966542706150035
v 0.27474966401981105 0.4844074265543335 0.5006101100000635
v 0.28056329488754272 0.57561796903610229 0.53364056348800659
v 0.24854328483343124 0.53309887647628784 0.51493871212005615
v 0.22332485895054877 0.53381943953368238 0.5144031228456929
v 0.25757947564125061 0.56369894742965698 0.52866333723068237
v 0.27176004063271303 0.5310400354775866 0.51759291101426563
v 0.23510651337381866 0.57768431513845775 0.52786068962532862
v 0.24747039377689362 0.64858818054199219 0.55091214179992676
v 0.31018853725074447 0.7001091149656985 0.55680224447012383
v 0.31335007056370484 0.68808800550737603 0.55548103079956579
v 0.30998226299388981 0.66378237969764053 0.55657117661760858
v 0.31540811061859131 0.62927383184432983 0.55108046531677246
v 0.27709564892204108 0.63023057098352309 0.55012840504479876
v 0.23504231254399979 0.63874279098475717 0.55218771411607492
v 0.2912278976515531 0.6949739118923618 0.56635138712199906
v 0.27387964725494385 0.69258671998977661 0.55943161249160767
v 0.28108257055282593 0.68419170379638672 0.56068688631057739
v 0.26486192903249794 0.6506163324607338 0.5548818452213915
v 0.249764783732003 0.59935407595780033 0.53637795611977779
v 0.24375762045383453 0.59058058261871338 0.53339827060699463
v 0.24787135422229767 0.57695800065994263 0.5351671576499939
v 0.24536834131226648 0.55416487034406625 0.52790934914383914
v 0.23287217890541428 0.56899700067455017 0.52143891826608635
v 0.32097599868105886 0.58866941540358109 0.54426307657064033
v 0.29940757155418396 0.60633605718612671 0.54154437780380249
v 0.28247297794531739 0.55403979354186061 0.53337066962674673
v 0.3048762145067524 0.5461957506974644 0.52306816984707405
v 0.28707420825958252 0.56908035278320312 0.53783172369003296
v 0.28135669231414795 0.59879052639007568 0.54002922773361206
v 0.29216665099589978 0.57801174229956853 0.53486613770060665
v 0.30506210031338249 0.59498573432294644 0.5407650677467597
v 0.3323386013507843 0.60199248790740967 0.54271858930587769
v 0.35867039859294891 0.24196809530258179 0.51658093929290771
v 0.4206251781540381 0.5583415638672089 0.51731605300992478
v 0.50871527194976807 0.59863811731338501 0.50020480155944824
v 0.41740013937770354 0.25319409716682156 0.50892246746407788
v 0.39560744166374207 0.29592743515968323 0.51649796962738037
v 0.43812194466590881 0.27533018589019775 0.50562494993209839
v 0.43284152560372041 0.25691207916741471 0.50714156813197775
v 0.37751749530965401 0.23445738334443397 0.51500574924633669
v 0.3739217943116111 0.60128261908886205 0.53255732611226214
v 0.33700541803812994 0.65216050216948562 0.55327173211300207
v 0.37282312532477824 0.63860313304824323 0.54570360025428744
v 0.4209967609232268 0.61225589283848281 0.53277939225392668
v 0.43210461265467337 0.61520891143262602 0.53095060221438872
v 0.40191819313987542 0.62163104586697571 0.53742354573582196
v 0.39365759345175766 0.67925326858186597 0.5590107802344727
v 0.40206290018211088 0.69476887484391059 0.56439197825228893
v 0.37196314334869385 0.67491888999938965 0.56294804811477661
v 0.41106797754764557 0.69665190577507019 0.56414869427680969
v 0.39375171065330505 0.70524251461029053 0.56457215547561646
v 0.41383572642731603 0.68560237883661679 0.55816585385073558
v 0.32595018227501987 0.65930971996744714 0.55675074237185329
v 0.44171343055057438 0.69607631822158345 0.55149115787906178
v 0.46111131910738562 0.71062736869955723 0.54248113004977372
v 0.45821150234819064 0.69972231350940373 0.53364738069088635
v 0.4329410195350647 0.65648394823074341 0.53684213757514954
v 0.45171842139004204 0.63599685667068417 0.52838253593820328
v 0.43721507310544888 0.6042401275079734 0.5230579845002139
v 0.45592152922418466 0.57799190125573829 0.51677161005455019
v 0.42922854423522949 0.62558728456497192 0.53648531436920166
v 0.45212955579040309 0.61344401302743978 0.52671649963557909
v 0.44355329001775018 0.56635124488576416 0.51035907751513299
v 0.43890127601969348 0.55470026722773591 0.51293371253285103
v 0.45458832383155823 0.63798224925994873 0.52663004398345947
v 0.45607119446916178 0.55487762068011592 0.50578752259539228
v 0.46127074956893921 0.61871874332427979 0.52162551879882812
v 0.50357717275619507 0.62540847063064575 0.50978517532348633
v 0.49088788032531738 0.57844054698944092 0.49845901131629944
v 0.4699594949710198 0.64238179589562294 0.53096124509226894
v 0.51332157963496317 0.66338900172927684 0.51837576547682007
v 0.52218752536201507 0.69071706878594907 0.50316541249419933
v 0.51123028993606567 0.69772499799728394 0.51749503612518311
v 0.49905699491500854 0.69324016571044922 0.53134340047836304
v 0.49788761138916016 0.69965773820877075 0.52454495429992676
v 0.51572185754776001 0.61466920375823975 0.50708466768264771
v 0.49607415062138654 0.59017755156068885 0.50792674156594464
v 0.52472073426119437 0.6533329470869994 0.51168477711566507
v 0.52459806203842163 0.67014884948730469 0.50087457895278931
v 0.53439154241207865 0.63782678342807253 0.50746995473091994
v 0.56208831071853638 0.62215662002563477 0.49722191691398621
v 0.5267330446434253 0.61284613892900275 0.506148170582149
v 0.54486542940139771 0.61475467681884766 0.50723648071289062
v 0.54010599851608276 0.70887660980224609 0.501473069190979
v 0.52840214967727661 0.69248944520950317 0.50160771608352661
v 0.57386051840483854 0.61796478590659298 0.47982049584882031
v 0.58637869358062744 0.71017521619796753 0.48445841670036316
v 0.55316416778009003 0.67256983740863363 0.49752512017793904
v 0.55387689937830265 0.68153249439851471 0.49774825326133348
v 0.5392604844871367 0.58842335826136638 0.47574816092565941
v 0.53515668748460088 0.6680601578420805 0.49669333511945341
v 0.57387644052505493 0.67867952585220337 0.48709815740585327
v 0.57609926766717867 0.64967666752727182 0.47742564568438417
v 0.58725415591676955 0.67908020224330456 0.47898717403941021
v 0.57668210503133088 0.61917857273686416 0.46975886747407519
v 0.57585491675174183 0.58769611694583235 0.46186200874218725
v 0.58404034376144409 0.62592917680740356 0.46846407651901245
v 0.52385103702545166 0.59606927633285522 0.49798643589019775
v 0.51741074697467848 0.55086243004617408 0.47120152402592047
v 0.51043982477388683 0.58447170927347225 0.50311649738080122
v 0.6018777218438065 0.68974045004094886 0.47497976235629824
v 0.62794734129400809 0.67247858313141284 0.45476457015163224
v 0.64038561092837221 0.7144334561614013 0.44573457640864445
v 0.62731459117627142 0.62081277180900241 0.43142550805380114
v 0.64069592952728271 0.59331190586090088 0.3867914080619812
v 0.63954966392903378 0.6098451123945664 0.40387228117782981
v 0.6536489725112915 0.67304939031600952 0.42496636509895325
v 0.66566071852409991 0.70867035175528148 0.42197643802754653
v 0.68331974744796753 0.69144567847251892 0.38981924951076508
v 0.66148698389116833 0.65415167762968551 0.39210391836374586
v 0.67006552219390869 0.66601425409317017 0.39360985159873962
v 0.6468271017074585 0.63143324851989746 0.41515752673149109
v 0.63672196865081787 0.61447775363922119 0.4041329026222229
v 0.62465221584248931 0.58258329341904047 0.40134608499370444
v 0.53889172408137176 0.5172543407943937 0.40739139960706588
v 0.62478802047037185 0.60155087108348915 0.41659049407176585
v 0.62650388479232788 0.59171921014785767 0.3959507942199707
v 0.62355536222457886 0.59833872318267822 0.40572914481163025
v 0.65151983499526978 0.64089798927307129 0.41391894221305847
v 0.60328027110909443 0.63027843729832667 0.45545274563794313
v 0.57509571313858032 0.66470730304718018 0.48766064643859863
v 0.59291756153106689 0.64484751224517822 0.46527734398841858
v 0.59721089111323722 0.61818299640388985 0.45995155606117016
v 0.60617741530302605 0.69506586431451955 0.47851773496164984
v 0.56758278608322144 0.62717342376708984 0.48236170411109924
v 0.58002289234786275 0.6325405262159487 0.48339127333393311
v 0.53428912162780762 0.57691115140914917 0.47261834144592285
v 0.57440546986065855 0.57130522209363965 0.44150604882775746
v 0.60578286159939476 0.59882808574998303 0.42821715689470852
v 0.53536498546600342 0.56981319189071655 0.46144083142280579
v 0.51429259777069092 0.57297319173812866 0.49306094646453857
v 0.51549326972511855 0.58327781923472777 0.48993140664987755
v 0.6170809268951416 0.58467477560043335 0.4257567822933197
v 0.54625759014446351 0.56794687525665077 0.46182591073218648
v 0.51986905361828173 0.543251883673323 0.46426508733334587
v 0.570811927318573 0.30361658334732056 0.44086578488349915
v 0.54138827323913574 0.55918234586715698 0.46194958686828613
v 0.58436591499409096 0.55594063058193499 0.42390218477488628
v 0.59778372235926247 0.55560376122395583 0.39844597011370048
v 0.61671024560928345 0.55588001012802124 0.39255714416503906
v 0.52728830949537087 0.50313480696975876 0.40286769835013964
v 0.48224195837974548 0.48829659819602966 0.42310196161270142
v 0.4983744299098069 0.49572097808492466 0.41162745542514878
v 0.50364242267565118 0.51337754508367528 0.43352802213615721
v 0.5312039852142334 0.52573168277740479 0.43296170234680176
v 0.49422645568847656 0.51302701234817505 0.43403258919715881
v 0.5725600095258877 0.24810487378534646 0.4460628511501365
v 0.43418771028518677 0.3379787802696228 0.43395811319351196
v 0.45861557126045227 0.46052122116088867 0.40302526950836182
v 0.55598149399681396 0.35603734992878439 0.41327169813992809
v 0.56469962414745545 0.34356033571406103 0.43087990933790293
v 0.61322683095932007 0.22277985513210297 0.40980786085128784
v 0.59807693958282471 0.29701885581016541 0.42720666527748108
v 0.57451509501712739 0.52933485354723586 0.39104341621201161
v 0.5749331278186004 0.36749932540204772 0.39688503363872335
v 0.58713915498157443 0.35712836538184511 0.39988912765769741
v 0.60686338053151512 0.31134443308051041 0.4165053881675107
v 0.63685953617095947 0.25926408171653748 0.40343689918518066
v 0.61395508050918579 0.28198513388633728 0.41694539785385132
v 0.60892879680717216 0.24581271225510654 0.41797858088867013
v 0.59748096788942584 0.29496719844088698 0.43906979788265688
v 0.56398033679057313 0.31768725990011837 0.44199957961930114
v 0.58089671811533716 0.30516528470068233 0.43644569956585683
v 0.58218675851821899 0.22762969136238098 0.43551516532897949
v 0.58155876398086548 0.26766824722290039 0.43685093522071838
v 0.49518294994870254 0.29898486627975751 0.48362529423968953
v 0.52261523550252542 0.24591234862164463 0.47747170472181372
v 0.48977061829763807 0.3177911856762296 0.47284513200180639
v 0.4785846483422293 0.24304164236226689 0.48996495803095935
v 0.47110368899600652 0.51582605509666601 0.46976465342584439
v 0.54589825868606567 0.29204928874969482 0.47367927432060242
v 0.53870141506195068 0.3079359382390976 0.46172596514225006
v 0.55219024419784546 0.3067915141582489 0.45481330156326294
v 0.53947252035140991 0.55136215686798096 0.45668068528175354
v 0.55172127485275269 0.26082137227058411 0.46210336685180664
v 0.56154247866048068 0.25928401561884978 0.45541141605303792
v 0.56875085830688477 0.26508277654647827 0.46279764175415039
v 0.52825278043746948 0.26843702793121338 0.47483217716217041
v 0.49349093258346594 0.2187077180714698 0.48118476269337124
v 0.54414230850416812 0.27883962639183785 0.46755982748891001
v 0.46304594916785835 0.23993498686605186 0.49415642397110615
v 0.51973215128411465 0.26917710315489624 0.48336116941739043
v 0.53569784356967343 0.28959380541255159 0.46897130001202048
v 0.51791095733642578 0.28429965674877167 0.47394794225692749
v 0.52125829776729182 0.32032736359073088 0.45992570752461664
v 0.50547252109317331 0.54678576409372304 0.47465795608584699
v 0.48071405291557312 0.27873393893241882 0.49153226613998413
v 0.51218432188034058 0.27018308639526367 0.49015283584594727
v 0.47997555783675572 0.26403487508960832 0.49535700475620809
v 0.44201461272945036 0.29570140468822631 0.49708791658208451
v 0.47216638922691345 0.28792408108711243 0.48848408460617065
v 0.45306106657048734 0.25993196911321842 0.50034010175600907
v 0.45352795301807625 0.29249259135187028 0.49296184431024265
v 0.48174724576265415 0.31847077918504096 0.46965325510095685
v 0.50302823780218819 0.28062211750025384 0.47856082461971206
v 0.43719619512557983 0.50197625160217285 0.47372013330459595
v 0.46987318992614746 0.52443242073059082 0.47340324521064758
v 0.4774797260761261 0.53106683492660522 0.47931820154190063
v 0.46069015685701115 0.51624665991008822 0.47684982316746855
v 0.44150470421899435 0.49887761831030003 0.46720865585546145
v 0.44089999902166965 0.30988395397398283 0.47737276915514626
v 0.42465174198150635 0.27913635969161987 0.50561505556106567
v 0.43352377414703369 0.20208355784416199 0.5006706714630127
v 0.41177394274929197 0.21416427780709105 0.50511188972571308
v 0.51822960376739502 0.17174233496189117 0.46833446621894836
v 0.42402827739715576 0.22703318297863007 0.50926691293716431
v 0.43058656425472025 0.15529914832052508 0.4971134832950404
v 0.41532798111438751 0.13522062450647354 0.49459494650363922
v 0.4383731484413147 0.13595142960548401 0.48505872488021851
v 0.4603634774684906 0.094680078327655792 0.47329223155975342
v 0.44249318184729719 0.062707676530041279 0.47197770020958824
v 0.45801358783701751 0.1035788818391096 0.47471388657062197
v 0.4542885422706604 0.15969628095626831 0.49228742718696594
v 0.46670116084969582 0.071584948732515127 0.46698616105070356
v 0.47917068004608154 0.075990922749042511 0.46401160955429077
v 0.46114882826805115 0.084215931594371796 0.47345429658889771
v 0.50748069857199618 0.162415260541902 0.46998599454010315
v 0.51956838369369507 0.13819366693496704 0.45783725380897522
v 0.5178305345944525 0.12678931492013301 0.45842093593405181
v 0.57340407371520996 0.19963222742080688 0.43522855639457703
v 0.59878531625723297 0.22226527287830214 0.42022097936804148
v 0.55716818571090698 0.098103411495685577 0.43037062883377075
v 0.5597553599423738 0.16931001544515312 0.4371260256016325
v 0.51098257303237915 0.14037396013736725 0.45640024542808533
v 0.63510090112686157 0.13455626368522644 0.37021028995513916
v 0.64733695313348649 0.13220322504722648 0.3557031699290446
v 0.62405726743270284 0.14563871294224728 0.38435843241447937
v 0.63214771278379078 0.092754601843581794 0.35953857199801281
v 0.64625455595461267 0.12253120214799039 0.37575756265548266
v 0.65224505620520246 0.19406550479527818 0.37771364697819604
v 0.64852023124694824 0.1624578982591629 0.35768833756446838
v 0.66367107629776001 0.18613064289093018 0.35269442200660706
v 0.6371665381571644 0.22563989477469684 0.38219430149542633
v 0.64788814696836605 0.21537567804053279 0.36930787555856093
v 0.65465748310089111 0.17188757658004761 0.35362699627876282
v 0.69085228443145752 0.19175246357917786 0.32731737196445465
v 0.67310177057697573 0.17703523761844123 0.34358880731363056
v 0.63878718911401133 0.14509416742586542 0.36276058526859772
v 0.62988345501761756 0.082489153052048653 0.33925300930394386
v 0.65914779901504517 0.06495252251625061 0.3041979968547821
v 0.64390486478805542 0.076901473104953766 0.33037999272346497
v 0.65160498023033142 0.14320674538612366 0.35165689885616302
v 0.63512039374995 0.19836180585370017 0.38278594895713053
v 0.61797767877578735 0.15681307017803192 0.38747066259384155
v 0.59776080681079313 0.14366444645796769 0.40279940381363527
v 0.5834259442509413 0.1674293442997925 0.42388616134262591
v 0.59204316139221191 0.18887515366077423 0.42705929279327393
v 0.60160450196782655 0.19257415127096006 0.41146268423934668
v 0.58666509389877319 0.21422745287418365 0.42529013752937317
v 0.57831722497940063 0.18402780592441559 0.42890056967735291
v 0.56737659934540363 0.14027928880252746 0.42889034407321019
v 0.58113441994020265 0.1176586019297287 0.41895448168165328
v 0.57112906190675472 0.12264035819485575 0.42562343721238249
v 0.56270468235015869 0.1146351620554924 0.42953330278396606
v 0.55204933881759644 0.080180518329143524 0.42756083607673645
v 0.56449559434687113 0.090777135088363756 0.42512346260752149
v 0.60824900315527652 0.10973676932063961 0.40138656760906866
v 0.62862039788350421 0.12940124973538231 0.39214640911590393
v 0.52427564836131291 -0.052704977505331679 0.37398681191478328
v 0.54244943754243424 -0.02426328146616687 0.37867965071314313
v 0.51756978034973145 -0.030627699568867683 0.40031412243843079
v 0.497152179479599 -0.054639678448438644 0.39418515563011169
v 0.45485049486160278 -0.10428944230079651 0.34377941489219666
v 0.51503938481015965 -0.055103838002387308 0.37849837565965738
v 0.49444367816477847 -0.05612468948309253 0.40079734287831192
v 0.5295603412100075 -0.022346447544372598 0.38519356559236645
v 0.49368759989738464 -0.032446108758449554 0.40958455204963684
v 0.50398313040006348 -0.070457651457296433 0.37886453767331418
v 0.48952564597129822 -0.067366212606430054 0.38655278086662292
v 0.44671514630317688 -0.083476260304450989 0.40368160605430603
v 0.50608743055764494 -0.019092485107436805 0.42027679898888848
v 0.51132881641387939 -0.020121069625020027 0.38923385739326477
v 0.56564451097506985 -0.020626816252637046 0.35796203841102936
v 0.51930264813910831 -0.0061767543742890091 0.39682723717756752
v 0.46696459460227463 -0.084193933666300971 0.38539374873941645
v 0.48405168150627909 -0.090767914960134408 0.34663035801860415
v 0.45206332217855388 -0.092706703021721293 0.38588073262877165
v 0.47071510553359985 -0.087121158838272095 0.38241550326347351
v 0.47851088643074036 -0.081542342901229858 0.37143006920814514
v 0.46362844109535217 -0.098508976399898529 0.37359863519668579
v 0.45778286455379474 -0.10508954972773162 0.34777851068081606
v 0.4514814019203186 -0.099493250250816345 0.37337937951087952
v 0.4188227653503418 -0.080869197845458984 0.40737625956535339
v 0.428468257188797 -0.093041993677616119 0.40280932188034058
v 0.35795830597992373 -0.71363586530082446 0.051581020816035238
v 0.41616931798251894 -0.13011391624898089 0.34302959837657582
v 0.4713411812876353 -0.10607780318716913 0.32828060560112104
v 0.51453298330307007 -0.07317083328962326 0.34784156084060669
v 0.54113165775116734 -0.074244508654107852 0.31238165286690006
v 0.58114665746688843 -0.014419700019061565 0.3177933394908905
v 0.57796283333441933 -0.043009162288092331 0.31229803264970052
v 0.54765570163726807 -0.058856848627328873 0.33062499761581421
v 0.56009203195571899 -0.021855279803276062 0.36773839592933655
v 0.57537581087608247 -0.0087932740554634414 0.33921674426126458
v 0.56575489044189453 -0.0118837496265769 0.35100284218788147
v 0.57791106544478621 0.0028703101885434561 0.35048124327402347
v 0.5941182931425556 0.038371665981186166 0.35559821806807385
v 0.59750163555145264 0.011567889712750912 0.33203962445259094
v 0.64440246726576689 0.078329873822922308 0.32111334326041913
v 0.61421144008636475 0.05130356177687645 0.32647150754928589
v 0.62242168188095093 0.019654750823974609 0.32793411612510681
v 0.60560146945713544 0.038166342587231242 0.34500675492153415
v 0.63232517242431641 0.036294210702180862 0.31232601404190063
v 0.63000516544149732 0.079051431015751183 0.3632715088613615
v 0.53589588403701782 0.081687361001968384 0.44067203998565674
v 0.57221766224615522 0.044514251359687181 0.40160820134369418
v 0.55848759412765503 0.00071144499816000462 0.37894083559513092
v 0.52967501080814794 0.011621725346129198 0.40897643249775328
v 0.47673134865192829 -0.0056415278859648504 0.44118725192878272
v 0.48670539259910583 -0.015595880337059498 0.4371202290058136
v 0.51907325923431957 -0.0012650846332439263 0.42064848193520921
v 0.5760108731930671 0.063716632383265207 0.41035819289729092
v 0.55086420208492637 0.054210584475221445 0.41398003270318268
v 0.53796768188476562 0.03644096851348877 0.41975435614585876
v 0.55216737051438725 0.043575968621610367 0.40907035540703923
v 0.55849236249923706 0.064602047204971313 0.42642173171043396
v 0.56042706966400146 0.063919790089130402 0.40960171818733215
v 0.52266714949024784 0.064400944407072058 0.4413646543834957
v 0.52664878631565537 0.0088828086472074359 0.41632749404723468
v 0.55465652690783818 0.073544616724968315 0.43015588326537674
v 0.51862184330279593 0.076045100771570381 0.44482343036820521
v 0.45368757126704146 0.043170215441307391 0.46606376457095988
v 0.48225867748260498 0.00083236000500619411 0.44516295194625854
v 0.46105849742889404 -0.012260420247912407 0.45445799827575684
v 0.42285506243486704 -0.076290761177502261 0.41966124564984475
v 0.43225774284830942 -0.039181377447464485 0.44761903102237205
v 0.46081819828159554 0.015741098521058615 0.46492702761432136
v 0.47983482865364069 0.047216164622984849 0.45907276841620226
v 0.45609861612319946 0.055701099336147308 0.46836546063423157
v 0.44069024920463562 0.047188069671392441 0.46966999769210815
v 0.36587379832576322 0.074537267870305027 0.49128215754649862
v 0.39788801400808693 -0.0054555195503274432 0.46711281002205424
v 0.42738920365605682 -0.057860224257743113 0.43947515918360325
v 0.40795711338562524 -0.094420560184942409 0.41994138970585704
v 0.41869205236434937 -0.05723147839307785 0.44016849994659424
v 0.41077601909637451 -0.025758510455489159 0.46799015998840332
v 0.33600907666529867 0.11577244468544663 0.50228782848494646
v 0.35356783866882324 0.037266608327627182 0.48188579082489014
v 0.34987596411820954 0.091401615153267668 0.49519280154736195
v 0.3501331946167936 0.026120916321490044 0.48678399203791384
v 0.39111922681331635 0.033860620111227036 0.47650584578514099
v 0.33675716912700848 0.00056747639452134563 0.47459068743967769
v 0.30625402824795633 0.043815153660950963 0.48876284069034415
v 0.37305411696434021 0.02187591977417469 0.47998097538948059
v 0.40845212340354919 -0.036109518259763718 0.45644998550415039
v 0.36988493800163269 0.088697001338005066 0.49324458837509155
v 0.36547459028291779 0.098037476558461206 0.49752371043333365
v 0.34519094228744507 0.092864297330379486 0.49555698037147522
v 0.3801556173531821 0.082739517290163433 0.49149898927744262
v 0.3177696019411087 0.094828225672245026 0.49814619123935699
v 0.31916475212561218 0.12391800513251662 0.50354431676995914
v 0.39749679605648902 0.16473150260490049 0.50538290319874668
v 0.40133324265480042 0.20816983282566071 0.5099143385887146
v 0.3093264102935791 0.14665748178958893 0.50367575883865356
v 0.37404038527041483 0.2259428957858734 0.51574308204181663
v 0.37940101997154863 0.17048853929348945 0.51222954575741808
v 0.35706149420322814 0.21163008014233015 0.51815864345940177
v 0.35616932345901836 0.21550051718611962 0.51667086989539446
v 0.33412075042724609 0.19323335587978363 0.51857459545135498
v 0.3226926006022548 0.18989606205241844 0.51337982297574924
v 0.33526185154914856 0.22096382081508636 0.52010750770568848
v 0.30603091268213101 0.20569527960086498 0.5180104284381688
v 0.30890609323978424 0.22432141751050949 0.51288604736328125
v 0.3394614319767934 0.15990324118348764 0.5050899555365137
v 0.32595811357434051 0.16698975347902861 0.50686548340910842
v 0.35065172035488157 0.15208422719378603 0.5053027893528419
v 0.32014066484295933 0.15888838398512695 0.50852649984582765
v 0.41255262494087219 -0.85672807693481445 -0.35765260457992554
v 0.28016838074097938 0.15738646199454956 0.50899294222494096
v 0.31133265849797676 0.16112601735165222 0.5057084235796262
v 0.29793274402618408 0.11933913081884384 0.50305944681167603
v 0.29279890883834642 0.21502267313457207 0.51303927911060698
v 0.2102153158167189 0.19249069336925628 0.49714822037970197
v 0.43976423144340515 -0.86099809408187866 -0.35457953810691833
v 0.25755435228347778 0.15070101618766785 0.49670198559761047
v 0.25266675801818655 0.16450829995408622 0.49835622041569194
v 0.27296799421310425 0.17028972506523132 0.49768528342247009
v 0.27096590399742126 0.10973446816205978 0.49313834309577942
v 0.25949284778084647 0.11520975909707744 0.48894572777800965
v 0.24455456435680389 0.089514389634132385 0.48478680849075317
v 0.26964497341847093 0.072929625143752647 0.49272042236970842
v 0.26847555199813594 0.069955752713997621 0.49362852572558785
v 0.23057880415640747 0.068434742850916164 0.47936914172040296
v 0.2544562722858375 0.10172276180880303 0.48831144115868347
v 0.2994387149810791 0.061624210327863693 0.49179866909980774
v 0.31118587399634173 0.065219406585933587 0.49675207882532985
v 0.2397666718870135 -0.00019148004007912768 0.47614976563097033
v 0.26595028875784527 0.012475330460008625 0.48078632371699448
v 0.26506759564600085 0.085704618457422638 0.49392444951263459
v 0.31190142035484314 0.066717863082885742 0.49205869436264038
v 0.2902993039005331 0.086265042196675523 0.49573671028978583
v 0.27902686595916748 0.12762461602687836 0.50080537796020508
v 0.31657925248146057 0.03356710821390152 0.48096737265586853
v 0.29888492892690316 -0.016156774832775646 0.47420129668468369
v 0.30310264229774475 0.0059414999559521675 0.47790977358818054
v 0.28793235076146906 -0.003500315330629306 0.4784513143566968
v 0.27902317047119141 0.011785389855504036 0.47673740983009338
v 0.25976683122190142 -0.11428469563875977 0.42213703449113066
v 0.24006252612569159 -0.13496937686225499 0.41312205671151847
v 0.2686542272567749 -0.12369611114263535 0.41284507513046265
v 0.27283839783935027 -0.13871295911164516 0.39726578639555804
v 0.2822279937165213 -0.11337664801061126 0.4203061055106701
v 0.31613075733184814 -0.1004139706492424 0.4370838850736618
v 0.27625638246536255 -0.11804548650979996 0.42296698689460754
v 0.28481439088107557 -0.15460728036956567 0.37227312572626942
v 0.30852613763987308 -0.11064448238067373 0.43349011267704524
v 0.29915264248847961 -0.12250874191522598 0.42128384113311768
v 0.26318922417971025 -0.091489432963592229 0.44520430211794804
v 0.27498012781143188 -0.078790150582790375 0.45095279812812805
v 0.28966703053595177 -0.080624712795401079 0.45320560001140586
v 0.25664718684851556 -0.083749899166705347 0.44461153967876227
v 0.32071390748023987 -0.098765626549720764 0.4299958348274231
v 0.30100455585582314 -0.13473323846710228 0.39409034080547395
v 0.2661937704318656 -0.15229761495472441 0.37380412648167161
v 0.27762612700462341 -0.15169602632522583 0.37078779935836792
v 0.25082924962043762 -0.15913310647010803 0.37243090569972992
v 0.27515962719917297 -0.1877284049987793 0.32292059063911438
v 0.36297266891995711 -0.13588529701885677 0.38422660493952565
v 0.24446636438369751 -0.17135787010192871 0.36683785915374756
v 0.22168469571404506 -0.19470635276723022 0.32669646439174832
v 0.23897910134373812 -0.15410343197115722 0.38305397700157229
v 0.22440310766726268 -0.16639874029245669 0.37763641558318767
v 0.25472704820517672 -0.14264067525541807 0.39021647342816734
v 0.25768659266655453 -0.070658629810298301 0.4429576040097592
v 0.26527271032205701 -0.061951780819554624 0.45681249026380444
v 0.2539667742226529 0.012786128643893764 0.48018096973616115
v 0.28052434325218201 -0.045417420566082001 0.46895450353622437
v 0.27169586071459545 -0.041849809532033114 0.46618727147089078
v 0.29125360904920694 -0.04030960529607043 0.47086731219470784
v 0.2806592583656311 -0.055151909589767456 0.46727839112281799
v 0.30047079920768738 -0.037807289510965347 0.47268116474151611
v 0.30811598896980286 -0.07490219920873642 0.4443090558052063
v 0.29851723043381062 -0.058008542069265853 0.4605037840468702
v 0.34022108287151798 -0.07570144180830285 0.45293491687677412
v 0.34690193005815623 -0.032941714438034404 0.47260940087583908
v 0.35357353157854821 -0.14180686108553123 0.36806425903504142
v 0.36995093063720763 -0.0725661690286038 0.45157922086802299
v 0.34644354672046151 -0.067077629523249443 0.45774761586239238
v 0.34268979465050442 -0.062396826424552146 0.46050694248364243
v 0.37312847375869751 -0.061824049800634384 0.46403834223747253
v 0.35927063340225429 -0.0015147469613676532 0.47387804377069764
v 0.34401830384637161 -0.018300626300123496 0.4709205842406935
v 0.42478598514930999 0.028000775099399425 0.47097776524657159
v 0.38154334178825677 -0.029344807497332166 0.46637181176491199
v 0.3917827308177948 -0.01556526031345129 0.47011896967887878
v 0.40244265694755227 -0.034214933891575781 0.46463587576435522
v 0.39703109860420227 -0.084568560123443604 0.43594652414321899
v 0.3435867646314899 -0.10656112427617086 0.4264556944112125
v 0.33336290247678074 -0.10773730131148729 0.42613899898724
v 0.32837900519371033 -0.1012815535068512 0.42803210020065308
v 0.40947200235681136 -0.076273988971652287 0.43655047175569855
v 0.3280656635761261 -0.067901469767093658 0.44711786508560181
v 0.32131755985820049 -0.085422631521060541 0.4462775955710962
v 0.31445691900881256 -0.12843493523146124 0.40517480186276089
v 0.32495473365162081 -0.15253513604628863 0.36391788678699527
v 0.37259529024091753 -0.15024802874620485 0.33279247112909643
v 0.40677298581568788 -0.13236754603627329 0.3477112421637738
v 0.40347208903607806 -0.14942306400178429 0.26389687076581336
v 0.42953459918498993 -0.1415201723575592 0.27245458960533142
v 0.34659036407874966 -0.15739274021978306 0.15360531288049811
v 0.30654368407436011 -0.1837329331358695 0.17417375030405377
v 0.35107085108757019 -0.16806590557098389 0.17207862436771393
v 0.37844934034464661 -0.16479411513873643 0.18502955946139701
v 0.33710531527161774 -0.76302992556424554 0.054860549109613722
v 0.3332468412154676 -0.68737296144862492 0.068776314153922727
v 0.30269461281031129 0.010111319068098855 0.030082287421291567
v 0.38494980335235596 -0.16363166272640228 0.18077199161052704
v 0.44820457442653183 -0.13498281080044836 0.24837326064425419
v 0.47549253303436567 -0.11757403208056105 0.14408411236912802
v 0.42553392052650452 -0.11492201685905457 0.10737170279026031
v 0.40530702471733093 -0.12148485332727432 0.11634019017219543
v 0.40318393707275391 -0.13875250518321991 0.14190390706062317
v 0.37273517251014709 -0.13869611918926239 0.12354026734828949
v 0.42392554879188538 -0.13549460470676422 0.15887992084026337
v 0.39676794409751892 -0.11670812964439392 0.130724236369133
v 0.38413568161394085 -0.12269345801075909 0.13858771258978092
v 0.41266921162605286 -0.14836896955966949 0.2453305721282959
v 0.46578650664811633 -0.11939419634899505 0.27986818219432213
v 0.45780327916145325 -0.12216935306787491 0.30932310223579407
v 0.48696622252464294 -0.10238315910100937 0.32421025633811951
v 0.46447565414412895 -0.1277188855477922 0.1672580304985897
v 0.47532597184181213 -0.13492122292518616 0.16001352667808533
v 0.4468572735786438 -0.11848732829093933 0.12538522481918335
v 0.45006275177001953 -0.09947030246257782 0.12119995802640915
v 0.37226562201976776 -0.093805193901062012 0.10401247441768646
v 0.43923431634902954 -0.072807811200618744 0.077140599489212036
v 0.50979390663045154 -0.024296482504196994 0.059606834488445143
v 0.50804787874221802 -0.080026566982269287 0.098137937486171722
v 0.47239485383033752 -0.050246700644493103 0.093910589814186096
v 0.44749466844969055 -0.066692071965185951 0.070586410011032413
v 0.40366009985714807 -0.069105082843861979 0.078839094538476928
v 0.47617965984944693 -0.079630794427327012 0.10032291105655571
v 0.46948990225791931 -0.067347727715969086 0.12834508717060089
v 0.50022268295288086 -0.077478900551795959 0.13817165791988373
v 0.37580814957618713 -0.12857042253017426 0.14279980957508087
v 0.32818588614463806 -0.14312274754047394 0.12985360622406006
v 0.41482922434806824 -0.079292662441730499 0.095781989395618439
v 0.30698533435707742 -0.052383921207490948 0.089941680792975903
v 0.5430682897567749 -0.082489542663097382 0.14752437174320221
v 0.43068404698268753 -0.064500422060850271 0.068886352839923087
v 0.34492981029855263 -0.068049706552447131 0.089473856370175825
v 0.40582968294620514 -0.092790618538856506 0.099950764328241348
v 0.36933342112955236 -0.081753697225831062 0.086021039714121963
v 0.41561776399612427 -0.10876005887985229 0.11579058319330215
v 0.43512806296348572 -0.10694222152233124 0.12779031693935394
v 0.42053472995758057 -0.12447530031204224 0.11805784702301025
v 0.41484963893890381 -0.12364131957292557 0.14401133358478546
v 0.32636104999762772 -0.17268324091214396 0.15750258217118523
v 0.33984756469726562 -0.1570909321308136 0.13080289959907532
v 0.29983216608258534 -0.12284239776820549 0.096857223613099425
v 0.31810042362502688 -0.090505423129579252 0.099446159614243038
v 0.30264037847518921 -0.084837533533573151 0.096987292170524597
v 0.31353098154067993 -0.15455862879753113 0.11291783303022385
v 0.28859108686447144 -0.072504431009292603 0.083350442349910736
v 0.27423933148384094 -0.12538312375545502 0.086583040654659271
v 0.28070583939552307 -0.14630524814128876 0.062846347689628601
v 0.24871891736984253 -0.17810700833797455 0.083034567534923553
v 0.30026498436927795 -0.14680562913417816 0.077214352786540985
v 0.30641551600607775 -0.10871004391002478 0.090682614005681866
v 0.28744464341689979 -0.099910753182415241 0.095134134507418297
v 0.30343282313769609 -0.10038744805376178 0.09375618272266717
v 0.32524393289266595 -0.042596690904947658 0.060436213275621258
v 0.2753215191074459 -0.084653154085274615 0.06630215923056379
v 0.29316788556622647 -0.03471817764179614 0.069740818581997016
v 0.31272017955780029 -0.067992448806762695 0.097764700651168823
v 0.28926041722297668 -0.04491380974650383 0.073868326842784882
v 0.27241989970207214 0.015214899554848671 0.048401940613985062
v 0.35160431265830994 -0.68213742971420288 0.046061649918556213
v 0.25185340642929077 0.025429399684071541 0.055533900856971741
v 0.28713095188140869 -0.039054080843925476 0.12225189805030823
v 0.2929767370223999 -0.052566628903150558 0.14557561278343201
v 0.27134284377098083 -0.048193059861660004 0.13962149620056152
v 0.26333397626876831 -0.073105037212371826 0.1262844055891037
v 0.22224870324134827 0.12014038860797882 0.073858462274074554
v 0.23265738785266876 0.13305480778217316 0.066942222416400909
v 0.22868646681308746 0.11333096772432327 0.073640197515487671
v 0.22494404237812318 0.13742449797325196 0.075309883987004875
v 0.24357390585776234 0.077125583015868943 0.069558058049764851
v 0.2371110898110618 0.00038004197622042152 0.060653318340408886
v 0.26599201560020447 -0.020066950470209122 0.08036399632692337
v 0.2444060153629137 -0.088135840471766036 0.10082241318149827
v 0.23777636696637039 -0.21429137010955907 0.075400253263011183
v 0.23967158825685458 -0.14318928919597557 0.10882343243183296
v 0.25186964869499207 -0.11480104923248291 0.11903555691242218
v 0.24361642571282188 -0.12036833241904982 0.10637687350383235
v 0.26059743762016296 -0.029370199888944626 0.11725883185863495
v 0.26382227876564296 -0.05253348800758096 0.12860828088272305
v 0.26837171197484627 -0.19582149106078311 0.22204871229002243
v 0.22688487854511555 -0.21610449132465218 0.2491266517544016
v 0.26741340488280296 -0.19796384197492947 0.16159886037170923
v 0.29417938756643225 -0.18411229104507834 0.3116704480265638
v 0.28963651380745736 -0.19125524036844166 0.1898489104899658
v 0.30442297388976852 -0.18488381859532754 0.28148253163200082
v 0.31641677021980286 -0.18262596428394318 0.29261192679405212
v 0.32024120620299351 -0.17671358200426743 0.29999926175571084
v 0.26183710188731874 -0.17744107578754123 0.10216436390100787
v 0.24035624893204896 -0.70844317739128915 0.053893674711327222
v 0.31574768018911636 -0.17442169200881283 0.14247174364329213
v 0.27674801727392279 -0.18363638863332313 0.12120005675962744
v 0.26134613156318665 -0.19655193388462067 0.12478464841842651
v 0.30935090780258179 -0.68918061256408691 0.059301350265741348
v 0.24229054152965546 -0.21638892590999603 0.091958202421665192
v 0.24329923093318939 -0.2128511369228363 0.19955320656299591
v 0.26017462587404994 -0.19556330931112184 0.079624631986350197
v 0.23365940153598785 -0.22427886724472046 0.078056253492832184
v 0.24988967180252075 -0.14348132908344269 0.051881719380617142
v 0.23830432436479013 -0.21005096504372969 0.20562659130575842
v 0.22282774294165442 -0.21669301799088039 0.15262140532616481
v 0.26318264260109103 -0.69103828067078255 0.056021600817276147
v 0.29913100600242615 -0.75001996755599976 0.051505260169506073
v 0.27227353201953958 -0.76015596568126198 0.05407206677480729
v 0.23083768272826349 -0.74405143424901321 0.047623067823330999
v 0.25553262233734131 -0.71943426132202148 0.062661647796630859
v 0.2353772895995348 -0.79462308086491418 0.045250434797224896
v 0.26774013336672509 -0.85911418054723387 0.041458647344160167
v 0.25977042317390442 -0.80822032690048218 0.055477309972047806
v 0.3056666988903553 -0.75935270886716699 0.051495302374614291
v 0.2782083319000947 -0.76613570907958251 0.049924582079458442
v 0.26250696182250977 -0.66901636123657227 0.047621101140975952
v 0.26983696563204668 -0.71522791887564452 0.060254156331549374
v 0.28448315202164204 -0.74989080676909015 0.056683525480330378
v 0.27828589081764221 -0.71043330430984497 0.05404302105307579
v 0.27474382160861294 -0.73048304110655737 0.058366730992179164
v 0.2607535719871521 -0.83092409372329712 0.048378691077232361
v 0.21933674705663461 -0.82754255929446863 0.039742571019241571
v 0.24576388694080609 -0.82209016111427757 0.045273688964868636
v 0.24225293560520006 -0.83873004351912839 0.042982592870360659
v 0.23574525728542856 -0.68928437486930816 0.048319904848995822
v 0.24425228237658717 -0.67289977874095563 0.043756496204088016
v 0.24394124746322632 -0.64899742603302002 0.020597450435161591
v 0.24633124470710754 -0.20671656727790833 0.051025170832872391
v 0.23642742567955066 -0.22049701419066547 0.05583583352778481
v 0.22192482650279999 -0.22628757357597351 0.028888819739222527
v 0.23580852150917053 -0.16589361429214478 0.046744659543037415
v 0.2597529326673752 -0.18931596475479587 0.052643519966711211
v 0.24737903475761414 -0.010409119538962841 0.052744768559932709
v 0.22263620343296012 -0.010341438412910168 0.054682483735545961
v 0.23008374341178534 0.004729574536529885 0.061213797535042365
v 0.24358249089397277 0.05729138571798989 0.065895771623136395
v 0.26319748163223267 0.067047126591205597 0.052357248961925507
v 0.23780618932182923 0.12596805143423395 0.057025425876399222
v 0.25611450074905373 0.085663266428507009 0.058651145291456444
v 0.24499581411453536 0.037200400012687214 0.061679380719453267
v 0.26491525769233704 0.094216853380203247 0.044288430362939835
v 0.2633655798716063 0.11124953406808991 0.045185355976529486
v 0.24839988350868225 0.12933079898357391 0.04672824963927269
v 0.26702268720459238 0.058063898970639016 0.048571778919965905
v 0.25624234234730414 0.037658210128712559 0.04356147704962781
v 0.2561284815417415 0.021265108577625244 0.051790308840166187
v 0.24688219453607108 0.042752104522623409 0.059930003778332047
v 0.27885103122589983 -0.66521406716304621 0.042240813027585832
v 0.26056733540723909 -0.15551562736499641 0.040686762399180711
v 0.23133141180319625 -0.66078799463021443 0.02066481996465178
v 0.33816447344341227 -0.72143095118566325 0.054262419319453067
v 0.34950637817382812 -0.73554891347885132 0.054073140025138855
v 0.34225277321328579 -0.70742163055830198 0.054138278438524347
v 0.31488674879074097 -0.70960003137588501 0.062224231660366058
v 0.29300387626151247 -0.67181108573288095 0.046098466501834086
v 0.31081497610963421 -0.73822260127866501 0.057053690263186213
v 0.29139270946934187 -0.70072179990126793 0.058793033034099773
v 0.32678499817848206 -0.71352887153625488 0.06772284209728241
v 0.380838543176651 -0.71212714910507202 0.052072890102863312
v 0.34193798899650574 -0.73828232288360596 0.062948837876319885
v 0.33457177793609516 -0.7342904692067066 0.066203979274364361
v 0.29413685202598572 -0.031422849744558334 0.056967470794916153
v 0.34276206495073003 -0.6691700506174445 0.060833632924853269
v 0.31004863977432251 -0.0041700601577758789 0.033692490309476852
v 0.2971266508102417 0.061559218913316727 0.011979259550571442
v 0.27984114829781925 0.058877074709170168 0.038948189969439877
v 0.31493175029754639 -0.65335661172866821 0.00048883998533710837
v 0.29899603567796978 -0.66132094784444595 0.02612265438978573
v 0.31980686845912748 0.018003397692717246 0.020392752619194588
v 0.32154881690380904 0.0022011939473851037 0.020354755122539515
v 0.40209492987748213 -0.056438215320186197 0.055424116807657318
v 0.35748311877250671 -0.65176695585250854 0.046953670680522919
v 0.48466986417770386 -0.027717530727386475 0.060045570135116577
v 0.43034224219174139 -0.032802020944400975 0.018071676058492282
v 0.48586282392633184 -0.028302374789168638 0.025089200815426128
v 0.38530329893714937 -0.059989207645906262 0.058383611393813616
v 0.36789950728416443 -0.71643555164337158 0.059610851109027863
v 0.36952254176139832 -0.64873433113098145 0.048579119145870209
v 0.36797845363616943 -0.73547714948654175 0.051905948668718338
v 0.35421505249308444 -0.67776204734066203 0.063902190515242263
v 0.36520484089851379 -0.66315823793411255 0.023860210552811623
v 0.41722846692923232 -0.74490512547109611 0.035947349248427067
v 0.3559337842070866 -0.72785625730536041 0.057177483656508619
v 0.38252818584442139 -0.72724133729934692 0.055410299450159073
v 0.40232044623188712 -0.74520902475964146 0.041864494432869027
v 0.38994324207305908 -0.70046389102935791 0.03397563099861145
v 0.3859070967648302 -0.69896037971521208 0.040474837977462721
v 0.38819354772567749 -0.70576316118240356 0.039720218628644943
v 0.37977409362792969 -0.66790950298309326 0.034048069268465042
v 0.44032558798789978 -0.7270473837852478 0.021663859486579895
v 0.43308702111244202 -0.68408608436584473 0.030769839882850647
v 0.43256150224342349 -0.74888175958049219 0.033185388935411252
v 0.40695985844963928 -0.70562027966171315 0.031344121794941254
v 0.4125731885433197 -0.77323740720748901 0.063236936926841736
v 0.38922353521705549 -0.78642919363031116 0.051509318179179815
v 0.31300889385797653 -0.77573179285221294 0.047297515053843608
v 0.34363220100472019 -0.77359744232565231 0.057175576674111828
v 0.34614988209980146 -0.78376529531054917 0.050704347050199619
v 0.30294910073280334 -0.91043144464492798 0.01464490033686161
v 0.36893612146377563 -0.75346773862838745 0.057395521551370621
v 0.39609843492507935 -0.75198507308959961 0.052363079041242599
v 0.40920722484588623 -0.74495792388916016 0.059298738837242126
v 0.39404013752937317 -0.7683214545249939 0.064098387956619263
v 0.34237883029094518 -0.80007918921665566 0.048649759142711156
v 0.32611999409139869 -0.84038395340552896 0.042776044663949096
v 0.38107542150290652 -0.84194728138690544 0.0042214688596784412
v 0.38323688507080078 -0.81744384765625 0.049180921167135239
v 0.29138452562054684 -0.84661087811415769 0.045569570146792859
v 0.31044482257738981 -0.78595868093228083 0.047097119233703494
v 0.29725597758428496 -0.83535805964111876 0.046452336564192821
v 0.32102088404683599 -0.85346400978844594 0.042988969400229886
v 0.32533073425292969 -0.86654704809188843 0.0031938399188220501
v 0.31037707265254222 -0.8669379310671872 0.041331400278064152
v 0.33715969324111938 -0.85699355602264404 0.036974631249904633
v 0.37305039167404175 -0.83354538679122925 0.04143897071480751
v 0.35769635876364198 -0.84055089262701743 0.038089114258899548
v 0.48932230204359145 -0.10928921685465237 0.13217383978545966
v 0.54206793654227181 -0.069016258555402596 0.11975515068858711
v 0.5143735408782959 -0.088466860353946686 0.12952981889247894
v 0.53229399749877082 -0.018952342408839487 0.043550468701110914
v 0.51927167177200317 -0.021226579323410988 0.040123868733644485
v 0.54739371173367568 -0.035109984026673854 0.12735079948712175
v 0.56063485145568848 -0.065757766366004944 0.12420798093080521
v 0.59125721501117867 -0.025705962530945477 0.0597827510267539
v 0.52070003747940063 -0.0070763798430562019 0.046808458864688873
v 0.5783741978698127 -0.00057463523553948135 0.041770875142773521
v 0.63354897499084473 -0.023187959566712379 0.10304120182991028
v 0.59510977925449715 -0.6594375266993121 -0.069645522677057786
v 0.57318197315828268 -0.048860241981131439 0.086725448154003418
v 0.50481897592544556 -0.070461921393871307 0.16159053146839142
v 0.54410552978515625 -0.072518832981586456 0.1379624605178833
v 0.48217588663101196 -0.066035769879817963 0.14534279704093933
v 0.51239764615844496 -0.10316073299533256 0.18899452536339573
v 0.58168561661142526 -0.049567970329099306 0.28126903467768549
v 0.5193677544593811 -0.098896048963069916 0.2775534987449646
v 0.51221861614367148 -0.092470641586076985 0.29840051202197171
v 0.56065970659255981 -0.068967200815677643 0.27790045738220215
v 0.65311603498058379 0.00015774476696266235 0.25167778671378144
v 0.65070274472236633 0.0082371702883392572 0.23130527138710022
v 0.57951545715332031 -0.055884618312120438 0.29279059171676636
v 0.59104786129573827 -0.022360558352227004 0.31676520294022226
v 0.59985719431583984 -0.026284780927919617 0.29905136331520449
v 0.55522127536575394 -0.055137534143245751 0.32172566708145123
v 0.60393400187259105 -0.024078216555125629 0.289492210704758
v 0.58637428283691406 -0.042223911732435226 0.28627416491508484
v 0.60546985440192791 -0.046608144775550316 0.17504399052260497
v 0.60724232313323268 -0.023962088864416926 0.27370106668214828
v 0.62766051259507205 -0.012716973272861951 0.27190722249532878
v 0.63390392065048218 0.00096084002871066332 0.28910839557647705
v 0.63428293188901552 0.011204504486129471 0.28757721651743251
v 0.65678369998931885 0.022023389115929604 0.23083773255348206
v 0.65235733985900879 0.038536738604307175 0.27287182211875916
v 0.64239073069744457 0.007067500533241006 0.26171133830439092
v 0.62905228114893341 0.063402591487306759 0.32753804283980803
v 0.64792907238006592 0.057080738246440887 0.31367132067680359
v 0.63921837856359409 0.031335073662376194 0.29871272781512453
v 0.66164195537567139 0.05244717001914978 0.31415429711341858
v 0.62093162536621094 -0.001194569980725646 0.29228469729423523
v 0.61165947934991027 0.010465453107341744 0.3151828038527873
v 0.60515285388703188 0.0019301046194197143 0.31334118591313692
v 0.64022856950759888 0.071062490344047546 0.32189834117889404
v 0.63958990573883057 0.051294438540935516 0.30926981568336487
v 0.67004574268639572 0.10530297491751472 0.30790237122176956
v 0.67335111717668472 0.12597496992756771 0.30882188122017079
v 0.66924085282339751 0.092408493799117336 0.29530290524404962
v 0.67474959735146456 0.070849084300199108 0.27108463378373637
v 0.66112228404340989 0.044622898509347732 0.28543504720227125
v 0.66762046680362896 0.11118648576899563 0.31383914422854559
v 0.67686888575553894 0.068887535482645035 0.25896884500980377
v 0.67837820208726118 0.11238305939025642 0.30144064433499868
v 0.66337692956830419 0.068944384438071799 0.29179134359243331
v 0.66350095537603415 0.041432545369559017 0.22292280490495855
v 0.66521203517913818 0.071956239640712738 0.29656323790550232
v 0.65014630556106567 0.0033543100580573082 0.22184163331985474
v 0.67437425245785021 0.017196571845500205 0.12897855475698886
v 0.59643796608423083 -0.006749036496572984 0.029391879314996677
v 0.65330739854470532 -0.01341268032782021 0.11187575149142207
v 0.68107855483535706 0.033747000431119639 0.16729418932336651
v 0.54275554479761345 -0.0085932804399452885 0.05221513088029843
v 0.61088407039642334 -0.00052712997421622276 0.021376369521021843
v 0.65423369407653809 0.022881889715790749 0.033807378262281418
v 0.6036028265953064 0.038640920072793961 0.012200029566884041
v 0.44390386343002319 -0.0024435198865830898 0.012072579935193062
v 0.57262009382247925 -0.0039914399385452271 0.085643962025642395
v 0.63117265449184534 -0.018116524372850773 0.2047183410558108
v 0.65872965524514215 -0.010933585350972873 0.12741655021129211
v 0.6776689887046814 0.016988730058073997 0.078491248190402985
v 0.67071953759344238 0.033725647012525437 0.048612242610369963
v 0.68491710599610089 0.048204153814362549 0.029948688606412657
v 0.69148588180541992 0.054396439343690872 0.15508358180522919
v 0.66472166180711489 0.016926502149671483 0.20342938819276787
v 0.76795661449432373 0.19239768385887146 0.077085018157958984
v 0.76140052080154419 0.15374809503555298 0.044754121452569962
v 0.73305577039718628 0.12710422277450562 0.19309051334857941
v 0.76805419868597358 0.18055272463561112 0.1797032304893699
v 0.72695003600356756 0.16400907364848205 0.19355929613548281
v 0.73840117454528809 0.17390589416027069 0.19161683320999146
v 0.76203813084393579 0.17465363895820052 0.11288162364993136
v 0.75282317399978638 0.18252994120121002 0.1929868757724762
v 0.76283872127532959 0.16057489812374115 0.15016251802444458
v 0.77485054731369019 0.20287913084030151 0.11118900030851364
v 0.75875872373580933 0.16847604513168335 0.05904059112071991
v 0.72334027290344238 0.19858673214912415 -0.03218642994761467
v 0.77700450186826531 0.22280308360366657 0.12731871182084342
v 0.77318799495697021 0.20366041362285614 0.078900501132011414
v 0.78808748873722445 0.21069459621686368 0.13877629214306469
v 0.78414002139401684 0.20629419582492614 0.15908910669916584
v 0.77656620740890503 0.21852655708789825 0.16372926533222198
v 0.73884546756744385 0.1808028519153595 0.21700462698936462
v 0.72514969110488892 0.17554375529289246 0.25726532936096191
v 0.74204999062276911 0.22028361866332777 0.26013942597816381
v 0.70428647660260446 0.22212827944222652 0.29690259432274385
v 0.72504223452889616 0.18075087309686783 0.26328482032125133
v 0.71455633054314249 0.17436422762044634 0.26970766250372302
v 0.6974060223918096 0.1550472808046858 0.31273754666482761
v 0.69988274977292442 0.12997225540632409 0.28560591723319129
v 0.70175544487134556 0.15462475111351481 0.30270801588504248
v 0.70431530475616455 0.17088046669960022 0.30298638343811035
v 0.71822218176826291 0.14614239084842545 0.26138556792826884
v 0.70207598642312274 0.18264321632453376 0.3009135246624503
v 0.72780781354574153 0.12759765004247672 0.210380674380091
v 0.7161986231803894 0.15797050297260284 0.2563270628452301
v 0.7077949047088623 0.15047429502010345 0.27362573146820068
v 0.72083055973052979 0.16772657632827759 0.23806163668632507
v 0.72759151458740234 0.16580406576395035 0.21330976486206055
v 0.71022383914872211 0.13845011042612917 0.26169552069384688
v 0.73243420972912354 0.10902800004418241 0.20111232285247199
v 0.73206736868054501 0.10833364731787942 0.21626247447808003
v 0.73507783799477533 0.12902695009001863 0.17894363446670283
v 0.71076488494873047 0.1002475768327713 0.20267066359519958
v 0.71486908197402954 0.11964359879493713 0.229673832654953
v 0.71865889430046082 0.14462186396121979 0.21828277409076691
v 0.70070523023605347 0.063614167273044586 0.19278968870639801
v 0.69154672549116303 0.081603159407191719 0.23548565623324502
v 0.70344198965906091 0.1415441602135252 0.28076140152752477
v 0.6966366171836853 0.11263495683670044 0.27605795860290527
v 0.67430578302631206 0.096129256590841664 0.2912867827751654
v 0.69525259733200073 0.06915108859539032 0.2142644077539444
v 0.68501980846504307 0.053547049626637401 0.22639942563628426
v 0.67595930267558435 0.036748123519048055 0.21850456296455328
v 0.71269700078103038 0.075291234435516954 0.2018387001122868
v 0.70988334319768653 0.08369547849146565 0.1825507574563231
v 0.72252672910690308 0.093230031430721283 0.18906715512275696
v 0.71638548374176025 0.082503288984298706 0.14125934243202209
v 0.74574273824691772 0.12137036025524139 0.14584097266197205
v 0.73467641431052899 0.10505472388228619 0.13077185311966152
v 0.73377425793447393 0.1198014491918967 0.10230135051126577
v 0.69930027883892276 0.069865482621213809 0.16238991389232119
v 0.73734487889131684 0.10742109033254171 0.1512346917836872
v 0.73845267295837402 0.13638842105865479 0.044691130518913269
v 0.74286764860153198 0.12793569266796112 0.045277319848537445
v 0.76270186901092529 0.14179351925849915 0.099864840507507324
v 0.70174174702140524 0.046021505976970654 0.13971489261455933
v 0.6834385346005295 0.025872641145342701 0.16866198823689557
v 0.68084287643432617 0.019527660682797432 0.14693352580070496
v 0.72419387800486046 0.095445227612567185 0.068018062815645305
v 0.72640687227249146 0.11659830063581467 0.058626450598239899
v 0.64795547723770142 -0.64842772483825684 -0.1466401219367981
v 0.74555689096450806 0.12942023575305939 0.068794816732406616
v 0.7201032366694109 0.083781985856414318 0.085799365438545772
v 0.71860635280609131 0.084101997315883636 0.10339002311229706
v 0.71173107624053955 0.058634448796510696 0.12219419330358505
v 0.74796135717374945 0.15589362762598394 0.026265941953489719
v 0.71994274880869935 0.095045601653869091 0.022209875323026252
v 0.72217709313004375 0.079637295009117301 0.076072242771394835
v 0.58104739704344499 -0.82898035861477937 -0.10200291605095303
v 0.60575598478317261 -0.70549410581588745 -0.058576758950948715
v 0.57395565509796143 -0.68246573209762573 -0.030460100620985031
v 0.61443072557449341 -0.68282389640808105 -0.058494880795478821
v 0.54421532154083252 -0.68611985445022583 -0.028540359809994698
v 0.55958923409968708 -0.68744445059325887 -0.026995678270406644
v 0.55925118923187256 -0.84965842962265015 -0.1060144230723381
v 0.65966597026224827 -0.70701870051023707 -0.10813231538076855
v 0.62990337747538172 -0.7862705021655626 -0.12319733153971495
v 0.64283751561229052 -0.74439076677936755 -0.11595894280383216
v 0.57979416129025019 -0.84586509621463135 -0.09775472250054773
v 0.5574004054069519 -0.83397066593170166 -0.079123310744762421
v 0.63902384042739868 -0.74692261219024658 -0.10126461088657379
v 0.63233503829389126 -0.78278844849572404 -0.13183016244204834
v 0.61111982200641823 -0.67495944756253246 -0.093683701367731589
v 0.60218687559982487 -0.67545828008203357 -0.073290380776586311
v 0.59989501042653715 -0.65362007231850827 -0.084020329858832399
v 0.640766441822052 -0.67369139194488525 -0.099077589809894562
v 0.61392301321029663 -0.64254522323608398 -0.085753209888935089
v 0.57329803705215454 -0.63436651229858398 -0.10293812304735184
v 0.54788011312484741 -0.63714355230331421 -0.12162608653306961
v 0.55567027368420696 -0.65073062049338848 -0.059121589389397718
v 0.58486813306808472 -0.66480386257171631 -0.048569090664386749
v 0.58355063199996948 -0.6739199161529541 -0.040932890027761459
v 0.5656968355178833 -0.62948358058929443 -0.08345215767621994
v 0.54033477168856991 -0.70905225304946895 -0.011406671224167282
v 0.56009721755981445 -0.69874018430709839 -0.029982060194015503
v 0.53901765587307038 -0.67454758913626134 -0.028362758965822243
v 0.52505838871002197 -0.70220476388931274 0.000752909982111305
v 0.52575528621673584 -0.70225876569747925 -0.016394490376114845
v 0.52917879819869995 -0.66728180646896362 -0.02367464080452919
v 0.49693596607178336 -0.67767640442439392 -0.0037225218461671879
v 0.54454050628768691 -0.63668354111574721 -0.067666174123511683
v 0.53029102087020874 -0.6553419828414917 -0.059769779443740845
v 0.51993882902490085 -0.60145565919690169 -0.10907018842722738
v 0.5525245139842998 -0.66297806782450641 -0.041432428849500783
v 0.5956275463104248 -0.63283580541610718 -0.11983661353588104
v 0.52432036211040867 -0.66351779110081965 -0.029816915266206643
v 0.52032687326622318 -0.67542511343665534 -0.019698805567417058
v 0.58161734761578165 -0.67046046296545925 -0.054801583933596604
v 0.54768925905227661 -0.65629184246063232 -0.050349868834018707
v 0.54732723516580539 -0.82966643780812288 -0.096761091648164474
v 0.56022338311537212 -0.70792843113318127 -0.04185910797055347
v 0.55458884405078246 -0.74719191501165882 -0.027704439509751051
v 0.50315415859222412 -0.70782822370529175 0.0035355400759726763
v 0.50854404669634123 -0.72729512726879664 -0.0013682309684607246
v 0.52986782789230347 -0.81259036064147949 -0.074661582708358765
v 0.4838278591632843 -0.79978030920028687 -0.01896359957754612
v 0.48484885692596436 -0.81555312871932983 -0.036081459373235703
v 0.4740491509437561 -0.78435081243515015 -0.010130380280315876
v 0.50219224973643561 -0.7829321027185272 -0.03749852249151607
v 0.52403843402862549 -0.69003647565841675 -0.021755630150437355
v 0.51587075303848173 -0.69863538360296173 -0.011214696837019495
v 0.51046875364714706 -0.65806267923300643 -0.037231324777604137
v 0.48573749865932381 -0.66723994702695477 -0.010971248355218996
v 0.48077722772787129 -0.67432633019040134 -0.0075948592817613137
v 0.50053983926773071 -0.66985571384429932 -0.016546659171581268
v 0.49678528308868408 -0.82569223642349243 -0.043860919773578644
v 0.47629783183785757 -0.68352797244679853 0.0047242119376229678
v 0.42417749762535095 -0.70971947908401489 0.029463889077305794
v 0.45552551746368408 -0.6432034969329834 -0.039133958518505096
v 0.49211406043872441 -0.63436478954128639 -0.06978763168188476
v 0.49481397867202759 -0.6901782751083374 -0.0061712898313999176
v 0.44319266544381536 -0.73903609299287643 0.026709323083733218
v 0.48787656426429749 -0.75500673055648804 -0.0017768200486898422
v 0.48023881389362683 -0.74198511309014981 0.0025538550689670641
v 0.46358879786045587 -0.78386659232073319 -0.019448284665412149
v 0.48730463168664034 -0.7851451452828252 -0.014407966485884622
v 0.47557421744725009 -0.8604410446009122 -0.055536809433731384
v 0.47911185026168823 -0.82229429483413696 -0.044990748167037964
v 0.4642972538076553 -0.88581766987686406 -0.059726108202488526
v 0.50849157571792603 -0.87470525503158569 -0.094170421361923218
v 0.50024546119755431 -0.90701911149848691 -0.08570948602828482
v 0.44792234757878113 -0.93289621052888105 -0.08259228969524246
v 0.48681533336639404 -0.88600057363510132 -0.092804573476314545
v 0.49607607451751479 -0.87094146686613771 -0.08641688656919369
v 0.4965835012647285 -0.6190590320892928 -0.089074310999579839
v 0.49085508947372464 -0.62331403594143364 -0.082954998044125344
v 0.50716415944269744 -0.59371264435246152 -0.11077797336006723
v 0.52093657954339911 -0.80928991637037573 -0.056876297690362981
v 0.53218352794647217 -0.88528019189834595 -0.10009612143039703
v 0.57644098997116089 -0.85827088356018066 -0.10578882694244385
v 0.56261563301086426 -0.86784684658050537 -0.11358857154846191
v 0.52003449201583862 -0.85893630981445312 -0.090771511197090149
v 0.59243620238912187 -0.85525828252757707 -0.14815329980681538
v 0.54655014404514823 -0.84835345448873334 -0.10586066254118764
v 0.58651560544967651 -0.83801239728927612 -0.13106542825698853
v 0.58843308687210083 -0.80733585357666016 -0.087137073278427124
v 0.60437256097793579 -0.83333778381347656 -0.14028793573379517
v 0.53449714183807373 -0.61792951822280884 -0.17785623669624329
v 0.53843265771865845 -0.60652011632919312 -0.12489517033100128
v 0.5558202862739563 -0.62275326251983643 -0.16566936671733856
v 0.49561819434165955 -0.59801942110061646 -0.12761327624320984
v 0.457216003121862 -0.60076029297023736 -0.11894223097355475
v 0.53263330459594727 -0.62300342321395874 -0.14649224281311035
v 0.48512773571761958 -0.90009100669274678 -0.10279297795229111
v 0.48348242044448853 -0.91996121406555176 -0.12836678326129913
v 0.50372713804244995 -0.90910249948501587 -0.10504606366157532
v 0.53627818822860718 -0.87308579683303833 -0.091707326471805573
v 0.46053242683410645 -0.91571927070617676 -0.10917658358812332
v 0.50941604375839233 -0.91332250833511353 -0.14066839218139648
v 0.58834964036941528 -0.86256122589111328 -0.14032819867134094
v 0.56361335515975952 -0.88670104742050171 -0.18875941634178162
v 0.50659917206890304 -0.60031910463616933 -0.15347490968667546
v 0.60580735645244643 -0.62912350198449585 -0.1644958047476259
v 0.59771585464477539 -0.63777405023574829 -0.14988206326961517
v 0.60883059538421758 -0.62629964316278108 -0.12960427459639817
v 0.58570778039376403 -0.85540373172418671 -0.18251821397235313
v 0.57466535631961047 -0.69776374583670675 -0.21184604066606147
v 0.61332249641418457 -0.8183974027633667 -0.18986859917640686
v 0.61246605444953317 -0.83938506142572722 -0.18029781742977249
v 0.62039643526077271 -0.80710721015930176 -0.17189317941665649
v 0.61846381425857544 -0.76276940107345581 -0.14633724093437195
v 0.61980515718460083 -0.79561567306518555 -0.14866024255752563
v 0.61832318103129724 -0.80792144212317196 -0.15692698166690686
v 0.61529636383056641 -0.82692992687225342 -0.15306371450424194
v 0.65156584978103638 -0.76500213146209717 -0.18256789445877075
v 0.63279797455663012 -0.7575439303770235 -0.16864800433216492
v 0.63907688856124878 -0.76027405261993408 -0.1856180727481842
v 0.65243345499038696 -0.72173494100570679 -0.1734774261713028
v 0.66876138090058568 -0.69636907077074162 -0.13506718793734346
v 0.66085582112738162 -0.68599469744999286 -0.16453427120309497
v 0.66240161967472866 -0.73391438574988777 -0.15873287084381607
v 0.62868748196713664 -0.79949060902577218 -0.13242242073069244
v 0.64894556999206543 -0.70824962854385376 -0.12238995730876923
v 0.67313331365585327 -0.69102901220321655 -0.14373132586479187
v 0.63860050643607091 -0.75165631854457438 -0.12935596844525221
v 0.65391415357589722 -0.67753541469573975 -0.14517278969287872
v 0.66064047813415527 -0.69077217578887939 -0.10011138021945953
v 0.59773301677764767 -0.81594803758904177 -0.097568368916015932
v 0.62299937009811401 -0.62698835134506226 -0.11661376804113388
v 0.61016946234839953 -0.6345561023935502 -0.093833389019866917
v 0.63000091105282996 -0.66140320240980233 -0.099861772937511722
v 0.65686305878657747 -0.68596151267230943 -0.11184597063536
v 0.65213365053985017 -0.65970637280075539 -0.12143682330245253
v 0.63546633720397949 -0.62829303741455078 -0.16377565264701843
v 0.65208286046981812 -0.66394037008285522 -0.13620027899742126
v 0.64958751852628627 -0.64878486925332313 -0.1257658608891899
v 0.6326699973517943 -0.6428286648118523 -0.12926196365695594
v 0.65651801798905274 -0.64593896540195983 -0.16315491067292509
v 0.66088521480560303 -0.67128205299377441 -0.17359142005443573
v 0.59851157665252686 -0.59639841318130493 -0.23647001385688782
v 0.58421797809044196 -0.68292574650923898 -0.20407443071281264
v 0.61643949151039124 -0.61577439308166504 -0.21928897500038147
v 0.5237349271774292 0.17747780680656433 -0.19926188886165619
v 0.58501514376700769 0.11822341880327029 -0.099943767620992857
v 0.55279994010925293 0.092388652265071869 -0.077170401811599731
v 0.56398270239612225 0.13099538737217881 -0.12842946248260115
v 0.55282056331634521 0.11199250072240829 -0.11364700645208359
v 0.58972839785307174 0.14392701939514665 -0.12263460501314373
v 0.56069040519828095 0.16762739074553054 -0.16063573794711813
v 0.59681428516759638 0.16779743269943626 -0.1440488741410709
v 0.60837662898712774 0.11856543424751899 -0.089374533728169822
v 0.58816268716142117 0.085684679555858873 -0.063483400122295544
v 0.64585970180032104 0.14638528363181058 -0.08708574381356636
v 0.67864081826875033 0.10728579073300323 -0.051625221132846559
v 0.65805733203887939 0.082944877445697784 -0.067341923713684082
v 0.63685727119445801 0.091692790389060974 -0.039832141250371933
v 0.66263837759621735 0.15503345836558335 -0.071141339441172485
v 0.62150938060244265 0.1177651824285315 -0.075402004984312002
v 0.63384023204959117 0.12993200218280415 -0.075933504287407999
v 0.63186550140380859 0.10253109037876129 -0.052419520914554596
v 0.58728033304214478 0.087247513234615326 -0.062070369720458984
v 0.56073219127249785 0.083726290095890291 -0.076923055861283035
v 0.62948439680369039 0.1861905757616806 -0.10488981724467841
v 0.61745085083584406 0.15038840990979985 -0.1034810676119672
v 0.59741621539791412 0.12743844515050357 -0.10219118143634882
v 0.60196161270141602 0.14010569453239441 -0.11006723344326019
v 0.63355696201324463 0.15561617910861969 -0.10104947164654732
v 0.65257490627316106 0.16079236097129687 -0.091737170460729836
v 0.66124427318572998 0.16296152770519257 -0.069826617836952209
v 0.4325861930847168 -0.86550235748291016 -0.36599010229110718
v 0.59006342203389328 0.15259946792935106 -0.1319715383258101
v 0.5819200873374939 0.17733894288539886 -0.16002249717712402
v 0.60954433679580688 0.179791659116745 -0.15039381384849548
v 0.58178526163101196 0.15991036593914032 -0.14164385199546814
v 0.57563138008117676 0.13448409736156464 -0.12217912822961807
v 0.58332610130310059 0.1583998054265976 -0.15500767529010773
v 0.57447230815887451 0.18879856169223785 -0.17851358652114868
v 0.55766493504364922 0.14856840715229067 -0.14449692668531661
v 0.53648345028400102 0.15935064006854407 -0.16396514609199594
v 0.53646814169630808 0.13115946773531223 -0.13294323004977776
v 0.56620263255739423 0.12101886511592726 -0.12340892484584368
v 0.55102408696527527 0.13030035044232002 -0.14154523069570149
v 0.55347585678100586 0.11229377239942551 -0.12517349421977997
v 0.54057297080436406 -0.58290278443756915 -0.19097997839673567
v 0.53538418393060483 0.11222197290994056 -0.12235779603660393
v 0.4970283340602844 0.13564556048007606 -0.1489989459475089
v 0.4799797534942627 0.13778017461299896 -0.17040826380252838
v 0.50354839283057584 0.11584785192124461 -0.13043376852650038
v 0.50716400146484375 0.098116651177406311 -0.12074995785951614
v 0.51846156658414067 -0.59229198896922131 -0.20744311545783739
v 0.43708776374953845 -0.59173844386731211 -0.17479440371535659
v 0.45714817524767831 -0.58546497356199256 -0.17540900297842715
v 0.48665249347686768 0.087384797632694244 -0.12152889370918274
v 0.47825983809628908 0.11462001189726247 -0.13974745900617763
v 0.48082530498504639 0.14535871148109436 -0.17561560869216919
v 0.50305050611495972 0.15286643803119659 -0.16673831641674042
v 0.49567011988729159 0.15655117752578399 -0.17757159167644335
v 0.52350084008876985 0.15560832566585889 -0.16542989764094582
v 0.50242424011230469 0.14363254606723785 -0.17346267402172089
v 0.50328856706619263 0.14318050444126129 -0.16173790395259857
v 0.4834155809399116 0.12974179431007588 -0.16111618099052794
v 0.47345846891403198 0.13790993392467499 -0.1623796671628952
v 0.49032064209424914 0.087973572829411109 -0.112373038413558
v 0.48710797793033656 0.099217222074453507 -0.11958607126701687
v 0.54766374826431274 0.058788839727640152 -0.049838781356811523
v 0.50881540775299072 0.070567727088928223 -0.076631307601928711
v 0.42348329501858017 0.0093809577924882492 -0.053208463635018126
v 0.53375057639509804 0.075908731043935057 -0.065743514734013811
v 0.51282660583852047 0.077370873520631461 -0.085350974579511546
v 0.58613191837418432 0.076145299612420114 -0.052453165703394387
v 0.41946771581177683 -0.8171779616691911 -0.33690057802106188
v 0.62369347268405795 0.08858872449922317 -0.045581672139647145
v 0.5961533784866333 0.083347901701927185 -0.056371301412582397
v 0.54559671878814697 0.046415448188781738 -0.034679129719734192
v 0.52068909675299579 0.0074228410549689915 0.010853498372723577
v 0.42618903392851371 -0.72733569341087612 0.030585631806280576
v 0.49511882662773132 0.052209898829460144 -0.055617459118366241
v 0.47438967666008341 0.041278420329757974 -0.056364953897049534
v 0.51903038457828765 0.062272425942398311 -0.064111178873072383
v 0.53027478749830081 0.064547976649663677 -0.059827161034058642
v 0.53166692768433277 0.054971333909469344 -0.043659473112409461
v 0.5315280556678772 0.050374031066894531 -0.052326351404190063
v 0.44788950681686401 0.042852569371461868 -0.079824723303318024
v 0.50725053405433851 0.044942836970853391 -0.046607349038262941
v 0.42482423782348633 -0.86306476593017578 -0.35594752430915833
v 0.5641624927520752 0.037533141672611237 -0.01329325046390295
v 0.58038723468780518 0.032386749982833862 0.0022043900098651648
v 0.59041294270152744 0.007695687417991732 0.032892822357601624
v 0.54840382814675048 0.038612193111210343 -0.015572040343875391
v 0.54581594467163086 0.015493299812078476 0.027361990883946419
v 0.56672861257745211 0.025942535169314194 0.0070556084759409495
v 0.50578081622476367 0.0013020772961721038 0.011525621775680745
v 0.48960415524477241 -0.013515391007362624 0.028537768188414574
v 0.6351776123046875 0.033988270908594131 -0.012232629582285881
v 0.61048752069473267 0.01105193980038166 -0.002526960102841258
v 0.62101578712463379 0.043351169675588608 0.019830759614706039
v 0.59656798315511916 0.032335734744129853 0.0158856212731836
v 0.59886151239630259 0.016289148170151757 0.010995039730800436
v 0.58982020616531372 0.018180189654231071 0.027354350313544273
v 0.60988354682922363 0.0269149299710989 0.0012212500441819429
v 0.57539097089761115 0.034741247419455612 -0.00290262771081271
v 0.57456931486716956 0.049831349505328477 -0.024498098482331025
v 0.64953047037124634 0.043047398328781128 -0.012999130412936211
v 0.6416817307472229 0.04328484833240509 -0.0095215104520320892
v 0.62577915191650391 0.060725070536136627 -0.00068935001036152244
v 0.62080943584442139 0.071383990347385406 -0.022994490340352058
v 0.66663825511932373 0.11610171943902969 -0.026040099561214447
v 0.70532453060150146 0.12565769255161285 -0.046928539872169495
v 0.68054003168529897 0.13682319785892483 -0.031048882632863827
v 0.6417505145072937 0.074523277580738068 -0.031727541238069534
v 0.69226024498858718 0.13063876313332184 -0.060761952974837483
v 0.70429032232437605 0.13773612390646411 -0.044084872275288324
v 0.65738014293726887 0.12094930533268392 -0.02906796301412087
v 0.67443379487351784 0.16472489219983757 -0.056460596595265221
v 0.66559380292892456 0.096130259335041046 -0.053525950759649277
v 0.65768533945083618 0.10586661845445633 -0.03324098140001297
v 0.66858080512093609 0.085633914504572056 -0.049145911209883965
v 0.6609199047088623 0.062232501804828644 -0.029533259570598602
v 0.64254702379442641 0.083712280824531887 -0.049109440884510053
v 0.64903607363770166 0.064632155569124092 -0.044951576367241876
v 0.63479327542544561 0.052425371860505533 -0.015404006656293151
v 0.6584427503977105 0.050007347372253416 -0.022253187681568497
v 0.69740903377532959 0.072210982441902161 0.034474629908800125
v 0.71703672409057617 0.084857158362865448 0.035302219912409782
v 0.71659111679012855 0.087598327482200672 0.014047972647591321
v 0.72969430685043335 0.12153302133083344 0.039668731391429901
v 0.71981212860130239 0.091184462335504951 0.0024988340218777614
v 0.73334541921415664 0.15296331840176786 -0.011201597050544659
v 0.72804803637205273 0.13350338243495719 -0.0044573888925619268
v 0.73034870624542236 0.13668735325336456 -0.01655019074678421
v 0.70028442144393921 0.14589278399944305 -0.045438840985298157
v 0.71925584676847343 0.14954137422715438 -0.033744946961883064
v 0.7177889533988363 0.1818533531807974 -0.0096235637242942668
v 0.7033716798208941 0.18324030334992694 -0.07613994064618472
v 0.73706907033920288 0.21227839589118958 -0.010962669737637043
v 0.73763894841459043 0.16525303418153345 -0.0054864697774936414
v 0.74643737077713013 0.17569355666637421 0.023116720840334892
v 0.75640106201171875 0.17454332113265991 0.031188229098916054
v 0.74425503618326128 0.1938976238226521 0.010558498152287522
v 0.7720937869443395 0.21968613722566324 0.044268948536387277
v 0.72467651578259085 0.19126440008751749 0.0059427515824684593
v 0.7550927996635437 0.33131957054138184 0.014721889980137348
v 0.64457571506500244 0.51960176229476929 -0.046523250639438629
v 0.74430466610015045 0.2784154032387316 -0.022648328670071438
v 0.71393207191824259 0.18077534667988532 -0.029411640601730946
v 0.67010184017902397 0.17344220440334043 -0.064994306402062149
v 0.64765197038650513 0.20924946665763855 -0.10929183661937714
v 0.57753155989634442 -0.59072207758985085 -0.21125069061144497
v 0.71651478247603773 0.2661225457399421 -0.085709363943928682
v 0.66287976503372192 0.2438366562128067 -0.12608243525028229
v 0.67257702350616455 0.25939813256263733 -0.12483897060155869
v 0.66597856314896653 0.19040336039357028 -0.10695655313561334
v 0.68412929773330688 0.18421362340450287 -0.097744576632976532
v 0.69188141822814941 0.20584982633590698 -0.10662224888801575
v 0.66548235401467337 0.26057211265365893 -0.11404430655636955
v 0.64427250623703003 0.22135581076145172 -0.12730975449085236
v 0.71581679582595825 0.29936400055885315 -0.10663632303476334
v 0.69473713636398315 0.27670601010322571 -0.12587201595306396
v 0.71234613656997681 0.32034453749656677 -0.11677838116884232
v 0.65627396106719971 0.27594107389450073 -0.13617050647735596
v 0.67408440978194462 0.29837624928218176 -0.12762964412527986
v 0.66396568534473199 0.27679120233913945 -0.12324209378142514
v 0.67189443111419678 0.27510735392570496 -0.13234587013721466
v 0.66777276992797852 0.28756460547447205 -0.12084437906742096
v 0.67464327289044157 0.32906990850292678 -0.12592180622304619
v 0.64884364733764932 0.25572015412477334 -0.12508592136594859
v 0.69988560676574707 0.32044187188148499 -0.11094821989536285
v 0.70779587088910301 0.27011079546685995 -0.10914021043033464
v 0.71803075075149536 0.32000619173049927 -0.1010531485080719
v 0.70588413501037894 0.29679083588519828 -0.1109682772513846
v 0.71019933900997112 0.28103631471156926 -0.10740234837125201
v 0.7245558500289917 0.3470551073551178 -0.090319603681564331
v 0.67723351716995239 0.36437210440635681 -0.12090358883142471
v 0.70209691190800083 0.3558326160779447 -0.10151928924421183
v 0.68567264080047607 0.37114819884300232 -0.13239854574203491
v 0.67604029178619385 0.37661543488502502 -0.12224070727825165
v 0.66166182239345062 0.3949503775112444 -0.15413068875700617
v 0.72381748167949667 0.35504480674632888 -0.093640231173395885
v 0.70262276011779734 0.39850303517451369 -0.1233298071590451
v 0.71196037530899048 0.342244952917099 -0.11134409159421921
v 0.65997248035373157 0.33981213141654937 -0.14180168241956051
v 0.64814040064811707 0.37219132483005524 -0.15679455548524857
v 0.6781625092876653 0.35590244680012212 -0.13563356557737258
v 0.66930454969406128 0.34933546185493469 -0.12675358355045319
v 0.65733571989839601 0.39651605443109711 -0.15688422255738674
v 0.70149165391921997 0.36509647965431213 -0.12309218198060989
v 0.6895552194021507 0.4189775912752921 -0.15078211032671848
v 0.68274569511413574 0.42733418941497803 -0.14611048996448517
v 0.7004052996635437 0.41371768712997437 -0.13568201661109924
v 0.69333002919650721 0.39638661475260484 -0.12982320593670332
v 0.75651817955618395 0.41320414850994464 -0.068982974901068084
v 0.69517445901609276 0.45363698278095643 -0.11119941452011961
v 0.73633644341793114 0.41994238722348476 -0.098128369981783786
v 0.70724523131949535 0.48505088322490053 -0.028242590596524508
v 0.67032170295715332 0.43705657124519348 -0.15971960127353668
v 0.68761491775512695 0.47962683439254761 -0.14020481705665588
v 0.67289632558822632 0.4110066294670105 -0.14343950152397156
v 0.67160629561025575 0.42397369975083521 -0.13973212984212569
v 0.66549485921859741 0.47731640934944153 -0.13490960001945496
v 0.65083266856269439 0.40639771817843046 -0.15805447506019116
v 0.67587354432093405 0.44381307472620485 -0.14135896548482982
v 0.69471745880275115 0.46813769750819417 -0.099768749834022202
v 0.68122982978820801 0.45856043696403503 -0.12930275499820709
v 0.7291274679005596 0.4777430478428083 -0.007542465241089891
v 0.5698586106300354 0.7087436318397522 -0.075809262692928314
v 0.56899879506061246 0.70014993611210075 -0.077683357130004099
v 0.69852471351623535 0.45786416530609131 -0.098342396318912506
v 0.70282095670700073 0.4848124086856842 -0.079490400850772858
v 0.7090970713713638 0.45490153192260818 -0.086555857816394799
v 0.71652007102966309 0.39330905675888062 -0.098084978759288788
v 0.72525429725646973 0.40102037787437439 -0.076762817800045013
v 0.74852252006530762 0.44347360730171204 -0.067779898643493652
v 0.73474776744842529 0.47055846452713013 -0.038813620805740356
v 0.71535604133098452 0.48122446123014073 -0.066736873252127155
v 0.75988668203353882 0.44411963224411011 -0.038711428642272949
v 0.72562239652607696 0.72270602179896049 0.037580204847355109
v 0.75049018859863281 0.43054297566413879 -0.013747979886829853
v 0.70620469544976905 0.50576319600371078 0.011197494192132987
v 0.69057029485702515 0.67975133657455444 0.0063412198796868324
v 0.7592841951918059 0.43292080425329238 0.0039570128385266285
v 0.76000732183456421 0.44208219647407532 0.0052086999639868736
v 0.76226252317428589 0.39033219218254089 -0.020078230649232864
v 0.771041260727512 0.38796130918408761 0.0031715387480567626
v 0.74087977409362793 0.36556494235992432 0.0045839902013540268
v 0.74785691499710083 0.38225537538528442 -0.019000900909304619
v 0.73083208428630775 0.36113685440068077 -0.081332640387975316
v 0.70264302754504759 0.4809852647804016 -0.05561241414466303
v 0.69182229042053223 0.50682181119918823 -0.02330067940056324
v 0.64069575071334839 0.51001834869384766 -0.061427220702171326
v 0.66480088233947754 0.5167396068572998 -0.064211942255496979
v 0.6431545615196228 0.52054113149642944 -0.081020697951316833
v 0.68943526075652173 0.5126617209801525 -0.0036120080012421174
v 0.68547248840332031 0.50545030832290649 0.011832140386104584
v 0.6537168025970459 0.68018269538879395 0.032388608902692795
v 0.70315841356388464 0.65404253316182748 0.031557317392926894
v 0.68186688423156738 0.69173771142959595 0.027551930397748947
v 0.65510493886610721 0.71632200090300258 0.00088866103508218109
v 0.67052537202835083 0.70250636339187622 0.029805140569806099
v 0.59252780675888062 0.66394990682601929 -0.013646399602293968
v 0.61156584775417178 0.67791775059694348 -0.011678134006779304
v 0.61468046903610229 0.65751248598098755 0.014595660381019115
v 0.60607707500457764 0.6685747504234314 -0.0068941698409616947
v 0.56619185220230317 0.65726379031222426 -0.023353111097928692
v 0.60420728332340923 0.65653744949523463 -0.012959265119995353
v 0.59922644511619017 0.54399596082385704 -0.046036465325005313
v 0.6008954644203186 0.59111326932907104 0.016957379877567291
v 0.56653523445129395 0.5954519510269165 -0.021042149513959885
v 0.54401789543721601 0.63174112281082906 -0.019003319662310929
v 0.53071856498718262 0.63156038522720337 -0.048186980187892914
v 0.55589389801025391 0.62945568561553955 -0.0083212302997708321
v 0.51716875988921895 0.59251283580679148 -0.072041822939748756
v 0.58452500965965515 0.6372641774791572 -0.0009282984119811864
v 0.53602255020927714 0.62846253921938888 -0.0030207610960658955
v 0.58944410085678101 0.59837782382965088 0.0017199199646711349
v 0.55489528179168701 0.64295059442520142 -0.017566369846463203
v 0.54982062034432166 0.59835513217810621 -0.0048911991068395014
v 0.50864777902956515 0.62245149601496141 -0.047839474540705494
v 0.50256311893463135 0.6024443507194519 -0.0449245385825634
v 0.56830103220360451 0.62086050310339558 0.022661805853230358
v 0.5740031898021698 0.58001860976219177 -0.0014111049240455031
v 0.57758963108062744 0.6300739049911499 0.013938429765403271
v 0.57497360272577447 0.64644775223380735 -0.0091870369689073007
v 0.55056440830230713 0.61597675085067749 -0.0031325400341302156
v 0.55238650180262616 0.66559699044901299 -0.03076391963591844
v 0.5945157186315696 0.65130489771687072 -0.013287537054634958
v 0.56758525472053989 0.6378638885035719 -0.015478359717416838
v 0.54233815207940839 0.67134869028389987 -0.038150952162703783
v 0.54125332832336426 0.65825200080871582 -0.043854568153619766
v 0.57205557823181152 0.68871277570724487 -0.054757218807935715
v 0.58943402767181396 0.68120819330215454 -0.038999788463115692
v 0.61489355808261359 0.69519338097411187 -0.024917870132203597
v 0.56009867605160313 0.67863134396866309 -0.052295386695373584
v 0.53087466552526086 0.66099200725418228 -0.053429839747193557
v 0.53223451480794648 0.70005116088431163 -0.081170753177807697
v 0.54237717390060425 0.68583619594573975 -0.077736407518386841
v 0.57431256771087646 0.71898210048675537 -0.079540610313415527
v 0.60010159015655518 0.71040129661560059 -0.064764179289340973
v 0.52352333068847656 0.71941632032394409 -0.10230802744626999
v 0.4771786630153656 0.5699881911277771 -0.16827212274074554
v 0.48010475544654851 0.68346205193965959 -0.067226934480687631
v 0.52777820825576782 0.58452403545379639 -0.1482844352722168
v 0.49364075064659119 0.63145172595977783 -0.1056768000125885
v 0.4801686704158783 0.63524967432022095 -0.08213389664888382
v 0.46636110544204712 0.6110464334487915 -0.088236987590789795
v 0.47179785370826721 0.6916506290435791 -0.082470208406448364
v 0.48296763277597909 0.65479893942755829 -0.067946978912821129
v 0.49164625065033984 0.67241173994253256 -0.080253647505828238
v 0.50924879312515259 0.61777740716934204 -0.064756348729133606
v 0.49746999144554138 0.59313780069351196 -0.11631166934967041
v 0.49688059091567993 0.60125350952148438 -0.084168240427970886
v 0.48477735545508238 0.60746050462834145 -0.11470016891227576
v 0.51267457008361816 0.59226655960083008 -0.13955934345722198
v 0.4606621265411377 0.62728756666183472 -0.08340541273355484
v 0.45063763856887817 0.58460569381713867 -0.16279050707817078
v 0.49321165680885315 0.52387803792953491 -0.23132151365280151
v 0.48730435967445374 0.61703747510910034 -0.11958151310682297
v 0.57056788064385877 0.56532591938996857 -0.062198970692681009
v 0.51096612215042114 0.56418722867965698 -0.17492274940013885
v 0.54867327213287354 0.58831125497817993 -0.14239808917045593
v 0.49879372119903564 0.61351639032363892 -0.071861617267131805
v 0.51388651132583618 0.59295976161956787 -0.05108971893787384
v 0.51792486400826165 0.65220976921001428 -0.058155572045648002
v 0.54509910061325584 0.60135777703502757 -0.04229836494622341
v 0.53499704702771289 0.67715702546125189 -0.064997889461176656
v 0.49054741859436035 0.63658744096755981 -0.063199341297149658
v 0.49017101526260376 0.64615458250045776 -0.062210831791162491
v 0.47083014249801636 0.65357476472854614 -0.070802278816699982
v 0.478965163230896 0.67276096343994141 -0.058473911136388779
v 0.45561559085929004 0.64773875084552412 -0.067989797501687918
v 0.49769693613052368 0.57343524694442749 -0.11855778843164444
v 0.59322148561477661 0.47082936763763428 -0.20821875333786011
v 0.63951319456100464 0.45251107215881348 -0.16680921614170074
v 0.65370988845825195 0.27747705578804016 -0.14648492634296417
v 0.61341893672943115 0.39956003427505493 -0.19531255215406418
v 0.6468541676623788 0.41785869890871441 -0.18023249784542006
v 0.65708011850447612 0.43211793482463789 -0.16982102068927821
v 0.61480206251144409 0.44849467277526855 -0.18210123479366302
v 0.53386880894844713 0.5425786306023459 -0.18189275357015702
v 0.62935912530135651 0.31751371214675189 -0.18266358254988577
v 0.48959180370701638 0.56193718322583763 -0.18217132086470797
v 0.54915900193349787 0.51804697398782951 -0.19627095087409227
v 0.62598752975463867 0.26407912373542786 -0.16729211807250977
v 0.5901978714056928 0.26496437148932955 -0.19313812610470044
v 0.61883485317230225 0.28094244003295898 -0.17840488255023956
v 0.50539600849151611 0.38627332448959351 -0.25905889272689819
v 0.62559760657065488 0.28274075278666194 -0.17831545487463898
v 0.59364638841726525 0.24472221012435591 -0.18948587097275305
v 0.53676259517669678 0.20273332297801971 -0.19436873495578766
v 0.46629426411365771 0.11303135342206452 -0.13849805738298482
v 0.62357351965589947 0.32780880099842719 -0.17686642792208659
v 0.62091740734523582 0.24542392282361178 -0.16664473648882175
v 0.63601350670433809 0.27875591909140052 -0.16388878940830467
v 0.63791411764165518 0.31391402609619573 -0.16584310268368757
v 0.65128891732549299 0.27815616445496139 -0.14667224187248154
v 0.63080128800576774 0.23128373123093343 -0.15119778366175793
v 0.59255790280061782 0.19136579442425872 -0.15926143074569962
v 0.58734101057052612 0.19107893109321594 -0.15646940469741821
v 0.61831503898137108 0.20018567414337166 -0.13511872507020564
v 0.61989957094192505 0.18437841534614563 -0.13240897655487061
v 0.59034204483032227 0.55584472417831421 -0.1112520769238472
v 0.55659795032290449 0.57309264667186455 -0.07926193431397946
v 0.45749098062515259 0.59148061275482178 -0.1340501457452774
v 0.58125388622283936 0.5539277195930481 -0.054611548781394958
v 0.58833936091900718 0.57492541313541645 -0.12396535331757258
v 0.59137362241744995 0.53533923625946045 -0.06480947881937027
v 0.66159021854400635 0.34878402948379517 -0.1483379602432251
v 0.65151554346084595 0.25688847899436951 -0.14017868041992188
v 0.64820539951324463 0.23124547302722931 -0.13435271382331848
v 0.63945376873016357 0.19871723651885986 -0.13022187352180481
v 0.65385836361422889 0.24126889932423934 -0.12718034140521836
v 0.63064229488372803 0.19613882899284363 -0.11101018637418747
v 0.57522940635681152 0.54231375455856323 -0.085175566375255585
v 0.62731641530990601 0.52135860919952393 -0.075052462518215179
v 0.64261668920516968 0.53122645616531372 -0.024696659296751022
v 0.62808573246002197 0.53123205900192261 -0.037990480661392212
v 0.59715914726257324 0.57874637842178345 0.020307719707489014
v 0.62450504302978516 0.54155588150024414 -0.048192128539085388
v 0.65108317801013493 0.53065438564650536 -0.034267774040358273
v 0.57808524370193481 0.56689310073852539 0.023483689874410629
v 0.58273897621167559 0.56011746542608187 0.016256526795590635
v 0.58677174814108979 0.57929984065994178 0.013577504962680243
v 0.55149888234923095 0.56640462453187179 -0.039160925720170367
v 0.55246732721442726 0.57915109480689275 -0.051388019093016768
v 0.55426544931452637 0.58583688130516531 -0.039551247724899298
v 0.58480697870254517 0.55537176132202148 -0.044025611132383347
v 0.38401773571968079 -0.03338589146733284 0.012219489552080631
v 0.44674765829794238 -0.018992155191171686 0.002032837468675748
v 0.47830718755722046 -0.009123610332608223 0.005849780049175024
v 0.45986425876617432 -0.0092619098722934723 0.0014002900570631027
v 0.43787360191345215 -0.0088172703981399536 -0.016126729547977448
v 0.47250401973724365 0.0030869299080222845 0.012516469694674015
v 0.43246067496066293 0.0044586358248265038 0.0059303166771388499
v 0.38027331507844492 -0.0019497093454209616 -0.002373510029193393
v 0.39521035552024841 -0.017619779333472252 -0.0033793600741773844
v 0.38414198160171509 0.00023982999846339226 -0.019302140921354294
v 0.37400954961776733 -0.020517390221357346 0.0042906198650598526
v 0.36309486271757346 0.010426432345988258 -0.0010201069837087939
v 0.36502537131309509 -0.011915519833564758 0.017546359449625015
v 0.35397002100944519 -0.6590120792388916 0.022424900904297829
v 0.35837706923484802 -0.63421130180358887 0.03309125080704689
v 0.38311131256993414 0.012233108692512254 -0.019857621441553466
v 0.39849880759293965 0.0060636722138972601 -0.035655518772725762
v 0.38306567072868347 0.021673649549484253 -0.044015008956193924
v 0.40683508478348246 -0.012467234502916001 -0.0072612281152189123
v 0.34042785400805009 0.034789394117178456 -0.0055954357009499432
v 0.36415406773897907 0.042575970120514374 -0.049413249888180841
v 0.37725004553794861 0.03484208881855011 -0.054074998944997787
v 0.43228089809417725 0.017899539321660995 -0.040537118911743164
v 0.44091549030525518 0.030371693410621941 -0.036106590454143876
v 0.45219792425632477 0.042534513399004936 -0.048585034906864166
v 0.43686399409805537 0.030791268534935197 -0.065507693452730165
v 0.38591720618826159 0.036619593797711021 -0.077672440202051829
v 0.43867406249046326 0.010765659622848034 -0.038645289838314056
v 0.40400891110062209 0.0013434546236650237 -0.031444057921874755
v 0.3802812397480011 0.055019598454236984 -0.096020549535751343
v 0.33276642142635598 -0.58561705300921829 -0.081656378446904418
v 0.37296080589294434 -0.56547784805297852 -0.12206114083528519
v 0.36043386913877101 -0.57510305497221303 -0.096695658463617287
v 0.34775805473327637 -0.54688155651092529 -0.1532861739397049
v 0.33732393383979797 -0.52448886632919312 -0.24216407537460327
v 0.34455958008766174 -0.56162530183792114 -0.15422326326370239
v 0.34272670745849609 -0.55912762880325317 -0.13336339592933655
v 0.35948196053504944 -0.55655139684677124 -0.13683047890663147
v 0.45253139734268188 -0.57102310657501221 -0.22478675842285156
v 0.38175168266463305 0.071870299137347687 -0.11168405533892477
v 0.34964713454246521 -0.55360394716262817 -0.13874815404415131
v 0.44095137715339661 0.06052934005856514 -0.0771775022149086
v 0.41655064801135011 0.082351203763879832 -0.12617014685499775
v 0.44892072677612305 0.078030668199062347 -0.11904460191726685
v 0.4746946394443512 0.61608314514160156 -0.097405731678009033
v 0.45816234487196056 0.60772900163556942 -0.11533163406475855
v 0.46850004581125859 0.087310745060825354 -0.1241346088833387
v 0.44281420111656189 0.090034350752830505 -0.13560284674167633
v 0.36385657126555077 0.058092865954375537 -0.09038394326086327
v 0.33858423695047762 0.065756387535036279 -0.055987181421233455
v 0.36673250794410706 0.053713060915470123 -0.088777162134647369
v 0.33546799421310425 0.072569496929645538 -0.080216512084007263
v 0.45028513669967651 0.054125569760799408 -0.063485518097877502
v 0.45124682784080505 0.064096957445144653 -0.071448013186454773
v 0.46333762229822284 0.07668215687464558 -0.12748835852683096
v 0.41392062013385689 -0.88437788871888456 -0.36480313741778497
v 0.41618538201499478 0.094840763954585197 -0.14013724972658465
v 0.39187076687812805 0.087581522762775421 -0.12811559438705444
v 0.36673160578229685 0.084104405412658081 -0.11944434090434454
v 0.35655584931373596 0.097251467406749725 -0.12598724663257599
v 0.38313979669878012 0.092209770340247826 -0.13523823763890921
v 0.38587534427642822 0.60311496257781982 -0.16756823658943176
v 0.33191090038084542 0.11801356022096021 -0.14885223466655964
v 0.4457021951675415 0.15124933421611786 -0.18073306977748871
v 0.44972691243081114 0.12609511785202218 -0.17775288326740657
v 0.4605842539281092 0.13455613089746876 -0.16756605147992146
v 0.44250649529046504 0.10686387847214338 -0.1516709988528582
v 0.42741450667381287 0.14122606813907623 -0.17185418307781219
v 0.45806417162678326 0.12626228210405854 -0.15700722850911153
v 0.43176232360240274 0.12382116366405918 -0.17041213023325391
v 0.44104638695716858 0.13140468299388885 -0.16237832605838776
v 0.44970837235450745 0.14860421419143677 -0.19375281035900116
v 0.32868975400924683 0.63046568632125854 -0.1583247035741806
v 0.45410673311801869 0.68774068791420329 -0.074935924446076066
v 0.42891843706034938 0.6163668386470027 -0.14969069006415464
v 0.47762534022331238 0.56524801254272461 -0.18724121153354645
v 0.40077577599157804 0.5765054188870582 -0.23022035295172966
v 0.38566607948869996 0.13896280659452598 -0.18739850051617268
v 0.39641857147216797 0.1302497535943985 -0.18219688534736633
v 0.32190031471881692 0.15603000759798194 -0.19682564690115464
v 0.33853322594279678 0.15276334762862734 -0.18510543314407765
v 0.3972141444683075 0.60476100444793701 -0.16982497274875641
v 0.35334897041320801 0.63987457752227783 -0.12393975257873535
v 0.35168880177931577 0.58744231110986278 -0.21695256395207788
v 0.35801476240158081 0.63613814115524292 -0.10848899930715561
v 0.44409683578945508 0.6298701925359913 -0.073226786588272155
v 0.41677555441856384 0.65035933256149292 -0.096685856580734253
v 0.41425859928131104 0.6616361141204834 -0.089389920234680176
v 0.44586314349274458 0.69874279733270639 -0.099968903136983076
v 0.44197136163711548 0.61286389827728271 -0.13265955448150635
v 0.37562909722328186 0.41349354386329651 -0.26782062649726868
v 0.42010396718978882 0.69273382425308228 -0.11785256862640381
v 0.46972636878490448 0.70369100570678711 -0.1056201159954071
v 0.41827700989013084 0.70598875659241322 -0.12434684338823709
v 0.4029979220511683 0.70347385303938093 -0.10072258070209417
v 0.43503774034606185 0.67857565498452621 -0.11013841027301025
v 0.4073527307547285 0.68343987679567419 -0.11236090579923237
v 0.43163495028392207 0.67255597720127847 -0.088240351078340898
v 0.4449562132358551 0.67621362209320068 -0.099308356642723083
v 0.45058977027589925 0.69005445394062603 -0.098817290521219958
v 0.44009481731419209 0.6772919470431974 -0.054451692006859398
v 0.42655862851510118 0.63710662505785953 -0.08100930559334657
v 0.44794747233390808 0.65586298704147339 -0.069237351417541504
v 0.4442920982837677 0.64347326755523682 -0.068727508187294006
v 0.38212269093354101 0.63933717709635085 -0.11216303851573417
v 0.47267785668373108 0.63094985485076904 -0.080398879945278168
v 0.47454690933227539 0.59745949506759644 -0.11921197175979614
v 0.45264710742691605 0.61994995725004165 -0.10096269575938152
v 0.41075313091278076 0.64220720529556274 -0.096934773027896881
v 0.44077625870704651 0.61982494592666626 -0.10595241189002991
v 0.33524385094642639 0.09976842999458313 -0.12363898009061813
v 0.37515383958816528 0.62998569011688232 -0.12284707278013229
v 0.394063800573349 0.63646918535232544 -0.095801636576652527
v 0.34082927149568992 0.70084159573186211 -0.097912644535720419
v 0.34269320964813232 0.089599907398223877 -0.10982520878314972
v 0.35014000535011292 0.65495991706848145 -0.09314253181219101
v 0.35461858763383253 0.66231147089411413 -0.095091716745145646
v 0.31206122145501675 0.10519519682509318 -0.11829319009978975
v 0.32071837782859802 0.70369765162467957 -0.09826543927192688
v 0.35025092725586987 0.68937253980404745 -0.077077099236581598
v 0.36073834769380253 0.67154784524155242 -0.089295466717557101
v 0.36470162868499756 0.68123310804367065 -0.093046799302101135
v 0.37124744057655334 0.66225242614746094 -0.10442288219928741
v 0.38799980282783508 0.70686644315719604 -0.098883658647537231
v 0.3289053738117218 0.71929001808166504 -0.10430680215358734
v 0.39363305451697728 0.66212353004794555 -0.10432778404683597
v 0.38307663798332214 0.69125109910964966 -0.090055972337722778
v 0.37829786539077759 0.68565511703491211 -0.097541972994804382
v 0.37870493531227112 0.71235740184783936 -0.11729460954666138
v 0.35897693037986755 0.7112576961517334 -0.1126064732670784
v 0.30037047804178324 0.67852800334174934 -0.11059432814308047
v 0.29904131670399581 0.70305214390384518 -0.10425862694942588
v 0.31895488500595093 0.68446779251098633 -0.098513506352901459
v 0.2881356022686879 0.70463497627330207 -0.10359783226452481
v 0.31258594989776611 0.09481433779001236 -0.06123632937669754
v 0.28378891944885254 0.090850740671157837 0.013270909897983074
v 0.32950079656452702 0.081443345072828438 -0.078785099251536012
v 0.30422671625262299 0.10707115347863412 -0.1138153132059348
v 0.29447489976882935 0.078065231442451477 -0.006305329967290163
v 0.25127127907789482 0.13169067482503657 -0.029247936278754331
v 0.26855541967552116 0.12096607581629448 -0.039863318830722368
v 0.2564537525177002 0.12475179880857468 -0.0084723895415663719
v 0.25259510307543054 0.12400495138979113 0.017926341587941111
v 0.2463737428188324 0.13005833327770233 -0.0072969598695635796
v 0.21393417699956482 0.14707042143427543 -0.046978750968439141
v 0.23530140519142151 0.13686449825763702 0.02372308075428009
v 0.23364952407029144 0.66295919052638597 -0.12028666259769956
v 0.25045072799704732 0.70333642836454213 -0.09717551375251049
v 0.26890624045703015 0.67263446045502817 -0.1246189507177372
v 0.27275770902633667 0.64640069007873535 -0.16536617279052734
v 0.2828376293182373 0.70096856355667114 -0.099841073155403137
v 0.28210304571403477 0.6898416079445846 -0.098074696251253549
v 0.29076054692268372 0.67387908697128296 -0.11909209191799164
v 0.29855538965331607 0.68133546387935617 -0.11317577180173033
v 0.23754777265267088 0.64983455677900326 -0.15021820997305549
v 0.23865877091884613 0.19086207449436188 -0.18513277173042297
v 0.26602920369136451 0.13662113883808708 -0.14522124478314632
v 0.32451120228788433 0.63125835842975087 -0.14660600771786783
v 0.26883726724199219 0.63893715031320386 -0.18746063271962121
v 0.31171845268526904 0.15154345531366825 -0.18997296909018677
v 0.33497560024261475 0.14424577355384827 -0.1867101639509201
v 0.29126238090289935 0.19090074344303148 -0.20530469081441471
v 0.27282506227493286 0.18198446929454803 -0.19567936658859253
v 0.25847712159156799 0.63935911655426025 -0.16976308822631836
v 0.24049505591392517 0.64762789011001587 -0.19108156859874725
v 0.2499450147151947 0.17473937571048737 -0.16924911737442017
v 0.22642723705839182 0.18089365010626135 -0.16128308248027259
v 0.24450409412384033 0.15422296524047852 -0.14570510387420654
v 0.27128002221642172 0.17557958390709527 -0.18792523071130332
v 0.27595583051498218 0.160249546887718 -0.17052082230775098
v 0.25182720610988674 0.16428660507255116 -0.15660609113264667
v 0.22889305651187897 0.17246760427951813 -0.15235324203968048
v 0.28358964198835873 0.14596260297610156 -0.16661792842819201
v 0.26520830447499444 0.15030163096952404 -0.14615540525473167
v 0.28891998529434204 0.158526211977005 -0.17639271914958954
v 0.31279311554925254 0.13824219436715018 -0.17149648160568648
v 0.28833004832267761 -0.45416489243507385 -0.20052385330200195
v 0.2980944812297821 0.11671174317598343 -0.1362309455871582
v 0.23774995539221178 0.15605836104130236 -0.14485656087125059
v 0.24542173743247986 0.13795395195484161 -0.11016781628131866
v 0.24263900518417358 -0.51248973608016968 -0.11055920273065567
v 0.23103748192721651 -0.51484588824181565 -0.086575360471314797
v 0.21160678455585288 -0.48842202513090255 -0.10480875162368272
v 0.23253278434276581 -0.50843876600265503 -0.12938560545444489
v 0.23787714540958405 -0.48303720355033875 -0.15116934478282928
v 0.23538054027294431 -0.48299937340544097 -0.12234837583417596
v 0.29066066426295162 -0.4929724384230223 -0.1747663865425873
v 0.2512102290238763 -0.46501559458351716 -0.16177707792130103
v 0.41066721365312492 -0.87480656756868114 -0.3538717092567733
v 0.28999534707147512 -0.50019946102631208 -0.15792165858068566
v 0.26358579965865209 -0.50628156517384426 -0.15835078534298913
v 0.28770214319229126 -0.47360605001449585 -0.18892493844032288
v 0.27106693387031555 -0.45372119545936584 -0.18463872373104095
v 0.24202257394790649 -0.40184929966926575 -0.18084001541137695
v 0.22995033860206604 -0.37230408191680908 -0.17982965707778931
v 0.22157289249522885 -0.4030478023259158 -0.15511021651712337
v 0.23872572183609009 -0.3907371461391449 -0.17185759544372559
v 0.22808884945749364 -0.47210963742950324 -0.12881052892352668
v 0.27226851635221638 -0.55720433542949366 -0.16301215921718981
v 0.25268961110602822 -0.51594063747516716 -0.268522385866448
v 0.26989500637787994 -0.53616107973590699 -0.16575729356194416
v 0.26438719034194946 -0.55451953411102295 -0.15698137879371643
v 0.27039366960525513 -0.51837468147277832 -0.15717977285385132
v 0.30784159898757935 -0.51484835147857666 -0.14289316534996033
v 0.26190969347953796 -0.55377846956253052 -0.12070906907320023
v 0.30105254054069519 -0.52624142169952393 -0.13327716290950775
v 0.32722267508506775 -0.52880093455314636 -0.15495677292346954
v 0.27639740705490112 -0.51177293062210083 -0.28040707111358643
v 0.31364244222640991 -0.5468897819519043 -0.13592469692230225
v 0.30925934415298006 -0.52505797949439459 -0.13056820268796493
v 0.33404155320352447 -0.55826263328017345 -0.1094327878114299
v 0.32931714297831738 -0.54571579233337086 -0.19293787756666203
v 0.2895513075105231 -0.53178749319430785 -0.15313020145021372
v 0.28570523858070374 -0.55272859334945679 -0.15621347725391388
v 0.24859667304340452 -0.53674669114890472 -0.11891434118135874
v 0.33356792256097967 -0.54924559389951422 -0.13135460117387424
v 0.24592330608543794 -0.55838380531023502 -0.099535695211747072
v 0.25568723626267525 -0.55301974519675734 -0.11445186542824629
v 0.27823153138160706 -0.57684791088104248 -0.12890499830245972
v 0.23219934105873108 -0.50799411535263062 -0.099480897188186646
v 0.24074972259532107 -0.51990728823087373 -0.11465265323613327
v 0.24288000047034033 -0.5425266392560707 -0.11338505919454742
v 0.21671611289371215 -0.52870346139085778 -0.087240182601178204
v 0.23711564462677026 -0.54533888677326003 -0.10023104759516083
v 0.21563485249589265 -0.54061054974945366 -0.067918828550716057
v 0.3405456251682909 -0.56160731819255738 -0.09825947482189841
v 0.2570425271987915 -0.56307119131088257 -0.12328795343637466
v 0.21569375953328221 -0.19079945202907345 -0.02256533897380936
v 0.30639064311981201 0.077317610383033752 -0.023028530180454254
v 0.33439521865100752 0.039406496186422939 -0.0014582917197467047
v 0.29441224599576787 0.035860848109255168 0.030513246890408796
v 0.27754832930156897 0.080571451018085521 0.032252103011558127
v 0.29562316214345996 0.068397985210297468 0.014391163559712813
v 0.23019935190677643 -0.23176084458827972 0.040334679186344147
v 0.25007412423713421 -0.19458829987111662 0.040627092699370621
v 0.23436707258224487 -0.20521077513694763 0.0050242901779711246
v 0.27742129564285278 -0.64211475849151611 0.0042040599510073662
v 0.27355103061502029 -0.65163887112409447 0.0074815086731903381
v 0.3049318944452592 -0.63433040085117287 -0.020754611328360321
v 0.26637330696347156 -0.63012360900701392 -0.0057520376090242015
v 0.25513464212417603 -0.58923089504241943 -0.05433490127325058
v 0.25517710190098064 -0.65828353297942821 0.028109019192267701
v 0.29129312361871768 -0.64688600973963795 -0.00083067270676136034
v 0.27673965692520142 -0.62533962726593018 -0.018272450193762779
v 0.30746421217918396 -0.62966114282608032 -0.07034686952829361
v 0.30951684713363647 -0.61456990242004395 -0.062709309160709381
v 0.3256685733795166 -0.60301870107650757 -0.063449859619140625
v 0.30241227149963379 -0.62898874282836914 -0.041306588798761368
v 0.28013400959950274 -0.63457373967427089 -0.037605510314490623
v 0.28716680407524109 -0.64731138944625854 -0.058934170752763748
v 0.24832458794116974 -0.592296302318573 -0.032898090779781342
v 0.26427978277206421 -0.60099256038665771 -0.039851080626249313
v 0.23987296223640442 -0.6025194525718689 -0.051893759518861771
v 0.25013649463653564 -0.61162424087524414 -0.038435108959674835
v 0.33102965354919434 -0.65570026636123657 -0.00077931000851094723
v 0.31628748774528503 -0.67074763774871826 0.029380869120359421
v 0.34760114550590515 -0.65368944406509399 0.017190670594573021
v 0.36814433336257935 -0.6559910774230957 0.024470340460538864
v 0.33552766098309944 -0.66740117884341832 0.018879913417749944
v 0.35432463884353638 -0.67865645885467529 0.021622400730848312
v 0.2312421053647995 -0.86228728294372559 0.031403448432683945
v 0.27000112099411167 -0.8755653799144667 0.026195352784233187
v 0.22907273973337633 -0.90845983679145492 -0.0097768193902905559
v 0.2784905096495916 -0.61969903778276569 -0.076625460284726027
v 0.28624963760375977 -0.89034873247146606 0.028499109670519829
v 0.26008816884916425 -0.8887766750316789 -0.0040580896140795337
v 0.28529146964232421 -0.93729774768484808 -0.038357637087426261
v 0.29125361144542694 -0.94871687889099121 -0.04617065005004406
v 0.2907959520816803 -0.94350993633270264 -0.037762690335512161
v 0.27399542927742004 -0.93289369344711304 -0.026884900406002998
v 0.32861161490130947 -0.92091123904818184 -0.0066097871917184768
v 0.29566835006315945 -0.91303277049086118 0.032123884040349368
v 0.24111285322872808 -0.90956610867748855 0.0060942412858943813
v 0.24278131672799186 -0.8898864362494161 0.008331458555796303
v 0.26980842024705609 -0.89850697423120085 0.012436270368434891
v 0.2777694306533729 -0.91368135039811182 0.010108514850997501
v 0.32521488408460297 -0.91496864755248741 -0.010137157829884466
v 0.28441852331161499 -0.90248727798461914 0.021808860823512077
v 0.28949213027954102 -0.91806644201278687 0.010860109701752663
v 0.31007453221808023 -0.92305112742480799 0.012634321196274058
v 0.29171668521611621 -0.92762599545658642 0.0046349284615961163
v 0.32260695099830627 -0.94428157806396484 -0.0081568900495767593
v 0.35963672399520874 -0.94762116670608521 -0.031315311789512634
v 0.34123417735099792 -0.94096261262893677 -0.015618939884006977
v 0.31466857146974386 -0.89885827319394396 -0.0085258863955932906
v 0.35052374768897759 -0.90669740619025541 -0.01499644214461862
v 0.33326977491378784 -0.88941770792007446 -0.019529750570654869
v 0.29727810621261597 -0.88317674398422241 0.01144029013812542
v 0.34485927224159241 -0.87923461198806763 -0.018999189138412476
v 0.299832523472783 -0.86432356727338988 0.015130269130846074
v 0.34042942523956299 -0.85918253660202026 0.024156980216503143
v 0.36190153158505012 -0.83726502147430115 0.016900733918203337
v 0.36589694023132324 -0.84546917676925659 0.031197110190987587
v 0.40062996745109558 -0.81889963150024414 0.015932219102978706
v 0.36786758694822935 -0.86043129668439833 0.0093932699016144178
v 0.3605976402759552 -0.88812988996505737 -0.0032413599546998739
v 0.42765864729881287 -0.9273223876953125 -0.057028848677873611
v 0.3956773473099805 -0.89931068588998997 -0.023140179106876959
v 0.39149832557909769 -0.91327023820427045 -0.031197922772357868
v 0.38116419958830927 -0.96604623376829779 -0.049484479335402821
v 0.36192804574966431 -0.95461040735244751 -0.044717058539390564
v 0.32697380643713092 -0.95876695974123916 -0.036039836855709557
v 0.37938055396080017 -0.90779262781143188 -0.018922070041298866
v 0.41126489668769245 -0.87771642556357699 -0.010821434616843815
v 0.43744794644299262 -0.89822074993602863 -0.049621667902788581
v 0.41108124180887629 -0.90590564597020229 -0.037274240199113934
v 0.41134258610200891 -0.92315435123531853 -0.051906767587586528
v 0.46646031737327576 -0.83829832077026367 -0.039417609572410583
v 0.42388362619473918 -0.85146831580823035 -0.014698663484201372
v 0.46510283648967743 -0.81858336925506592 -0.022937550209462643
v 0.41778623833549344 -0.81041407097136464 0.013997242341183977
v 0.43050035834312439 -0.81805872917175293 -0.0028833600226789713
v 0.4218388888788962 -0.83118804726463447 0.00066639809884845667
v 0.43732917400174282 -0.77244009872753949 0.024550693901124819
v 0.47044355919171799 -0.71832648912874963 0.011522882496276981
v 0.44697216153144836 -0.69568473100662231 0.022742690518498421
v 0.4394410252571106 -0.73015815019607544 0.029608570039272308
v 0.45688196289457461 -0.68558654452699397 0.017636520435059935
v 0.42482143807232009 -0.69178402086352997 0.035072424630289221
v 0.46348593471730054 -0.71027650351915306 0.018214298429931382
v 0.38059534420614571 -0.63406540413450097 -0.032261119672484677
v 0.40649151802062988 -0.6756935715675354 0.030393270775675774
v 0.4399319589138031 -0.70143640041351318 0.016889790073037148
v 0.38034958675610536 -0.65721040068185588 0.0060551997006201
v 0.36891350150108337 -0.67736130952835083 0.035659000277519226
v 0.3939721675961626 -0.66396392324216802 -0.021311579209741586
v 0.41325485706329346 -0.70524424314498901 0.024892529472708702
v 0.42266727983951569 -0.78953370451927185 0.0035325097851455212
v 0.26653897762298584 -0.64367973804473877 -0.050341539084911346
v 0.43116918206214905 -0.67813003063201904 0.014707270078361034
v 0.40407506868732262 -0.66703821422753018 -0.035026892908305192
v 0.39990442991256714 -0.65726572275161743 -0.044831309467554092
v 0.36155891105587212 -0.64193545383038209 -0.0079215102197839633
v 0.40252342820167542 -0.63508337736129761 -0.050138659775257111
v 0.37502186967915657 -0.61742598590297193 -0.057275671975063801
v 0.37008562684059143 -0.60813117027282715 -0.079200781881809235
v 0.39043939113616943 -0.64486753940582275 -0.036655090749263763
v 0.43324416875839233 -0.6178937554359436 -0.068262510001659393
v 0.44426155090332031 -0.65937137603759766 -0.030505409464240074
v 0.47174650430679321 -0.6743437647819519 -0.010524280369281769
v 0.46123850616285333 -0.66622258929378642 -0.017923786728813382
v 0.43770897388458252 -0.63698208332061768 -0.028081320226192474
v 0.47172193310210575 -0.64543382448064701 -0.047528064815361031
v 0.46486350893974304 -0.68152904510498047 0.0045958398841321468
v 0.46087497472763062 -0.69244027137756348 0.010688990354537964
v 0.43997594714164734 -0.77785152196884155 -0.0053371298126876354
v 0.47373592853546143 -0.84219151735305786 -0.044590581208467484
v 0.46021893465360647 -0.62832033994579961 -0.06806855729979859
v 0.45357295870780945 -0.63028150796890259 -0.047403909265995026
v 0.41551455855369568 -0.61440205574035645 -0.04795818030834198
v 0.44845493721500962 -0.61212951293186091 -0.11700552709540778
v 0.51556187868118286 -0.79472118616104126 -0.30762091279029846
v 0.403037428855896 -0.60741764307022095 -0.069191552698612213
v 0.42314228415489197 -0.61933612823486328 -0.062733277678489685
v 0.36315179704486061 -0.58728213389933581 -0.077474597594877598
v 0.36365878203399171 -0.57893696691441854 -0.084619183212309171
v 0.39853277802467346 -0.63524395227432251 -0.031878549605607986
v 0.44182485342025757 -0.61629778146743774 -0.082872688770294189
v 0.30640202760696411 -0.57244318723678589 -0.12393438816070557
v 0.40532699227333069 -0.55939763784408569 -0.1965489536523819
v 0.37495908227429375 -0.58215988407987718 -0.14959949894810104
v 0.36278160324901992 -0.56805011100100211 -0.18433811933221789
v 0.38913080096244812 -0.57306420803070068 -0.13062188029289246
v 0.39548623561859131 -0.58869695663452148 -0.13453285396099091
v 0.38606423282670854 -0.59559464489411207 -0.076627745729978922
v 0.47676816582679749 -0.60721248388290405 -0.11378548294305801
v 0.44969281554222107 -0.61773687601089478 -0.10429225116968155
v 0.4175460115983205 -0.60874946530245611 -0.076554881103198746
v 0.46512356407200556 -0.61976457545855046 -0.082569337423883435
v 0.46005459265906878 -0.90615204568082586 -0.068208556383785646
v 0.46265829466898767 -0.9241091829320417 -0.11782064464427329
v 0.4592399001121521 -0.92810630798339844 -0.10634267330169678
v 0.46799855707942351 -0.89887744736022401 -0.073565765270855343
v 0.47295702331677364 -0.90975160627350515 -0.082157377235480084
v 0.43390450599423219 -0.91391519204304605 -0.061195450765018582
v 0.45991387963294983 -0.89373165369033813 -0.066449478268623352
v 0.43946211514405442 -0.91963356782067585 -0.064270032138067493
v 0.42816174030303955 -0.911732017993927 -0.047710809856653214
v 0.42135927961324793 -0.97670112954168342 -0.10211045245452814
v 0.41804802240279182 -0.96222591822415315 -0.096972036504626102
v 0.47172694074894084 -0.93674893951941229 -0.12287830277774686
v 0.42846143245697021 -0.95012927055358887 -0.092892959713935852
v 0.4091336727142334 -0.98903262615203857 -0.16011495888233185
v 0.36274471879005432 -0.97774547338485718 -0.10783708095550537
v 0.4047776460647583 -1.0000313520431519 -0.11259142309427261
v 0.41351771354675293 -1.013130784034729 -0.17276354134082794
v 0.36791335082075094 -0.9987996566817321 -0.13487274496691021
v 0.40348691749312082 -0.9654758818174386 -0.17462604529154876
v 0.39040199627443944 -0.96612162657451661 -0.091799984505884349
v 0.36461643131301968 -0.98792527768666105 -0.1195510911070585
v 0.37272822856903076 -1.0071628093719482 -0.13874469697475433
v 0.39519693987888366 -0.96379178447228198 -0.077732007500837502
v 0.35656347870826721 -0.9996645450592041 -0.24783365428447723
v 0.37439878775529506 -0.9645169834393662 -0.068402037355448364
v 0.35858933719616104 -1.0043092629609969 -0.21712471956095566
v 0.40567144751548767 -0.95478826761245728 -0.06924370676279068
v 0.39718367070727317 -0.94295024567685048 -0.052222277338723498
v 0.41562196612358093 -0.93833303451538086 -0.054538540542125702
v 0.29878595471382141 -0.98677265644073486 -0.086875058710575104
v 0.308237224817276 -0.98798114061355591 -0.073673337697982788
v 0.2905651071200096 -0.96901239401225148 -0.067019168128777507
v 0.32528617685337213 -0.9709133805594603 -0.068996859671689281
v 0.52416971489761577 -0.80502143488247069 -0.30821232804860571
v 0.29969819174151291 -0.9684333607994684 -0.057606763442032985
v 0.29216897780406326 -0.98650450848945703 -0.11864262021651432
v 0.29336094856262207 -0.98466801643371582 -0.06774892657995224
v 0.30304470658302307 -1.0109965801239014 -0.11004477739334106
v 0.31819173693656921 -1.0181491374969482 -0.12438715249300003
v 0.24766373634338379 -1.0288850069046021 -0.21270251274108887
v 0.30194025751174469 -0.97715617702025226 -0.094329754782903466
v 0.31374369673890384 -0.97992189985498668 -0.063953530202787198
v 0.31218766135875425 -0.9888804928124042 -0.1112362542204289
v 0.28334686160087585 -0.98057442903518677 -0.13279210031032562
v 0.32653403937468728 -1.0021278202418935 -0.1167506745403281
v 0.33917741395924522 -0.99571365159495739 -0.11468850107668607
v 0.3429507315158844 -0.99325209856033325 -0.13012580573558807
v 0.30286269338679078 -1.0009248563089521 -0.10764491391380028
v 0.35867157578468323 -0.99227195978164673 -0.12389863282442093
v 0.34725585579872131 -0.98395669460296631 -0.10400378704071045
v 0.28573850840615866 -0.99768393488322449 -0.13740587499024098
v 0.27168164431618352 -0.99990283431772264 -0.10538499767533004
v 0.26120196973590415 -0.97149538513997358 -0.14554096665792085
v 0.24014188349246979 -0.97563588619232178 -0.15444658696651459
v 0.25445324182510376 -0.95782548189163208 -0.1243705078959465
v 0.28240573406219482 -0.9469369649887085 -0.061942338943481445
v 0.28075227984883278 -0.96173306449228868 -0.10352281398920012
v 0.24355727434158325 -0.94232654571533203 -0.092468656599521637
v 0.25391997886594359 -0.94755681325140462 -0.11571898184572356
v 0.28598359227180481 -0.95255756378173828 -0.075721859931945801
v 0.20255822371771859 -0.94657301369373592 -0.15742621298535381
v 0.21753427386283875 -0.93827718496322632 -0.11325015127658844
v 0.27226993441581726 -0.59584170579910278 -0.086849883198738098
v 0.26714560389518738 -0.62008517980575562 -0.096114970743656158
v 0.24951913952827454 -0.5926593542098999 -0.086160801351070404
v 0.27875557172600757 -0.57219579282026134 -0.15309762492176188
v 0.29720296655731521 -0.59366471681749611 -0.1015001876624651
v 0.25866801379767251 -0.63855569554309655 -0.064510944494177075
v 0.34407413005828857 -0.55067735910415649 -0.23944114148616791
v 0.35027509927749634 -0.60742843151092529 -0.073468953371047974
v 0.2888319194316864 -0.63343876600265503 -0.066953912377357483
v 0.2538609214861568 -0.6225798697291095 -0.043273244746906081
v 0.28799730539321899 -0.60227501392364502 -0.08497995138168335
v 0.2320045679807663 -0.56779849529266357 -0.074541643261909485
v 0.23188553750514984 -0.6215205192565918 -0.055195529013872147
v 0.23599137897240935 -0.62724066342895723 -0.06654001725921091
v 0.22303472459316254 -0.60299372673034668 -0.074075661599636078
v 0.27597180008888245 -0.58485323190689087 -0.10474269092082977
v 0.25934421576129491 -0.58553251283429586 -0.08812776340509873
v 0.34461882710456848 -0.59226232767105103 -0.078368209302425385
v 0.34415009617805481 -0.57212734222412109 -0.087156817317008972
v 0.28258544206619263 -0.58200901746749878 -0.10275059938430786
v 0.31664785256187744 -0.59377432316844958 -0.08473588905545501
v 0.30097627639770508 -0.56238645315170288 -0.13177527487277985
v 0.30154919949417741 -0.58306108668608436 -0.11445025802259567
v 0.31934759020805359 -0.57217013835906982 -0.1016419380903244
v 0.34902426904586648 -0.56610712806305719 -0.11712606627008335
v 0.3316185121536232 -0.55466730464064717 -0.18603708239731753
v 0.24622374773025513 -0.46782976388931274 -0.21222023665904999
v 0.25433682496483728 -0.5232098568068041 -0.28365644066518297
v 0.29147720336914062 -0.49315980076789856 -0.2631567120552063
v 0.26897438664045803 -0.53086910942885068 -0.28749182715806276
v 0.27021570570888404 -0.52116599510662454 -0.27967203975688809
v 0.32563468813896179 -0.9205096960067749 -0.33261054754257202
v 0.28846579790115356 0.16921205818653107 -0.18703457713127136
v 0.29203375969297496 -0.52217310842856002 -0.31211631926864358
v 0.27156525129862241 -0.53614720260571669 -0.2974485455899305
v 0.28656542379871819 -0.51685279570389731 -0.28787162913884534
v 0.29814112186431885 -0.84500807523727417 -0.2838282585144043
v 0.28576011538507451 -0.52822954298745817 -0.32063329253289186
v 0.2979373391732888 -0.52819446050827112 -0.31768008622210892
v 0.27108403813800191 -0.5438367510444041 -0.34116033932415002
v 0.27484697103500366 -0.5345122218132019 -0.32729890942573547
v 0.25862757861614227 -0.54754102230072021 -0.34930717945098877
v 0.28670723934579423 -0.56812760230518078 -0.35065185545315891
v 0.25680004263543327 -0.54413898428519347 -0.32560480953443638
v 0.23653250932693481 -0.55065125226974487 -0.33272996544837952
v 0.2295374870300293 -0.56384450197219849 -0.37293413281440735
v 0.22044884262915659 -0.6063235182748945 -0.36124093840096405
v 0.23197239637374878 -0.88231128454208374 -0.30186590552330017
v 0.23441985249519348 -0.83992528915405273 -0.3150252103805542
v 0.29400581121444702 -0.86173653602600098 -0.33199068903923035
v 0.29881453514099121 -0.8628876805305481 -0.34696456789970398
v 0.26486774048390538 -0.56637486879327203 -0.37576361800224561
v 0.28924478866745273 -0.55330608658366554 -0.34485881211907077
v 0.29178076982498169 -0.84272581338882446 -0.31939107179641724
v 0.285686194896698 -0.88212919235229492 -0.2489752471446991
v 0.29400885105133057 -0.86699694395065308 -0.29494035243988037
v 0.2629777507580211 -0.86830311260963744 -0.24697935309990107
v 0.21579879522323608 -0.54885846376419067 -0.31843957304954529
v 0.23434408592880338 -0.87217459973848277 -0.29496395152577398
v 0.21350811421871185 -0.88867795467376709 -0.30377507209777832
v 0.25015714764595032 -0.90411818027496338 -0.28704798221588135
v 0.22999748587608337 -0.9173615574836731 -0.28614592552185059
v 0.27688050270080566 -0.91374939680099487 -0.29460912942886353
v 0.24862585961818695 -0.88696968555450439 -0.30047139525413513
v 0.25162034883593704 -0.87721001241750463 -0.30435739300716236
v 0.26076938226956253 -0.87307795412640066 -0.30240304384735284
v 0.28942989134306396 -0.87477246566476619 -0.31685627330849436
v 0.26778489481463341 -0.90783826448400484 -0.28496831332709782
v 0.29408417275818433 -0.92434357628697639 -0.30862548546866181
v 0.25146558880805969 -0.93037557601928711 -0.2932915985584259
v 0.27341291064611783 -0.92698178748184545 -0.30168167775835297
v 0.26506791388286155 -0.95954709700221275 -0.29031191721361504
v 0.25225093960762024 -0.99987208843231201 -0.32987067103385925
v 0.27243298292160034 -0.94928926229476929 -0.2850913405418396
v 0.28052811999076371 -0.9395844396605344 -0.30337652187463843
v 0.33513420820236206 -1.0040739774703979 -0.27691742777824402
v 0.28094046008381857 -0.96028095891869936 -0.29069661885123271
v 0.27397549152374268 -0.95703327655792236 -0.31332060694694519
v 0.28587743639945984 -0.9726792573928833 -0.35542693734169006
v 0.29992842674255371 -0.9586021900177002 -0.37512853741645813
v 0.30477678775787354 -0.95195746421813965 -0.36151984333992004
v 0.27358809113502502 -0.94745373725891113 -0.35300514101982117
v 0.30300328530097465 -0.96725110125338909 -0.36796282186782253
v 0.29106315970420837 -0.81991010904312134 -0.39002969861030579
v 0.31263396143913269 -0.92093896865844727 -0.33095365762710571
v 0.32128808831440825 -0.89668397310701531 -0.30941163369399666
v 0.27382263541221619 -0.91441404819488525 -0.30492871999740601
v 0.27232819795608521 -0.89278608560562134 -0.29810652136802673
v 0.2856903076171875 -0.89908701181411743 -0.28584331274032593
v 0.27119007706642151 -0.8858799934387207 -0.26001772284507751
v 0.27021899819374084 -0.87098568677902222 -0.25359189510345459
v 0.30134555697441101 -0.8869774341583252 -0.25362992286682129
v 0.28224382939848108 -0.85255793838977234 -0.26170962409179344
v 0.29779553413391113 -0.87293893098831177 -0.24847657978534698
v 0.29974326491355896 -0.83833611011505127 -0.34128394722938538
v 0.35757902264595032 -0.91440856456756592 -0.35158070921897888
v 0.29900765419006348 -0.87352591753005981 -0.3444056510925293
v 0.33096280041564902 -0.81301598270841735 -0.3626341822303204
v 0.35129284083154638 -0.83194066047626258 -0.34975411762405501
v 0.33818596601486206 -0.97990673780441284 -0.34735098481178284
v 0.3089107751021305 -0.94846279126899768 -0.33952457919693513
v 0.30796265602111816 -0.87847834825515747 -0.326133131980896
v 0.32602474093437195 -0.94478923082351685 -0.33458739519119263
v 0.32456415891647339 -0.93657988309860229 -0.34253603219985962
v 0.33412849903106689 -0.92775195837020874 -0.34051904082298279
v 0.32562377956774163 -0.93253115349356785 -0.33356476600575241
v 0.3410021774786009 -0.93708040990834085 -0.34609064408601703
v 0.3116786777973175 -0.93405306339263916 -0.31490445137023926
v 0.388824462890625 -0.75576728582382202 -0.39003536105155945
v 0.30853846669197083 -0.98338335752487183 -0.35002875328063965
v 0.3092116117477417 -0.93697720766067505 -0.32917952537536621
v 0.3007038410083967 -0.94365005123954815 -0.30462165374903083
v 0.35318979620933533 -1.0091021060943604 -0.2024383544921875
v 0.34138110280036926 -0.99117773771286011 -0.27645367383956909
v 0.35430517792701721 -0.98936563730239868 -0.20231461524963379
v 0.38456317782402039 -0.96502429246902466 -0.21761910617351532
v 0.3525596559047699 -0.98793596029281616 -0.24432732164859772
v 0.34463822841644287 -0.92706561088562012 -0.35141277313232422
v 0.3363291323184967 -0.93375527858734131 -0.34004941582679749
v 0.34316258810647388 -0.91813886042133352 -0.34165023195985156
v 0.37276074290275574 -0.88796573877334595 -0.35798028111457825
v 0.34910150064198903 -0.89904006374159018 -0.3515087002050773
v 0.35156843066215515 -0.87480086088180542 -0.33168411254882812
v 0.33200457692146301 -0.97342491149902344 -0.36719173192977905
v 0.35670706629753113 -0.97422683238983154 -0.31410285830497742
v 0.35366830229759216 -0.99877148866653442 -0.22550183534622192
v 0.37044942975512984 -0.93261672637160298 -0.35374816718538954
v 0.38262955043641406 -0.87747868612863111 -0.35727786290177227
v 0.36271393299102783 -0.96326720714569092 -0.34303241968154907
v 0.35109832882881165 -0.92226475477218628 -0.35710668563842773
v 0.36186688554718693 -0.91036034774484742 -0.35318869733652808
v 0.35894148051738739 -0.84724739193916321 -0.34735332429409027
v 0.35864880681037903 -0.91975522041320801 -0.36001202464103699
v 0.36884925900778642 -0.91699663134433362 -0.37000846825202455
v 0.381710509722203 -0.90168317383003371 -0.36226408602781285
v 0.40374436974525452 -0.8485797643661499 -0.35604044795036316
v 0.3150229933146883 -0.57168496107314759 -0.38264220029810492
v 0.34298721836429741 -0.59517604784284894 -0.27507041330672788
v 0.40952141998033204 -0.58420928161797137 -0.30651030042689126
v 0.40088587999343872 -0.58257687091827393 -0.19652032852172852
v 0.35838428139686584 -0.59989452362060547 -0.25229370594024658
v 0.36652553081512451 -0.57664793729782104 -0.24643006920814514
v 0.35795936734571493 -0.57491611788422847 -0.28974940764874862
v 0.38418105244636536 -0.60499429702758789 -0.26185765862464905
v 0.37282665450067337 -0.56617182127433108 -0.23738265895607624
v 0.3819863498210907 -0.55767238140106201 -0.27069476246833801
v 0.36371352578644417 -0.565713082746506 -0.20617094840697447
v 0.36789444088935852 -0.56193578243255615 -0.22398968040943146
v 0.32816308736801147 -0.5759589672088623 -0.26085391640663147
v 0.36045652627944946 -0.53913569450378418 -0.26522731781005859
v 0.3452877402305603 -0.55768746137619019 -0.1988566666841507
v 0.43179573971792906 -0.56579521748581996 -0.22195877714377438
v 0.36875545978546143 -0.5478094220161438 -0.30320444703102112
v 0.34593415260314941 -0.55823332071304321 -0.26912695169448853
v 0.35177107948332137 -0.52190631075695648 -0.26462939960077808
v 0.36016943033560311 -0.54157659104387612 -0.28738690589316801
v 0.31841307878494263 -0.52800732851028442 -0.22689563035964966
v 0.2979438304901123 -0.51010125875473022 -0.22186234593391418
v 0.30675718188285828 -0.52215850353240967 -0.21660354733467102
v 0.31308552604399403 -0.53036429478538183 -0.21348081113027179
v 0.33953645825386047 -0.55074161291122437 -0.25283965468406677
v 0.33528542518615723 -0.57959812879562378 -0.28295201063156128
v 0.31322769254734745 -0.55137963661194844 -0.34297899749396105
v 0.33851212252426549 -0.54424091031302102 -0.30909780750751953
v 0.31574676152702413 -0.53307427129946894 -0.32273920244151189
v 0.31576964765382964 -0.56748587564532849 -0.35543836505368059
v 0.32613480091094971 -0.55404597520828247 -0.34995356202125549
v 0.34036197996456852 -0.58184690923594895 -0.36814518297807497
v 0.30032676557268678 -0.53036138603929894 -0.32630695418265965
v 0.34424374147630388 -0.55953037648781867 -0.32630240963848911
v 0.34588146209716797 -0.54322892427444458 -0.31504783034324646
v 0.37631100033049225 -0.55727189786976705 -0.31863198093073908
v 0.37930518388748169 -0.56280934810638428 -0.32985237240791321
v 0.37874516661496888 -0.58555771324330186 -0.3656771106136964
v 0.36955912603727686 -0.59499124152361527 -0.37820109887177028
v 0.33675113478621538 -0.57451109882601559 -0.35494865773844952
v 0.37377400397912147 -0.56580430885819044 -0.33242510691024185
v 0.38337048888206482 -0.56882333755493164 -0.31817927956581116
v 0.4079135714990248 -0.59734812043137553 -0.35516528498498479
v 0.37770408391952515 -0.59173053503036499 -0.37366247177124023
v 0.39149056433628987 -0.57201388451063662 -0.35118217191344026
v 0.37840059399604797 -0.72885990142822266 -0.39543882012367249
v 0.36868396401405334 -0.64372879266738892 -0.3933461606502533
v 0.36896901902830909 -0.62434874572138654 -0.36179261800599571
v 0.33919778682956403 -0.57391204935948004 -0.39181008745415224
v 0.35383451885527939 -0.64000105782600691 -0.37246552275744521
v 0.35983858837014043 -0.60119490086870808 -0.37856850499164185
v 0.36308512091636658 -0.61373728513717651 -0.38966095447540283
v 0.35746291279792786 -0.6108088493347168 -0.37963134050369263
v 0.34764009714126587 -0.59488219022750854 -0.38044321537017822
v 0.34397420287132263 -0.58417564630508423 -0.39094266295433044
v 0.32545180618205222 -0.56679790676335018 -0.37818354371171425
v 0.3471367359161377 -0.6478278636932373 -0.38165029883384705
v 0.34641219346983293 -0.70068996843309894 -0.38746338363148114
v 0.3404906690120697 -0.63773816823959351 -0.38038060069084167
v 0.35158079173403062 -0.62629713432881917 -0.39057578369061752
v 0.32643884420394897 -0.66734856367111206 -0.3885023295879364
v 0.34798157215118408 -0.67751270532608032 -0.38419231772422791
v 0.34202144205764184 -0.67650909933967207 -0.38548059954510139
v 0.27604043483734131 -0.67986273765563965 -0.39244452118873596
v 0.32926901790297575 -0.6235079314308527 -0.39091746658603832
v 0.32935526967048645 -0.6467442512512207 -0.38029277324676514
v 0.34440635838316863 -0.65869002881911509 -0.38738999628113341
v 0.34442641569818577 -0.68691837184093596 -0.38815582283708494
v 0.31747087836265564 -0.70153379440307617 -0.39700770378112793
v 0.34997260570526123 -0.65177297592163086 -0.38832247257232666
v 0.36957026836874646 -0.65431875569706577 -0.39358801841678615
v 0.32332583282028016 -0.66918270571867655 -0.39625464461407989
v 0.32743692398071289 -0.68517696857452393 -0.40665668249130249
v 0.34925299088228173 -0.61892015828850511 -0.39100104360482518
v 0.29620921611785889 -0.60446625947952271 -0.39791816473007202
v 0.36346966231481781 -0.68180755540998073 -0.38740541074122137
v 0.38825932900651172 -0.6703034106672191 -0.38970979669495148
v 0.36632522940635681 -0.66750478744506836 -0.39618730545043945
v 0.37812173366546631 -0.74512404203414917 -0.43158605694770813
v 0.3682066798210144 -0.70114129781723022 -0.395170658826828
v 0.34133391324946299 -0.70957277347452319 -0.40208427843636768
v 0.36859142780303955 -0.74364399909973145 -0.39076316356658936
v 0.32892370223999023 -0.68241202831268311 -0.38558873534202576
v 0.32984599471092224 -0.70112806558609009 -0.38802209496498108
v 0.31732767375347842 -0.71649287831909236 -0.38793830502875387
v 0.36054129586186973 -0.78152707263511667 -0.37363473525059315
v 0.35943029583217823 -0.75434141910150709 -0.37998499290860077
v 0.34583068550691731 -0.78135259902810184 -0.38157574531725086
v 0.37682062387466431 -0.7642781138420105 -0.37850740551948547
v 0.40395462650149738 -0.76710299717818442 -0.38354661721888372
v 0.39246836304664612 -0.895732581615448 -0.37178489565849304
v 0.34611008453969483 -0.93278066298301443 -0.38743298482691785
v 0.33442601561546326 -0.80813789367675781 -0.41233992576599121
v 0.34905576705932617 -0.76040703058242798 -0.4179036021232605
v 0.34931233525276184 -0.84084558486938477 -0.38734051585197449
v 0.35562089868494762 -0.84494623328278617 -0.38508579507006963
v 0.34698823094367981 -0.78064978122711182 -0.40517613291740417
v 0.3379187868025898 -0.7955439893455224 -0.37264369068952308
v 0.3299044668674469 -0.83323961496353149 -0.38699552416801453
v 0.31630878381695615 -0.86164893358505867 -0.36516162912384736
v 0.32192818990591437 -0.83396942771377092 -0.40177704832128841
v 0.32644331455230713 -0.96345114707946777 -0.38083183765411377
v 0.34544375538825989 -0.79277896881103516 -0.36928868293762207
v 0.32735797440124814 -0.72576895081805592 -0.40861787522010895
v 0.33133400997398782 -0.72086265208422984 -0.39527106469405821
v 0.3560979962348938 -0.6978992223739624 -0.38969486951828003
v 0.33995357155799866 -0.79839444160461426 -0.3968881368637085
v 0.33533716201782227 -0.78300869464874268 -0.41406518220901489
v 0.3212699350384397 -0.74124502943365744 -0.41307102797963419
v 0.33848854899406433 -0.77093487977981567 -0.41187894344329834
v 0.35820704698562622 -0.73879212141036987 -0.42037981748580933
v 0.30762690305709839 -0.72913950681686401 -0.40868628025054932
v 0.31236660480499268 -0.7118714451789856 -0.39766791462898254
v 0.3014898980076362 -0.67420014643755244 -0.40111423548406089
v 0.29443228244781494 -0.77068805694580078 -0.41206499934196472
v 0.30224734682611043 -0.70017708285501479 -0.4032196771858691
v 0.29415982961654663 -0.72111231088638306 -0.40967139601707458
v 0.31545603887164997 -0.78991876957471685 -0.40812268430801896
v 0.29413533250245577 -0.68356451298227439 -0.400333946365307
v 0.284449056079985 -0.70020160501673112 -0.39539216543064681
v 0.27050369800692975 -0.71667381899161331 -0.40145038546854384
v 0.3006210283119064 -0.72482377510462515 -0.39338006642945506
v 0.27902016043663025 -0.70800381898880005 -0.40005671977996826
v 0.29555779695510864 -0.71904617547988892 -0.39207649230957031
v 0.29198818122573272 -0.81061282348295183 -0.40122179740013714
v 0.28893676400184631 -0.82538700103759766 -0.36131271719932556
v 0.30811166763305664 -0.9710090160369873 -0.38874316215515137
v 0.30875979763044487 -0.95928521129416167 -0.38163895330355729
v 0.31023141741752625 -0.85774350166320801 -0.3985145092010498
v 0.25945720076560974 -0.77789151668548584 -0.41375094652175903
v 0.24734645938211264 -0.72310089266642752 -0.39892711801536457
v 0.25944009063054962 -0.73815021018182903 -0.40530163723280183
v 0.23804467916488647 -0.75418567657470703 -0.40409830212593079
v 0.24068630169995192 -0.74270746295060319 -0.39215090943548642
v 0.22374532666631164 -0.76378108223837671 -0.4091906066823674
v 0.25285038352012634 -0.79782944917678833 -0.403624027967453
v 0.22337956726551056 -0.84780204296112061 -0.38457226753234863
v 0.25665381550788879 -1.0071512460708618 -0.36514604091644287
v 0.24579877685506635 -0.70770769505595588 -0.40526134488540388
v 0.26941403006987008 -0.75720115738725824 -0.41271766749993766
v 0.2742200493812561 -0.72328734397888184 -0.40671706199645996
v 0.2766721248626709 -0.68704050779342651 -0.40318393707275391
v 0.2520385259172202 -0.69020951771203087 -0.39911459475935712
v 0.27119809329771238 -0.6660783677439307 -0.39789119846400339
v 0.28322431848477586 -0.65993164315981123 -0.39260817445817969
v 0.30993954420026043 -0.66779326187773191 -0.40182032594909112
v 0.31100986173364958 -0.6538795482307368 -0.38005052609960366
v 0.30837093162093887 -0.64290307245926392 -0.39254898396942201
v 0.2391276931840228 -0.61595101754336679 -0.37637550020085414
v 0.32427621115362149 -0.6372786727901546 -0.3741144264662703
v 0.26200344730999403 -0.63410675416981788 -0.39068152211556995
v 0.23863056302070618 -0.59882998466491699 -0.37901237607002258
v 0.25196963548660278 -0.58649718761444092 -0.3834255039691925
v 0.30458317026410531 -0.5785794879427173 -0.38461545554812482
v 0.29290729761123657 -0.56847995519638062 -0.36542868614196777
v 0.30230861902236938 -0.56066107749938965 -0.36790430545806885
v 0.27449277376912579 -0.60855523806204359 -0.40026464300370562
v 0.30497026443481445 -0.62270611524581909 -0.39817675948143005
v 0.3092418909072876 -0.57585155963897705 -0.39114457368850708
v 0.30202272534370422 -0.59026211500167847 -0.39383450150489807
v 0.32420653627023283 -0.58889196900748331 -0.38949167740796276
v 0.28775875161153625 -0.59480227021509846 -0.39961923034782354
v 0.2673284113407135 -0.59668618440628052 -0.39851853251457214
v 0.27398642897605896 -0.58639317750930786 -0.39343914389610291
v 0.2786829385167367 -0.57377452604305745 -0.3936886220773026
v 0.22127123081899103 -0.50311986456470537 -0.28534007329138916
v 0.24087809026241302 -0.49773126840591431 -0.27990388870239258
v 0.27175587304495769 -0.47443046055234744 -0.24489582385912873
v 0.23779423534870148 -0.477497398853302 -0.25853511691093445
v 0.33525984206037551 0.24547008125908881 -0.24712394791000269
v 0.27952748537063599 0.24860562384128571 -0.24974438548088074
v 0.27602519486712007 0.29069697236455655 -0.25995151356789437
v 0.28013237147396891 0.28315375019788946 -0.26083640529658719
v 0.25949233770370483 0.32493549585342407 -0.2620999813079834
v 0.27701762276326314 -0.49596349532182737 -0.26181565210958574
v 0.2864453568532736 -0.51282592191162657 -0.28631200711785249
v 0.2909797728061676 -0.46772429347038269 -0.25737237930297852
v 0.26369544863700867 0.25753304362297058 -0.23898860812187195
v 0.28594644905228778 0.26370894267992856 -0.25803309035449068
v 0.2757874912065526 0.27068490054385602 -0.25058092790729147
v 0.29824072122573853 0.24797762930393219 -0.25720685720443726
v 0.23309797048568726 0.32663604617118835 -0.24168948829174042
v 0.24762868586218367 0.29825801245619782 -0.25015013598666497
v 0.22796778380870819 0.30160415172576904 -0.24013349413871765
v 0.26121989218777841 -0.48507365105937145 -0.24446861595243016
v 0.25816941261291504 -0.45152765512466431 -0.20744012296199799
v 0.24527865648269653 -0.41674742102622986 -0.21131354570388794
v 0.26082923183094786 -0.43980882016349582 -0.21861930404526386
v 0.27446756407020845 -0.45825821262509797 -0.23859287381116734
v 0.27986845374107361 -0.4356517493724823 -0.21588480472564697
v 0.26007100270451039 0.20687851428519419 -0.20744659243857211
v 0.24470719105797864 -0.39896674650040231 -0.20861198397529204
v 0.23911786079406738 -0.39248180389404297 -0.20208100974559784
v 0.2434101692135662 -0.44367744233127615 -0.20071958290977837
v 0.26534563302993774 -0.42143821716308594 -0.20568473637104034
v 0.28678345680236816 -0.44568705558776855 -0.18779785931110382
v 0.26140612500718252 -0.43301899427931284 -0.18695650459108695
v 0.31813356280326843 0.17777737230062485 -0.20280741155147552
v 0.29356476664543152 -0.49825480580329895 -0.20735494792461395
v 0.29514455795288086 0.15732215344905853 -0.18899264931678772
v 0.24295731974406939 -0.46038081679893944 -0.20050531933356475
v 0.24418704211711884 -0.43159684538841248 -0.19956445693969727
v 0.23314356118850621 -0.45275310509832928 -0.19327680724454893
v 0.25084721754741479 0.27499463548760589 -0.24122121531304641
v 0.26987548195664607 0.22363943554276169 -0.21990842419521556
v 0.23646960206808468 0.240943516015348 -0.20869368263391799
v 0.24453624763679271 0.24192447380566875 -0.21440773918967837
v 0.28881168365478516 0.21008731424808502 -0.22218559682369232
v 0.25798100717800743 0.24383664306677305 -0.23033659156665989
v 0.28197337901882757 0.22402979656697089 -0.23271210322623526
v 0.25520336627960205 0.26166471838951111 -0.24134103953838348
v 0.24300080099358864 0.25562153895550732 -0.22684316110673935
v 0.30945191826545199 0.21357529229730768 -0.23012234914814311
v 0.23291753232479095 0.27578088641166687 -0.23349543660879135
v 0.22152648713907377 0.39322263758133758 -0.25252375011267525
v 0.26914500340223008 0.57553208117222743 -0.24237004907233251
v 0.22278093333028781 0.54497873850822476 -0.25165819063473804
v 0.25061360506886465 0.35208759128369649 -0.26063148679835718
v 0.27473425225298365 0.56294215426654137 -0.25224676062596646
v 0.30176659440515008 0.25806276725232374 -0.25017036551052713
v 0.22478971347196236 0.58343671205336622 -0.24312379382397201
v 0.24406598508358002 0.61247718334197998 -0.21144592761993408
v 0.2668217623254544 0.60921121210260953 -0.21144338621445613
v 0.29588214005905117 0.59714901600844572 -0.22594254417373494
v 0.27992802858352661 0.60356199741363525 -0.22194008529186249
v 0.25431948900222778 0.6330220103263855 -0.2069491446018219
v 0.25259849753626373 0.62825681309616221 -0.21134337691843239
v 0.5182337760925293 -0.7496258020401001 -0.3047889769077301
v 0.27871939539909363 0.58492070436477661 -0.23836049437522888
v 0.25470033288002014 0.58154314756393433 -0.23790675401687622
v 0.28665807843208313 0.61961150169372559 -0.21635378897190094
v 0.32466620206832886 0.57441234588623047 -0.23857727646827698
v 0.25687173008918762 0.5821678638458252 -0.24386025965213776
v 0.24421659554443964 0.58861424776269333 -0.23956929546427685
v 0.21307708000052722 0.46710463793846341 -0.26371211902506858
v 0.26117870211601257 0.48393550515174866 -0.27603918313980103
v 0.24674700200557709 0.44938492774963379 -0.26776772737503052
v 0.22696299888998511 0.44329596026354462 -0.26278798062083197
v 0.23104003071784973 0.52988427877426147 -0.26345568895339966
v 0.22178262664117362 0.51156947580656609 -0.27453784776262014
v 0.27885192923254448 0.53881852035122813 -0.26345027410301303
v 0.28373704795456134 0.40586460321221524 -0.27533817710976799
v 0.23012643307447433 0.40577799081802368 -0.25631304085254669
v 0.24274588945016082 0.37712336308911548 -0.24871848269917618
v 0.25540176033973694 0.35867950320243835 -0.25557675957679749
v 0.26386437101666865 0.35902364065405734 -0.25836492242663367
v 0.28117372863984247 0.32739865879277985 -0.26490953655357213
v 0.313398210846493 0.34062484011186445 -0.2707163458149594
v 0.26985754072666168 0.49608437716960907 -0.27761951088905334
v 0.27001535892486572 0.52860742807388306 -0.27284979820251465
v 0.28114038705825806 0.51614654064178467 -0.27367398142814636
v 0.30304640746259925 0.55495432234239095 -0.25890222986135691
v 0.31991090540269296 0.50698813564492951 -0.27526885887850427
v 0.31185120860871934 0.49113615284631529 -0.27926803128115901
v 0.29872979448245318 0.51639262897084581 -0.27535636134437547
v 0.30700245499610901 0.49739962816238403 -0.27937456965446472
v 0.30410203337669373 0.51304280757904053 -0.28022804856300354
v 0.30273604393005371 0.40144547820091248 -0.26679572463035583
v 0.30235291815315224 0.44787681687608322 -0.28050666864143808
v 0.26953912321635598 0.44273088095415281 -0.27893331553272244
v 0.29972338676452637 0.45688074827194214 -0.28077965974807739
v 0.31877573438089352 0.4377881168220859 -0.2791031702453175
v 0.32147294067861776 0.45867437356965218 -0.27864984303903456
v 0.32651594235332682 0.43856235022025308 -0.27540955806116002
v 0.34799185395240784 0.45857530832290649 -0.27344527840614319
v 0.34530562162399292 0.37463033199310303 -0.27508991956710815
v 0.31062102317810059 0.37949913740158081 -0.2696724534034729
v 0.33477531772630609 0.35606108805479908 -0.2717251130563359
v 0.30623325705528259 0.40720862150192261 -0.27542120218276978
v 0.32886776328086853 0.37389546632766724 -0.27538520097732544
v 0.32812786300257346 0.40345323205031597 -0.26864857213034671
v 0.31334507465362549 0.36772036552429199 -0.26742309331893921
v 0.35401407190654272 0.39228749314417305 -0.26621392369650348
v 0.32022109627723694 0.39284226298332214 -0.26668858528137207
v 0.33889821171760559 0.40073978900909424 -0.26480334997177124
v 0.35176092962182848 0.41077065300443028 -0.26326740499373036
v 0.35054811835289001 0.42269232869148254 -0.26861119270324707
v 0.36038248937868472 0.42595534686757347 -0.27608135678420176
v 0.35131695866584778 0.49021300673484802 -0.27126011252403259
v 0.34552419185638428 0.40950310230255127 -0.26196178793907166
v 0.3688228210815413 0.4795434718333717 -0.26988616367024293
v 0.37945175170898438 0.39356672763824463 -0.27028396725654602
v 0.4002460981063618 0.3719373265431602 -0.27309900460554071
v 0.37854185700416565 0.42501398921012878 -0.27657520771026611
v 0.36778241395950317 0.46453365683555603 -0.27656620740890503
v 0.35560812305739486 0.49014059340632038 -0.26547421169049273
v 0.36538398265838623 0.4730783998966217 -0.27755382657051086
v 0.35891296928471961 0.44757704605039905 -0.2777450269153946
v 0.34848573803901672 0.49859565496444702 -0.28053322434425354
v 0.31273558735847473 0.57110291719436646 -0.24746395647525787
v 0.36942431330680847 0.53049641847610474 -0.25884526968002319
v 0.34407088160514832 0.48354572057723999 -0.27877330780029297
v 0.38515868782997131 0.53681617975234985 -0.24934542179107666
v 0.39652184613313235 0.49418945888012389 -0.27448119780910368
v 0.35941271062485042 0.5326577925221897 -0.26134753742076583
v 0.33029550313949585 0.54104691743850708 -0.26535773277282715
v 0.34846035728595182 0.52251973520087547 -0.26998570703104369
v 0.35757502913475037 0.6189466118812561 -0.2317696213722229
v 0.34222117066383362 0.5566900372505188 -0.24868091940879822
v 0.40370789170265198 0.51410138607025146 -0.25941309332847595
v 0.36258602142333984 0.55616343021392822 -0.25137799978256226
v 0.34049254655838013 0.5401151180267334 -0.25292974710464478
v 0.36588835541814918 0.56964954534084478 -0.24478337262852207
v 0.32271277228162282 0.5642116656500874 -0.25464658781012828
v 0.35132214426994324 0.56289312243461609 -0.24718108028173447
v 0.33914390206336975 0.59770059585571289 -0.23719833791255951
v 0.37025907635688782 0.60450232028961182 -0.19832868874073029
v 0.34664151072502136 0.60366004705429077 -0.24421171844005585
v 0.34453770518302917 0.61815083026885986 -0.23667913675308228
v 0.33539996967314845 0.65183885674552189 -0.21121260436143077
v 0.30647967482732025 0.57952973983848133 -0.24196768941687452
v 0.3221351426918021 0.59367482613321454 -0.23104746501120604
v 0.30062901666448077 0.59505688064838658 -0.22889907899199155
v 0.32714184807800428 0.61048748765154948 -0.22797307443532724
v 0.33619879416374399 0.58652598031381342 -0.24047450075142543
v 0.31771108508110046 0.61708807945251465 -0.22323912382125854
v 0.30433565378189087 0.64090192317962646 -0.21322409808635712
v 0.29556331038475037 0.63228213787078857 -0.19951343536376953
v 0.3629608154296875 0.61127084493637085 -0.20774166285991669
v 0.3538743257522583 0.61845868825912476 -0.1960933655500412
v 0.3506912887096405 0.59911614656448364 -0.22163902223110199
v 0.39708679914474487 0.56673115491867065 -0.23907296359539032
v 0.4189918041229248 0.60024857521057129 -0.19915139675140381
v 0.37937811017036438 0.59278714656829834 -0.21005888283252716
v 0.36090940069613009 0.58978540156232351 -0.21075432819559364
v 0.38452680037742037 0.59142167694932835 -0.2071711843746139
v 0.37521249492753278 0.54589942348046905 -0.24966899727328665
v 0.35761533790092459 0.54396769042623183 -0.25567198080927589
v 0.47289770319977981 0.498238085665833 -0.25195276171508374
v 0.38712877035140991 0.46559023857116699 -0.26755526661872864
v 0.3882071729179129 0.52506197094688811 -0.26263595514742505
v 0.38042855262756348 0.51127022504806519 -0.25117090344429016
v 0.34156580548336735 0.57150842547162006 -0.24642248587335266
v 0.4195173978805542 0.56277567148208618 -0.22577564418315887
v 0.29498643203054042 0.32456719172903314 -0.26555688453641985
v 0.31369397044181824 0.38873094320297241 -0.26535773277282715
v 0.40054477751255035 0.53305375576019287 -0.2536236047744751
v 0.36945713844046629 0.50854792150713779 -0.26036914609322198
v 0.43096643686294556 0.50395065546035767 -0.26654323935508728
v 0.38516544121372476 0.23078266406442474 -0.24973521719095779
v 0.38622410155216741 0.22802561392331752 -0.24837514972203042
v 0.32941904855606574 0.2337124852058913 -0.2444686787815486
v 0.29571008682250977 -0.45217284560203552 -0.23017142713069916
v 0.34693542122840881 0.22715318202972412 -0.23792289197444916
v 0.32619976186576 0.27587165489880328 -0.2495441590663611
v 0.32406720636425346 0.26316152062754827 -0.24864348005178419
v 0.32035329937934875 0.21576574444770813 -0.24183817207813263
v 0.30684208334025459 0.20852211548201394 -0.23128908862205055
v 0.31935817003250122 0.22600485384464264 -0.23879638314247131
v 0.31464722752571106 0.19568556547164917 -0.21950800716876984
v 0.30130508542060852 0.22372907400131226 -0.23251232504844666
v 0.35141703486442566 0.26569849252700806 -0.25873315334320068
v 0.34470364451408386 0.2890021800994873 -0.26347485184669495
v 0.37183678150177002 0.17433887720108032 -0.21083961427211761
v 0.3270091786111603 0.16529608035338214 -0.19545084055679221
v 0.41451207063646661 0.17125399072197819 -0.21562616148658936
v 0.31986610427282153 -0.50397819511948494 -0.22802804325997034
v 0.30190503597259521 -0.47948026657104492 -0.2236463725566864
v 0.33953863361218389 0.17635964590755096 -0.20667589654558766
v 0.32503505384339926 0.20381668075212842 -0.23271517752196247
v 0.34664857387542725 0.19389760494232178 -0.22677837312221527
v 0.36534772366330925 0.1980899803586903 -0.23232486693354237
v 0.37169045209884644 0.19022214412689209 -0.22979061305522919
v 0.37464648485183716 0.25432184338569641 -0.25760588049888611
v 0.3684194749128456 0.29501724159632042 -0.26808537952483069
v 0.36848509311676025 0.29614898562431335 -0.26331934332847595
v 0.3152158111333847 -0.50855943560600281 -0.26843751966953278
v 0.38538375484958631 0.35362668150110588 -0.27003321582574613
v 0.35019737482070923 0.37451696395874023 -0.26406511664390564
v 0.34115824103355408 0.3104611337184906 -0.2709726095199585
v 0.34320209128647861 0.31698335405289718 -0.2634518649907987
v 0.35046371817588806 0.29827600717544556 -0.25858250260353088
v 0.34005241087983273 0.30308508133904261 -0.25394365804240721
v 0.31614673137664795 0.25176694989204407 -0.24609768390655518
v 0.30707928538322449 0.25121241807937622 -0.24483831226825714
v 0.29932573437690735 0.23902551829814911 -0.24161140620708466
v 0.29502773685170269 -0.47917672026817687 -0.25976941727073438
v 0.33682772517204285 0.25674116611480713 -0.2474847137928009
v 0.31155043840408325 0.26834326982498169 -0.25293591618537903
v 0.3026057415288792 0.27922867427449327 -0.26293120329638808
v 0.32428094744682312 -0.49500402808189392 -0.25966686010360718
v 0.31925864746565796 0.30112089260740765 -0.26369259443996834
v 0.305442214012146 -0.49572384357452393 -0.26906746625900269
v 0.3135732009799212 0.33776047892836009 -0.27036816000336023
v 0.30070681936037452 0.37040480711815171 -0.27000460433010343
v 0.3352743536233902 0.32557795941829681 -0.26740342378616333
v 0.3894333594194897 0.31415675247060892 -0.26548274174489578
v 0.37238633632659912 0.34047713875770569 -0.27229306101799011
v 0.36044119475391112 0.36070594988040861 -0.2763691228016264
v 0.35490470368940197 0.31321255030840167 -0.26247670444273902
v 0.32834199070930481 0.28227132558822632 -0.26557159423828125
v 0.41805580258369446 0.3364841639995575 -0.27068772912025452
v 0.40265684491153836 0.28207808033316323 -0.26179583734848588
v 0.41355443000793457 0.36512872576713562 -0.27190724015235901
v 0.42023253083071055 0.28920433410270724 -0.26379733046631981
v 0.39591197714353155 0.33135506334611592 -0.27135681016553292
v 0.46468083161860479 0.37983949909633402 -0.25702399521322017
v 0.43490854748487456 0.34000964180422921 -0.27124479066461316
v 0.45124971866607666 0.34810832142829895 -0.26597863435745239
v 0.47801618428327514 0.35134990905650787 -0.27038130668909643
v 0.47480982542037964 0.33498266339302063 -0.25759223103523254
v 0.48300234156478861 0.33422410321730367 -0.26471771916983428
v 0.51295983791351318 0.28053256869316101 -0.25826540589332581
v 0.46050785481929779 0.30033585429191589 -0.26168851554393768
v 0.49645078182220459 0.35424244403839111 -0.26809269189834595
v 0.44224682586162206 0.3333076323450459 -0.27053030413995877
v 0.39888351887851115 0.26762243054160623 -0.2588804614705385
v 0.41244032979011536 0.27779906988143921 -0.26148661971092224
v 0.45996966539582745 0.28468581338054927 -0.25785258651349818
v 0.48522872443460813 0.28707519543747162 -0.26331579558795098
v 0.49847199787516444 0.26655798861950047 -0.25939735981781603
v 0.4665719203514494 0.3164251849457832 -0.26432747196927836
v 0.46611052751541138 0.35043150186538696 -0.26737472414970398
v 0.43797764182090759 0.29476562142372131 -0.2623170018196106
v 0.49104692766453656 0.26862789396641307 -0.25301724333639158
v 0.48462728648933717 0.26241616405508611 -0.25275288080142749
v 0.48794167460007609 0.43869421037910944 -0.24542294807885962
v 0.43648115667524001 0.3959215865802817 -0.27147935232867049
v 0.44037128045033602 0.28886115586027938 -0.25906015092534418
v 0.49728573170437923 0.38698906203586447 -0.25458920168164606
v 0.4412661872686966 0.31616558774094916 -0.26328072923101592
v 0.37357795238494873 0.30392298102378845 -0.26464560627937317
v 0.43025370326102713 0.27431227593847823 -0.25997983425111454
v 0.42251038551330566 0.27736029028892517 -0.25012823939323425
v 0.40153124928474426 0.25380834937095642 -0.25586256384849548
v 0.3843713104724884 0.24882617592811584 -0.25717493891716003
v 0.39989192884755737 0.21264610350472954 -0.23833693243979448
v 0.44546693329493176 0.21129681306272508 -0.23658147253454012
v 0.42484926158451741 0.19057165801622217 -0.22841872957319839
v 0.4423142671585083 0.20700162649154663 -0.23758110404014587
v 0.43901649803061055 0.22176762172191142 -0.24357360601274361
v 0.47594461793132764 0.23530414829193844 -0.2385294808565695
v 0.4141526818758835 0.20518864942396511 -0.23401087866004544
v 0.50902795791625977 0.21921774744987488 -0.21613481640815735
v 0.5127499433724606 0.21444950596587875 -0.21409341275739155
v 0.49983967797928042 0.20616751375698977 -0.21607045964273994
v 0.42966231301913915 0.1921492799056945 -0.22556059494487671
v 0.39755067245638775 0.19533411968083075 -0.23329098616092259
v 0.47093325853347778 0.24801802635192871 -0.24245859682559967
v 0.48563677072525024 0.24790920317173004 -0.24618831276893616
v 0.46081706881523132 0.36833953857421875 -0.25446730852127075
v 0.57276248931884766 0.27521276473999023 -0.20908635854721069
v 0.45373096883797459 0.37320791265104392 -0.25725199351070116
v 0.4662014990550149 0.39553979497843317 -0.26154083421448232
v 0.44878644305891313 0.4892036142341486 -0.26041495343957394
v 0.46301871538162231 0.44672009348869324 -0.26491290330886841
v 0.4698881208896637 0.43885400891304016 -0.26287209987640381
v 0.47196263191797749 0.38761006428283723 -0.2553512346565337
v 0.45234054327011108 0.43004348874092102 -0.27317583560943604
v 0.46271204873147542 0.40724703866307155 -0.26268794342715035
v 0.49031806080374529 0.39813172598101976 -0.25669172226285242
v 0.46567001938819885 0.42034101486206055 -0.27226397395133972
v 0.46754195650984709 0.42634761786823011 -0.2613645231261188
v 0.48726159334182739 0.41128763556480408 -0.25593024492263794
v 0.46814948320388794 0.50657933950424194 -0.25629159808158875
v 0.46323120558547765 0.50502431500761924 -0.25221972294037237
v 0.45082965493202209 0.51467108726501465 -0.25428414344787598
v 0.50799733400344849 0.48948800563812256 -0.23530946671962738
v 0.51146036386489868 0.47122755646705627 -0.25279834866523743
v 0.47603537142276764 0.41222180426120758 -0.25997701287269592
v 0.48768195509910583 0.43026259541511536 -0.25848576426506042
v 0.49094117119014058 0.4472898840028815 -0.25048829299507486
v 0.4922606985155486 0.3765161244111479 -0.25251752820480855
v 0.49480882287025452 0.47526928782463074 -0.24839527904987335
v 0.52736222743988037 0.42507052421569824 -0.23610344529151917
v 0.49333785735875163 0.50970420496245239 -0.22485979893561855
v 0.51300685905340893 0.53091174763243665 -0.22043773077583262
v 0.52103743064601071 0.51733731123298576 -0.21377907627885576
v 0.48463267347477279 0.48902099554055722 -0.23827175747340762
v 0.53643518686294556 0.50572121143341064 -0.21788376569747925
v 0.45753147123756993 0.5225635533531513 -0.23499597848142598
v 0.4249999457960249 0.5238325707519943 -0.25745314163665028
v 0.44484737515449524 0.55401355028152466 -0.21032805740833282
v 0.42163470387458801 0.55699211359024048 -0.22389641404151917
v 0.45257622003555298 0.56512188911437988 -0.22132286429405212
v 0.43554380469267523 0.58178264541662739 -0.21982478204058903
v 0.42049714922904968 0.58672189712524414 -0.21910810470581055
v 0.40418589115142822 0.55691355466842651 -0.23522394895553589
v 0.44142839312553406 0.59551292657852173 -0.18017256259918213
v 0.4379447095145908 0.53583217065001409 -0.24368018169373942
v 0.4395022988319397 0.52554416656494141 -0.25621697306632996
v 0.44520696470320992 0.57678306234404741 -0.21516053219404474
v 0.45317071425294253 0.5326328974946779 -0.23347499152246895
v 0.48143026860369081 0.523184305533546 -0.23394358318941311
v 0.49417558312416077 0.497365802526474 -0.24148187041282654
v 0.39558181166648865 0.55459767580032349 -0.24799853563308716
v 0.41144636288125519 0.54237011698965265 -0.2461199519512752
v 0.38806875050067902 0.54998475313186646 -0.24812076240777969
v 0.40056851506233215 0.52344584465026855 -0.26548400521278381
v 0.42441585659980774 0.49882039427757263 -0.26911613345146179
v 0.410740207549738 0.49071900665604407 -0.2707459729728503
v 0.40489291791019666 0.48415967121423509 -0.27548745594780183
v 0.41816487837990018 0.46196323092815811 -0.27164473914482162
v 0.39191994988143364 0.44860480775710398 -0.26891777108306969
v 0.39417661655272973 0.3855989583963671 -0.27667688897074066
v 0.41275488538857302 0.43353148132032865 -0.2740335308071169
v 0.43536486027723537 0.41830883854581413 -0.27076001072413197
v 0.44820296764373779 0.40712070465087891 -0.26799261569976807
v 0.51411932706832886 0.37760719656944275 -0.25978508591651917
v 0.53238219022750854 0.47438246011734009 -0.25310590863227844
v 0.44992711271219143 0.41819434319704674 -0.27638646412093315
v 0.45740658084467106 0.44357380407263214 -0.27045594324596917
v 0.45390945672988892 0.46605351567268372 -0.26471561193466187
v 0.43011475010864858 0.51582454540843459 -0.26081191452927882
v 0.4508177638053894 0.50626450777053833 -0.26888296008110046
v 0.46644893288612366 0.47587013244628906 -0.26846888661384583
v 0.50650380114288218 0.46019952635341893 -0.24430119736159905
v 0.47036372125148773 0.45788151025772095 -0.26027859747409821
v 0.52472047699062585 0.49796042820451114 -0.22794885659865638
v 0.50602185726165771 0.42923521995544434 -0.24688726663589478
v 0.48690751194953918 0.5466722846031189 -0.21856708824634552
v 0.50998902320861816 0.48246997594833374 -0.24962073564529419
v 0.52367699146270752 0.48426645994186401 -0.250252366065979
v 0.51494975973459556 0.39758316357975515 -0.24286974294947264
v 0.49975290894508362 0.45173493027687073 -0.239087775349617
v 0.50351971387863159 0.44419366121292114 -0.2487577348947525
v 0.50805580615997314 0.45522686839103699 -0.25621229410171509
v 0.51537841827292907 0.43241034373865522 -0.239645238504576
v 0.54049073202213482 0.43572961217424233 -0.23201022187225745
v 0.52177646741651562 0.41652921233136048 -0.24248280443213735
v 0.52752255549255178 0.41523385411868396 -0.26228048674743465
v 0.5375213542104067 0.37113052046197625 -0.24994849873993227
v 0.55191957950592041 0.40556764602661133 -0.24223613739013672
v 0.51607134385229159 0.36668821789166045 -0.25009937791932446
v 0.58128964900970459 0.41753470897674561 -0.21821628510951996
v 0.54577378258114373 0.4856838627292106 -0.23902187594358074
v 0.62925326824188232 0.42820644378662109 -0.19552141427993774
v 0.52946482839146802 0.39471480746883597 -0.26339284285242182
v 0.55114507942571589 0.37277881767741844 -0.23773841880749169
v 0.54202693700790405 0.4054298996925354 -0.25887149572372437
v 0.52850734716172443 0.44086506355908645 -0.25448298787747486
v 0.54888772964477539 0.44396042823791504 -0.22245694696903229
v 0.58019210144558009 0.50422737509663973 -0.21131862906653215
v 0.54691886901855469 0.46928355097770691 -0.23038418591022491
v 0.53704291582107544 0.48982331156730652 -0.25103357434272766
v 0.54507750272750854 0.44872316718101501 -0.2374640554189682
v 0.53404736518859863 0.51501768827438354 -0.21450352668762207
v 0.5780490031846458 0.4637257339039445 -0.21490018679659792
v 0.57529473304748535 0.49186751246452332 -0.2070544958114624
v 0.58628906863178953 0.47979210510139403 -0.20303712150792988
v 0.51612549843935196 0.56348693873986255 -0.18898239371842873
v 0.56230241060256958 0.45687949657440186 -0.21547254920005798
v 0.5709414557182696 0.47956269035606985 -0.21553440993171602
v 0.57221978474251833 0.5149167914901801 -0.21064178613799675
v 0.54850636685144716 0.50513442119857177 -0.21357569038955371
v 0.5057575202264456 0.51138082484125624 -0.21719257631936614
v 0.52360934019088745 0.54065537452697754 -0.20427416265010834
v 0.50569254159927368 0.52122795581817627 -0.2171178013086319
v 0.53617548942565918 0.52619081735610962 -0.2008620947599411
v 0.53011971712112427 0.52841228246688843 -0.18991999328136444
v 0.52484887838363647 0.54842191934585571 -0.17991518974304199
v 0.58653813600540161 0.49859502911567688 -0.20004412531852722
v 0.58941883418744412 0.49102224469093841 -0.18835264347504921
v 0.60450418199006484 0.45762351177676769 -0.20401999867348267
v 0.58280741307302208 0.44368398777951668 -0.2131341836826767
v 0.63145875930786133 0.41049832105636597 -0.1774619072675705
v 0.61223308421079015 0.40744591021301435 -0.2087532761803339
v 0.51036614179611206 -0.67022329568862915 -0.33167323470115662
v 0.62086731195449829 0.35869455337524414 -0.19109287858009338
v 0.61369464034741406 0.43874777135379556 -0.20832585277176505
v 0.57569295167922974 0.39878866076469421 -0.22227473556995392
v 0.5571058988571167 0.42169985175132751 -0.22269705682992935
v 0.58341675182813069 0.42715476538628455 -0.21143186806479763
v 0.57561904191970825 0.44162878394126892 -0.21279889345169067
v 0.57319727077116212 0.4271710774847321 -0.21909330111971981
v 0.54853188991546631 0.42059293389320374 -0.2256491631269455
v 0.56081551313400269 0.40604925155639648 -0.22551937401294708
v 0.54962128534307553 0.34690996130760798 -0.23509127561753521
v 0.58321225643157959 0.36987769603729248 -0.21805565804243088
v 0.59442228567422639 0.37483274910724412 -0.21523695765536111
v 0.59214627623722804 0.42366134842207154 -0.21416573492588636
v 0.59865731848313275 0.42275515432562216 -0.21198790074774923
v 0.58920012770404484 0.30824709241601067 -0.21172863539715056
v 0.57798549589529402 0.34570886578546256 -0.22142953761252429
v 0.55869229138856957 0.30332121872489848 -0.22458913044733156
v 0.58166658878326416 0.25059148669242859 -0.19581136107444763
v 0.56379158555427855 0.31401520444026843 -0.21955832994431124
v 0.53514927625656128 0.2779751718044281 -0.23061780631542206
v 0.52637909575647579 0.36170979041089091 -0.24535529136500567
v 0.5921666760314287 0.28867912841716076 -0.20316501572899562
v 0.59925103187561035 0.29668617248535156 -0.19694073498249054
v 0.58794736862182617 0.27279502153396606 -0.20183674991130829
v 0.57757574319839478 0.25802722573280334 -0.20173145830631256
v 0.56258893607361271 -0.67086485678049512 -0.27994093401302111
v 0.57911181449890137 0.24433706700801849 -0.1936718076467514
v 0.59439933300018311 0.24345679581165314 -0.19068631529808044
v 0.58504801988601685 0.2347860187292099 -0.18992519378662109
v 0.57693290710449219 0.22307957708835602 -0.18896995484828949
v 0.53481735760276583 0.17173413005600191 -0.18655218203886009
v 0.55529533302821688 0.19974682949550218 -0.19049569428043805
v 0.50017978670677388 0.19110912461927185 -0.20674811538692051
v 0.47636048272516568 0.18747241568779854 -0.21668155248285273
v 0.55088728666305542 0.18428808450698853 -0.18885554373264313
v 0.54941993951797485 0.20426733791828156 -0.19836632907390594
v 0.50071185827255249 0.18288679420948029 -0.20295499265193939
v 0.5315203070640564 0.20527434349060059 -0.2043347954750061
v 0.5131339430809021 0.22659730911254883 -0.21265287697315216
v 0.54409246821755886 0.30514938078374471 -0.23367689574560785
v 0.58157279546076091 0.33642309988803815 -0.22610071343513558
v 0.56720370054244995 0.33018112182617188 -0.22459283471107483
v 0.52674537897109985 0.30007705092430115 -0.24746358394622803
v 0.50910724463224366 0.23366051686048311 -0.22293542168020641
v 0.50285054532967122 0.2137953440321439 -0.21783430445027471
v 0.51527913909990852 0.254327320444456 -0.22989310858754827
v 0.52142666414862293 0.32110065906004465 -0.2435961652107724
v 0.51154935359954834 0.34318438172340393 -0.2603127509355545
v 0.50061401138212169 0.33072590156568249 -0.25438670137312652
v 0.51885324716567993 0.35675141215324402 -0.24632704257965088
v 0.52324264224814487 0.33088661642604494 -0.24538900971643451
v 0.53624932859923158 0.30621509265260344 -0.24281624994159165
v 0.51197969223638762 0.29470258457959164 -0.26569290532164408
v 0.38358092308044434 -0.56219154596328735 -0.20972764492034912
v 0.50289574325617048 -0.59581913982294066 -0.32380360159694849
v 0.53029296853861707 -0.5927775266570422 -0.29445148771737273
v 0.56942969127025977 -0.64621692229308747 -0.29514797225459916
v 0.55057692763075139 -0.60840574352749366 -0.28762621452494358
v 0.54083639908986125 -0.59078305514733909 -0.28519582309786373
v 0.55964532415027601 -0.59302210356670304 -0.28723991709800539
v 0.54680294612581015 -0.62029217563076144 -0.29500148676969756
v 0.52166345753810561 -0.67088239127641414 -0.3129927633916052
v 0.565010666847229 -0.6575242280960083 -0.2948167622089386
v 0.58548328813642236 -0.63655106650244597 -0.28050706091133243
v 0.56121611595153809 -0.66850835084915161 -0.30346441268920898
v 0.54891785877786814 -0.66802074746505291 -0.28779053485125444
v 0.54350537061691284 -0.65984630584716797 -0.29732948541641235
v 0.53493372131389705 -0.65100813522486889 -0.30867459809329806
v 0.53328949213027954 -0.68389236927032471 -0.2933012843132019
v 0.5092142413100933 -0.62627270304000493 -0.31702654729037921
v 0.48168933391571045 -0.63298797607421875 -0.34150373935699463
v 0.52550911903381348 -0.65407425165176392 -0.31160184741020203
v 0.55231597715884451 -0.65850231578076157 -0.3052149763688185
v 0.53338545560836792 -0.63806295394897461 -0.31313547492027283
v 0.52815109491348267 -0.64816570281982422 -0.30896559357643127
v 0.52345585823059082 -0.65988320112228394 -0.32030653953552246
v 0.503726090273382 -0.61783172419477994 -0.32537956194683021
v 0.49608782006741026 -0.64791376501916842 -0.33314915378078735
v 0.48055354117955384 -0.6423920053776816 -0.33916933630927887
v 0.50545168465128665 -0.60200098885010245 -0.32310821099435
v 0.46819105744361877 -0.61426842212677002 -0.34011885523796082
v 0.40331518650054932 -0.65370309352874756 -0.36597257852554321
v 0.49888299823819654 -0.66078304494349482 -0.33589254755498232
v 0.46674978733062744 -0.66152393817901611 -0.3520050048828125
v 0.4602088958806238 -0.63887574554572557 -0.33367510411445084
v 0.50647121408236739 -0.65292080354811699 -0.32094506124519884
v 0.48106789588928223 -0.67189157009124756 -0.33640795946121216
v 0.47994845657117552 -0.62398936271116512 -0.33643263710450677
v 0.46502727483993583 -0.60173725402305689 -0.33349676266414935
v 0.50405008892057201 -0.58716933995365073 -0.29576997097861946
v 0.44387686912060875 -0.58348508191767456 -0.32849250498838228
v 0.45200696923906636 -0.57658102359805319 -0.32387661468258666
v 0.49286350581478883 -0.61501066320092401 -0.32820294177597387
v 0.48983314633369446 -0.59801465272903442 -0.32488507032394409
v 0.42613064693984676 -0.61484945747353825 -0.34989901078424379
v 0.39675655961036682 -0.60121369361877441 -0.37281998991966248
v 0.39251772902960913 -0.61184153308381373 -0.3709165128426295
v 0.42658706949982511 -0.63033795891615574 -0.34745801798388909
v 0.38491380214691162 -0.60330700874328613 -0.36956301331520081
v 0.46021437644958496 -0.64839619398117065 -0.35558554530143738
v 0.40729823708534241 -0.64299857616424561 -0.382872074842453
v 0.40442282433690374 -0.6177030175661139 -0.36230896396926265
v 0.41155685969408129 -0.68318398906358835 -0.35765132704571972
v 0.44395812694919318 -0.57641743773438903 -0.30002039715097495
v 0.38302538943866205 -0.62542958466798526 -0.38669026878493928
v 0.39118942618370056 -0.64849847555160522 -0.38820260763168335
v 0.40215377353559784 -0.62598265940639508 -0.37939523448457174
v 0.39609009027481079 -0.62309056520462036 -0.37204915285110474
v 0.37768451922843366 -0.61579653285265989 -0.38430731056512324
v 0.40444883704185486 -0.63042134046554565 -0.3618597686290741
v 0.39137676358222961 -0.67354446649551392 -0.37466925382614136
v 0.40137684345245361 -0.66278725862503052 -0.3845253586769104
v 0.39990662041293595 -0.66603679314806419 -0.36673273414651592
v 0.40661001205444336 -0.58419340848922729 -0.35069537162780762
v 0.39355620741844177 -0.59173405170440674 -0.36673745512962341
v 0.37403800535298742 -0.57075779765284118 -0.30032723222720187
v 0.40607936481658435 -0.58206247838269309 -0.34144614976314386
v 0.38302713632583618 -0.55656945705413818 -0.3016994297504425
v 0.38335080284626399 -0.58158780200738847 -0.29714878094445629
v 0.39718743577660026 -0.57434654481166314 -0.31282760567068135
v 0.39576403266975807 -0.59639014796020096 -0.29416340281650855
v 0.41839909403103115 -0.57382635493720258 -0.32049195751977833
v 0.40020307898521423 -0.58233475685119629 -0.34066060185432434
v 0.45388966798782349 -0.58585125207901001 -0.33720439672470093
v 0.4517289400100708 -0.59241223335266113 -0.33994793891906738
v 0.45525321364402771 -0.61007028818130493 -0.34321290254592896
v 0.44923857458975019 -0.61851295697934472 -0.34270195684048127
v 0.42109901610585604 -0.59698611336662211 -0.3456506095465583
v 0.47759312899057871 -0.69446014593767036 -0.33108003412658776
v 0.44936903759399832 -0.63715599346862961 -0.33835424760944277
v 0.44372223685817641 -0.60922894977733855 -0.34020572802770982
v 0.45849397572978395 -0.58389836062919176 -0.32767706011567133
v 0.48196096344475281 -0.57948078639089318 -0.22539242124874345
v 0.49529179344923763 -0.57680699221996945 -0.28305653456716273
v 0.53876644372940063 -0.57853168249130249 -0.24326309561729431
v 0.50601762533187866 -0.58574002981185913 -0.22924977540969849
v 0.54059648513793945 -0.58645343780517578 -0.2104128897190094
v 0.47183612709046924 -0.58324857199507407 -0.2502703732497123
v 0.48135396838188171 -0.59231412410736084 -0.21865664422512054
v 0.45513907074928284 -0.57662731409072876 -0.25858953595161438
v 0.41055577993392944 -0.58343809843063354 -0.26868000626564026
v 0.4214907861397108 -0.57807561952493969 -0.24867398646174416
v 0.42620736437132578 0.15835117000029214 -0.1997759853234711
v 0.43534088134765625 -0.55754250288009644 -0.21423192322254181
v 0.4641556402038951 0.1672785173032133 -0.19757627145723605
v 0.45514622330665588 -0.58886700868606567 -0.20509108901023865
v 0.36714971809492652 -0.58039581046130206 -0.19474614368161333
v 0.44462239742279053 -0.55863893032073975 -0.19756439328193665
v 0.4270005308791936 -0.55878213548400935 -0.19109471062961278
v 0.44480136036872864 -0.57664787769317627 -0.20381706953048706
v 0.47160315371346445 -0.57292468343618719 -0.20898771658752974
v 0.52117043733596802 0.16589939594268799 -0.18012616038322449
v 0.45970606803894043 0.15558503568172455 -0.18385414779186249
v 0.5053126883119462 0.17577419127124058 -0.19746447775529302
v 0.51610518432119845 -0.60760080312399201 -0.1945969928052898
v 0.54288837530945522 -0.59248445526193871 -0.20279446421610547
v 0.5775301456451416 -0.59921610355377197 -0.24213401973247528
v 0.64135770873638276 -0.65913935719619032 -0.22494526076325519
v 0.62686815178389932 -0.63090126502241117 -0.23087950035653021
v 0.57985098440123406 -0.59241985152812016 -0.22783138134654721
v 0.57972985506057739 -0.60537159442901611 -0.25839781761169434
v 0.53204911947250366 -0.58546614646911621 -0.27018877863883972
v 0.56408655643463135 -0.61135828495025635 -0.28941673040390015
v 0.59639727721472391 -0.64209753977881168 -0.24473430205942628
v 0.57393431152174057 -0.60743229106352392 -0.28216574533563088
v 0.5814040483624302 -0.6279115892659789 -0.28314281913465222
v 0.62964040040969849 -0.66886204481124878 -0.24479532241821289
v 0.64934849151770657 -0.6277247421129909 -0.2044293415608536
v 0.58812886476516724 -0.62721866369247437 -0.2601439356803894
v 0.59558409452438354 -0.66575086116790771 -0.23797327280044556
v 0.60230958461761475 -0.61790311336517334 -0.22818101942539215
v 0.60290396213531494 -0.60744544863700867 -0.21408834308385849
v 0.65927594906629894 -0.68042965590871385 -0.19114000716958088
v 0.63427931070327759 -0.62649857997894287 -0.19025418162345886
v 0.59694243315818341 -0.62515313578023213 -0.24020512608483177
v 0.57847177982330322 -0.65810638666152954 -0.23519162833690643
v 0.5742944462771693 -0.67481099513479481 -0.21225378354966887
v 0.56351786851882935 -0.75525468587875366 -0.25922098755836487
v 0.56480276584625244 -0.69613397121429443 -0.25027409195899963
v 0.59363352533751268 -0.71346538063513076 -0.25532049369154824
v 0.59884566068649292 -0.68631625175476074 -0.24924616515636444
v 0.6021466851234436 -0.6677672266960144 -0.22051480412483215
v 0.6517910361289978 -0.70564073324203491 -0.19774933159351349
v 0.64490120176807419 -0.70882364754919891 -0.18357116624426889
v 0.64393526315689087 -0.69116115570068359 -0.25242918729782104
v 0.64806116623361243 -0.6851084953579174 -0.23876140448756561
v 0.64474970102310181 -0.7064594030380249 -0.25149965286254883
v 0.62479432216670816 -0.77191385590835093 -0.2213800172824498
v 0.63840597867965698 -0.68444779515266418 -0.24289073050022125
v 0.60783361166231697 -0.69621809088758657 -0.25689428001666009
v 0.60373705625534058 -0.74317324161529541 -0.26499021053314209
v 0.61903356862165249 -0.71175257640774547 -0.25301792869408757
v 0.63330668210983276 -0.72961747646331787 -0.24971663951873779
v 0.62965548038482666 -0.71369385719299316 -0.25924655795097351
v 0.57825276470935461 -0.67672633971967999 -0.26837250559839415
v 0.56561633698314118 -0.72915779748266907 -0.23924490809957941
v 0.6112595796585083 -0.67266935110092163 -0.25085759162902832
v 0.55007737682382241 -0.69075664433866024 -0.26278233008515978
v 0.55537139706135796 -0.74724827435015917 -0.27006111949258238
v 0.59462504771235791 -0.78305812963742139 -0.27282669975500434
v 0.57644003629684448 -0.74333316087722778 -0.24604617059230804
v 0.58592189739415346 -0.85263291258286311 -0.21627299740152597
v 0.56557819885494864 -0.78567556262577798 -0.28817139386439544
v 0.58232086896896362 -0.82116544246673584 -0.26631203293800354
v 0.57805824279785156 -0.83463740348815918 -0.24707041680812836
v 0.57685876521292578 -0.75060986026334697 -0.27310495566734239
v 0.64490950107574463 -0.78428536653518677 -0.17787079513072968
v 0.53032201886799424 -0.74617570950156198 -0.268029454389758
v 0.65032977867697217 -0.77037757267642981 -0.20240982480136938
v 0.65081131458282471 -0.77846664190292358 -0.18929687142372131
v 0.60101081621274532 -0.71024225655439588 -0.26354822958109586
v 0.61255137756050915 -0.8042493694078523 -0.23448312614633898
v 0.60885282307442723 -0.81822205816364313 -0.22644217060138908
v 0.60637193780552223 -0.82499986845905215 -0.21061297419276179
v 0.62449079751968384 -0.79319214820861816 -0.25537300109863281
v 0.62148207426071167 -0.7837565541267395 -0.244859978556633
v 0.62893842555711765 -0.7933821373998784 -0.22673874025076499
v 0.63830393552780151 -0.73842328786849976 -0.196674644947052
v 0.59493029117584229 -0.84141314029693604 -0.21282008290290833
v 0.57376354932785034 -0.8492661714553833 -0.24314515292644501
v 0.58431661128997803 -0.72936719655990601 -0.26237756013870239
v 0.56919515132904053 -0.7343294620513916 -0.24459159374237061
v 0.57712536914334001 -0.87382569836336854 -0.181335174759965
v 0.56175297498703003 -0.75832450389862061 -0.28090688586235046
v 0.5413421237156375 -0.75781256509874584 -0.27430752778442968
v 0.55195240733129858 -0.6812515328873211 -0.2825139382483236
v 0.56692880392074585 -0.69024980068206787 -0.22688011825084686
v 0.56045049428939819 -0.71076548099517822 -0.21905699372291565
v 0.56242569280825372 -0.72337097157747698 -0.22369733633940225
v 0.55044096708297729 -0.72031325101852417 -0.24841584265232086
v 0.53489774465560913 -0.77894562482833862 -0.27170464396476746
v 0.51693016290664673 -0.7884477972984314 -0.25449663400650024
v 0.54933007944868073 -0.78191405874261077 -0.29297880646043561
v 0.53700419136274469 -0.73775175987526564 -0.2665421456788063
v 0.52140423538965908 -0.7515021911015255 -0.27923757704975299
v 0.48291578888893127 -0.80402278900146484 -0.26504743099212646
v 0.41983461380004883 -0.92555832862854004 -0.24965682625770569
v 0.44644090533256531 -0.92607998847961426 -0.25429695844650269
v 0.49442940950393677 -0.88267308473587036 -0.30158290266990662
v 0.53932640891235206 -0.79674497401447797 -0.29879130861401865
v 0.51728647947311401 -0.81903940439224243 -0.31127658486366272
v 0.50946956872940063 -0.82713460922241211 -0.29226171970367432
v 0.48690066730204201 -0.76818602773910993 -0.33510557722838902
v 0.45235576940913952 -0.77860632678813002 -0.34027747299547728
v 0.43015196919441223 -0.87859290838241577 -0.36146649718284607
v 0.46273417221738805 -0.80513977242930723 -0.30033096183489238
v 0.42014653958313797 -0.73663871244083079 -0.34464414824887646
v 0.49714874403720039 -0.77341725301959496 -0.30056393239302182
v 0.43721843390065912 -0.76467160950818014 -0.33979056703936206
v 0.46803865823509067 -0.83394405742131128 -0.32944757797205554
v 0.50227225653972651 -0.73027687020035059 -0.3108207875044387
v 0.49982580542564392 -0.73902028799057007 -0.30083560943603516
v 0.55677050352096558 -0.80124777555465698 -0.29440653324127197
f 1271 8117 50
f 993 2124 2121
f 2618 8998 4209
f 282 2856 2847
f 2865 2772 288
f 3026 2918 2984
f 436 3204 1597
f 2983 3150 450
f 493 3959 3955
f 3931 469 3849
f 5094 5092 5090
f 686 5212 5199
f 1091 7240 7241
f 7572 1136 7525
f 7548 1135 1134
f 1689 1694 8114
f 25 1420 1419
f 1419 1420 1416
f 1424 1419 1416
f 1426 1421 21
f 1421 1426 1424
f 1421 1424 1416
f 1419 1424 24
f 1423 24 1424
f 1423 1418 24
f 1428 1422 1430
f 1430 1429 1428
f 1427 21 1422
f 1422 21 1656
f 1430 1422 1656
f 1431 1656 21
f 1656 1431 1473
f 1473 1658 1656
f 1430 1656 1652
f 1429 1430 1432
f 1432 1430 1652
f 1433 22 1436
f 1436 1434 1433
f 1436 1435 1434
f 1428 1425 1422
f 21 1427 1426
f 1422 1426 1427
f 1429 1425 1428
f 1425 1426 1422
f 1425 1423 1424
f 1433 1423 1425
f 1424 1426 1425
f 1433 1437 1423
f 1435 23 1434
f 1423 1437 1438
f 1438 1439 1417
f 1423 1438 1418
f 1417 1418 1438
f 1417 1439 1440
f 1417 1444 1418
f 1418 1444 24
f 1437 23 1438
f 23 1439 1438
f 1433 1434 1437
f 1437 1434 23
f 1442 1440 1441
f 1952 1450 1442
f 1450 26 1442
f 1442 26 1449
f 1442 1449 1444
f 1443 1444 1449
f 1444 1417 1445
f 1442 1445 1440
f 1440 1445 1417
f 1445 1442 1444
f 24 1444 1443
f 1419 1443 25
f 1419 24 1443
f 25 1443 1449
f 25 1449 30
f 1951 1448 26
f 30 26 27
f 26 1448 27
f 1446 26 30
f 110 26 1450
f 1446 30 1449
f 26 1446 1449
f 26 110 1951
f 1947 29 1452
f 29 1947 28
f 1401 8998 2618
f 29 1447 1451
f 1452 29 1451
f 29 28 1458
f 1485 1455 28
f 1485 28 1456
f 1456 28 1946
f 29 1458 1453
f 1458 1455 1485
f 1455 1458 28
f 1458 1485 1463
f 1447 29 1453
f 1447 1453 1459
f 1459 1453 25
f 25 30 1459
f 1447 1459 1448
f 1453 1464 25
f 30 1448 1459
f 27 1448 30
f 1453 1465 1464
f 1461 1463 1485
f 1458 1463 1453
f 1463 1465 1453
f 1461 1485 1460
f 1421 1467 21
f 1470 34 1471
f 1473 32 1472
f 1470 1666 1473
f 1472 1470 1473
f 1431 21 32
f 21 1467 32
f 1472 32 1467
f 1470 1472 1469
f 34 1470 1469
f 1466 1469 1475
f 1466 34 1469
f 1469 1472 1475
f 1477 1466 1475
f 1467 1475 1472
f 1421 1475 1467
f 33 1475 1421
f 33 1478 1475
f 1421 1416 33
f 1416 1420 1476
f 33 1416 1476
f 1465 1476 1420
f 1465 33 1476
f 1465 1420 25
f 25 1464 1465
f 1465 1477 1462
f 1477 1465 1463
f 1460 1480 1461
f 1478 33 1465
f 1478 1465 1462
f 1477 1463 1461
f 1461 1480 1477
f 1478 1462 1477
f 1474 1466 1480
f 1479 1474 1480
f 1477 1475 1478
f 1466 1477 1480
f 1479 1480 1460
f 1482 1479 1481
f 1474 1479 1482
f 1481 1479 1460
f 1484 1483 35
f 35 43 1484
f 1482 1466 1474
f 1483 1484 1481
f 1484 1482 1481
f 35 1483 1487
f 1491 1487 1483
f 1481 1486 1483
f 1481 1460 1486
f 1485 1486 1460
f 1939 1485 1456
f 1485 1939 1488
f 1486 1491 1483
f 1486 1488 1489
f 1488 1486 1485
f 1490 1487 1491
f 1491 1487 1490
f 1491 1486 1489
f 1493 1491 1932
f 1489 1932 1491
f 1494 1493 1932
f 1492 1493 1931
f 1493 1494 1931
f 1495 1492 1895
f 1509 1865 1496
f 1895 1511 1495
f 1860 1511 1895
f 1500 1501 1492
f 35 1487 1502
f 1502 1487 1500
f 1487 1501 1500
f 1501 1493 1492
f 1501 1487 1493
f 1493 1487 1491
f 1500 39 1502
f 1502 43 35
f 1500 41 39
f 1514 1500 1492
f 1500 1514 41
f 1495 41 1514
f 1495 1514 1492
f 37 1496 1551
f 1503 1551 1866
f 1506 1546 1505
f 1505 37 1506
f 1507 87 1546
f 87 1505 1546
f 36 1546 1506
f 1551 1503 360
f 360 1504 1551
f 1549 37 1551
f 1506 37 1549
f 1496 1866 1551
f 37 1498 1509
f 1496 37 1509
f 1498 1505 94
f 1496 1497 1866
f 87 94 1505
f 1505 1498 37
f 92 87 1836
f 1507 38 1836
f 87 1507 1836
f 1541 137 38
f 1846 1495 1511
f 40 1515 41
f 41 1502 39
f 1515 1502 41
f 43 1502 1518
f 40 42 1518
f 1515 40 1518
f 1515 1518 1502
f 43 1519 1484
f 43 55 1519
f 1484 44 1482
f 34 1482 44
f 34 1466 1482
f 1468 1471 34
f 34 44 1468
f 1484 1519 44
f 1519 1468 44
f 1468 1519 31
f 43 1518 1517
f 1517 1520 43
f 43 1520 55
f 1468 31 1519
f 1468 1519 1667
f 1516 1468 1667
f 1468 1516 1471
f 42 1517 1518
f 42 1521 1517
f 40 1521 42
f 1521 40 1523
f 1522 1520 1517
f 1523 1528 1521
f 1529 1523 40
f 40 1525 1529
f 40 41 1525
f 1526 1525 1533
f 1534 1576 1533
f 1495 1846 41
f 41 1846 1533
f 41 1533 1525
f 86 1530 1821
f 1530 86 1542
f 1539 1541 86
f 86 1541 1542
f 1541 1539 1531
f 1539 1540 137
f 1540 1539 86
f 137 1531 1539
f 137 1541 1531
f 38 1542 1541
f 1556 1507 1543
f 1542 1556 1570
f 1556 1542 38
f 38 1507 1556
f 1507 1546 1544
f 1543 1544 1545
f 1545 1544 1546
f 1507 1544 1543
f 36 1506 1549
f 1545 1546 1550
f 1551 1552 1549
f 1550 1546 36
f 36 1549 1550
f 1504 1508 1551
f 1504 3509 1508
f 1556 1543 1548
f 1545 1550 1547
f 1543 1545 1548
f 1552 1550 1549
f 1552 1551 1508
f 1547 1548 1545
f 1552 1547 1550
f 1556 1548 1547
f 1552 45 1547
f 1554 1557 1508
f 1557 1558 1553
f 1508 1557 1553
f 1560 45 46
f 45 1558 46
f 1558 8416 46
f 8436 1561 1557
f 1557 8441 8436
f 3514 3511 1554
f 1558 1557 1561
f 1554 3511 8441
f 8441 1557 1554
f 1560 46 1285
f 1553 1558 45
f 1524 1560 47
f 1560 1524 45
f 1554 1508 3509
f 1508 1553 1552
f 45 1552 1553
f 1556 45 1524
f 1556 1547 45
f 1568 1566 1570
f 1542 1570 1530
f 1524 1565 1556
f 1556 1567 1570
f 1565 1524 1556
f 1567 1556 47
f 47 1556 1524
f 47 1569 1567
f 1569 1570 1567
f 1819 1572 1281
f 1571 1572 1530
f 1526 1533 1532
f 1572 1821 1530
f 1574 1526 1532
f 1533 1576 1532
f 48 1580 1587
f 81 1586 1580
f 1580 1577 81
f 1582 81 1577
f 1574 1 1584
f 1585 1 1574
f 1579 1585 1574
f 1584 1526 1574
f 1 1525 1526
f 1529 1525 1
f 1587 1590 1579
f 1581 1587 1579
f 1585 1579 1596
f 1586 1587 1580
f 81 1582 1707
f 81 1707 7830
f 1707 1811 7830
f 1599 1277 1596
f 1579 1590 1596
f 1590 1599 1596
f 1282 1592 1589
f 1592 1282 1277
f 1599 1592 1277
f 7830 7829 1586
f 1 1526 1584
f 1530 1570 1566
f 1 1596 1529
f 1596 1 1585
f 1277 1282 1596
f 9005 4109 9009
f 1527 1528 1595
f 1528 1529 1595
f 1523 1529 1528
f 1594 1571 1566
f 1596 1282 1529
f 1529 1282 1595
f 1571 1530 1566
f 8415 1568 1570
f 1592 1588 1589
f 1568 1564 1566
f 8407 1594 1566
f 1282 1601 1595
f 1527 1595 1601
f 1589 1601 1282
f 1273 1555 1604
f 1603 1237 1606
f 1608 1555 1273
f 1604 1606 1237
f 1604 1555 1606
f 1606 1555 1603
f 1608 1615 1610
f 1609 1610 1661
f 1610 1603 1555
f 1610 1555 1608
f 1610 1609 1603
f 1609 1612 1603
f 1612 1609 1611
f 1611 54 63
f 1603 8123 1237
f 8123 1603 1612
f 8123 1612 1613
f 1612 1611 63
f 1615 49 1614
f 58 1615 1616
f 1615 1624 1616
f 1610 1615 1618
f 1610 1618 1660
f 58 1618 1615
f 1621 58 1616
f 1614 1624 1615
f 1615 8112 49
f 1615 1608 8112
f 1621 1616 1622
f 1621 1622 1620
f 1620 1648 1621
f 1616 1624 1622
f 1624 1614 1625
f 1622 1625 1266
f 1266 8340 1622
f 1622 1624 1625
f 8340 1626 1622
f 1267 1628 8336
f 1619 1626 1623
f 1619 1620 1626
f 1623 1628 1632
f 1623 1629 1628
f 1634 1638 1630
f 1639 1641 1638
f 1638 1641 1640
f 1638 1634 1639
f 1642 1632 1639
f 1639 1632 1641
f 1265 1645 1628
f 1645 1265 1641
f 1641 1632 1645
f 1267 1265 1628
f 1634 1643 1639
f 8125 1637 1635
f 51 1635 1637
f 51 1637 1636
f 1643 51 1636
f 51 1643 1634
f 1643 1644 1639
f 1639 1644 1642
f 1648 1620 1647
f 1645 1632 1628
f 1646 1619 1623
f 1646 1623 1632
f 1649 1646 1632
f 1626 1620 1622
f 1632 1642 1649
f 1620 1619 1647
f 1619 52 1648
f 1648 1647 1619
f 1619 1646 52
f 52 1649 1648
f 1649 52 1646
f 1643 1636 1680
f 1644 1680 1650
f 1680 1644 1643
f 1644 1650 1642
f 1642 1654 1649
f 1642 1650 1654
f 1649 1653 1652
f 1649 1654 1653
f 1654 1650 1655
f 1650 1680 1655
f 1653 1651 1652
f 1651 1653 1655
f 1651 1655 1432
f 1653 1654 1655
f 1432 1652 1651
f 1657 1658 1648
f 1649 1657 1648
f 1649 1652 1657
f 1652 1658 1657
f 1658 1652 1656
f 1648 1658 53
f 53 1658 1473
f 1473 58 53
f 1618 58 1473
f 1661 1610 1660
f 1660 1659 1661
f 1618 1659 1660
f 53 58 1648
f 1621 1648 58
f 1661 1659 1665
f 1661 1665 1609
f 1665 1611 1609
f 54 1611 1663
f 1662 1611 1665
f 1663 1611 56
f 1611 1664 56
f 1664 1611 1662
f 1665 1659 1666
f 1666 1470 1471
f 1429 1432 1655
f 1618 1473 1659
f 1659 1473 1666
f 1431 32 1473
f 1666 1664 1662
f 1516 1664 1471
f 1519 55 1667
f 56 1664 1516
f 1516 1667 56
f 54 1663 63
f 56 1669 1663
f 1666 1471 1664
f 1666 1662 1665
f 65 1667 55
f 1667 65 56
f 65 1669 56
f 1670 1669 65
f 1528 59 1668
f 55 59 65
f 1670 65 59
f 1522 1668 1520
f 1668 1522 1528
f 1528 1522 1521
f 1517 1521 1522
f 1520 1668 59
f 59 55 1520
f 22 2 1436
f 1672 1436 2
f 1433 2 22
f 1425 2 1433
f 1429 2 1425
f 2 1655 1680
f 1655 2 1429
f 57 1672 2
f 1672 57 1436
f 57 1674 1436
f 1682 1435 1676
f 1435 1436 1674
f 1674 1676 1435
f 1435 1682 23
f 23 1682 1740
f 1682 78 1740
f 1674 1678 1676
f 1674 1673 1678
f 1674 1671 1673
f 1673 1671 1677
f 1671 1680 1677
f 57 1671 1674
f 1671 57 1680
f 1680 57 2
f 1669 1670 1663
f 1670 1679 1663
f 1636 1637 1680
f 1637 1677 1680
f 1673 62 1678
f 1688 1678 62
f 1685 78 1682
f 1682 8064 1685
f 8064 1682 1683
f 1683 1684 8064
f 1687 1686 1688
f 63 1691 1612
f 1637 8125 1675
f 62 1675 1688
f 1637 62 1677
f 1677 62 1673
f 1675 62 1637
f 1612 1691 1605
f 1612 1605 1613
f 1679 63 1663
f 63 1679 1691
f 1691 1679 1617
f 1691 1617 8367
f 1605 1691 8367
f 1692 1689 8114
f 1697 1696 1698
f 1528 1701 1702
f 59 1702 1670
f 59 1528 1702
f 1670 1702 1679
f 1679 1702 1617
f 1701 1617 1702
f 1600 1703 1709
f 1709 1701 1600
f 1703 1600 1701
f 1528 1703 1701
f 1527 1703 1528
f 1703 1601 1709
f 1601 1703 1527
f 1708 1697 1582
f 1704 1707 1582
f 1704 1582 1697
f 1704 1697 1696
f 1696 1697 1698
f 1711 1704 1696
f 1601 1589 1706
f 1709 1601 1706
f 1708 1700 1697
f 1583 1705 1708
f 1708 1582 1577
f 1583 1708 1577
f 1714 89 1715
f 1583 1718 1705
f 1717 1716 1705
f 1725 1714 1715
f 1714 1725 1719
f 1705 1719 1708
f 1716 1714 1705
f 1705 1714 1719
f 89 1714 1716
f 1724 1721 67
f 1749 1721 1715
f 67 1721 1723
f 9009 4109 2618
f 1715 1721 1725
f 1725 1721 1724
f 1724 1726 1722
f 1719 1725 1713
f 1725 1724 1722
f 1725 1722 1713
f 1713 1708 1719
f 7817 1722 1726
f 1727 7817 1726
f 1722 7817 1713
f 1713 1700 1708
f 1700 7817 1697
f 7817 1700 1713
f 1727 1728 7817
f 7857 1726 68
f 1198 60 68
f 7857 68 60
f 68 7859 1198
f 68 1732 7859
f 1681 1732 68
f 1234 8080 69
f 1685 1202 1734
f 78 1685 1734
f 78 1734 1742
f 1742 1734 77
f 1720 1732 1681
f 1720 1681 67
f 67 1681 1724
f 68 1726 1681
f 1724 1681 1726
f 1740 1742 1737
f 1737 1742 76
f 1740 1440 1439
f 1740 78 1742
f 1439 23 1740
f 1740 1743 1440
f 1740 74 1743
f 1743 74 73
f 1743 73 1744
f 1750 1748 1753
f 89 1716 1746
f 1750 1723 1748
f 1749 1723 1721
f 1723 1750 67
f 89 1747 1715
f 1712 1749 1747
f 1749 1715 1747
f 1747 89 1746
f 1745 1748 1752
f 72 1745 1756
f 1755 1762 1761
f 1761 1762 1756
f 1745 1764 1761
f 1757 1754 1745
f 1761 1756 1745
f 1745 1752 1757
f 1752 1751 1757
f 1753 1745 72
f 1756 1762 72
f 72 1762 1738
f 1766 1781 1758
f 1758 1738 1762
f 1757 1751 1712
f 1712 1759 1757
f 1758 1762 1755
f 1755 1763 1758
f 1763 1961 1766
f 1766 1758 1763
f 1961 1773 1766
f 1961 1765 1773
f 73 74 1767
f 1765 1955 1773
f 1772 1769 1770
f 75 1767 74
f 1740 1737 74
f 1767 1772 73
f 1772 1770 73
f 75 1772 1767
f 1769 1772 1768
f 73 1770 1955
f 1770 1773 1955
f 1770 1771 1773
f 1737 76 1741
f 1737 1741 74
f 75 74 1741
f 1768 75 1778
f 75 1768 1772
f 128 1769 1768
f 1741 2045 1778
f 1778 75 1741
f 2043 1734 1202
f 1202 7897 2043
f 1734 76 77
f 76 1742 77
f 2043 1774 76
f 1734 2043 76
f 1774 1741 76
f 2045 1741 1775
f 1741 1774 1775
f 80 1776 1779
f 1766 1782 1781
f 1776 80 1781
f 1781 1738 1758
f 1781 1782 1776
f 1720 1739 1779
f 1779 1780 1720
f 67 1785 1720
f 1720 1785 1739
f 1750 1785 67
f 1750 1753 1785
f 1738 1753 72
f 1751 1723 1749
f 1751 1749 1712
f 1751 1752 1748
f 1751 1748 1723
f 1786 1759 1747
f 1759 1712 1747
f 1748 1745 1753
f 1747 1746 1786
f 1851 1786 1746
f 1760 1759 1786
f 1739 1753 1738
f 1738 1781 1788
f 1739 1738 1788
f 1739 1785 1753
f 1783 1781 80
f 1788 1781 1739
f 1783 80 1779
f 1781 1783 1739
f 1783 1779 1739
f 1804 1792 1790
f 1798 1800 1801
f 1798 1801 1795
f 1801 1800 1717
f 1717 1795 1801
f 1795 1807 1790
f 1802 1804 1790
f 1802 1808 1804
f 1792 1804 1793
f 1796 1793 1803
f 1806 1808 1802
f 1803 1793 1804
f 1807 1791 1802
f 1717 1807 1795
f 1806 1802 1791
f 1790 1807 1802
f 1746 1717 1800
f 1716 1717 1746
f 1717 1718 1807
f 1791 1807 1810
f 1534 1818 1812
f 1718 1717 1705
f 1810 1718 1809
f 1580 48 1809
f 1577 1809 1583
f 1580 1809 1577
f 1807 1718 1810
f 48 1808 1578
f 1718 1583 1809
f 1578 1791 1810
f 1810 1809 48
f 48 1578 1810
f 1574 1575 1579
f 1579 1575 1581
f 1581 1808 48
f 1808 1581 82
f 82 1581 1575
f 82 1575 1576
f 1575 1532 1576
f 1532 1575 1574
f 1534 1812 1576
f 1804 1808 1803
f 1808 1806 1791
f 1578 1808 1791
f 82 1805 1808
f 1803 1808 1805
f 1812 82 1576
f 1812 1196 82
f 1196 1803 82
f 1805 82 1803
f 1818 83 1812
f 1796 1196 7862
f 1803 1196 1796
f 1812 83 1196
f 7862 1196 83
f 83 1815 131
f 1535 1816 1814
f 1536 1842 1817
f 1536 1534 1842
f 1536 1818 1534
f 1536 1817 1815
f 1818 1536 1815
f 1818 1815 83
f 1815 1817 1535
f 1535 1814 1815
f 131 1815 1814
f 1821 1572 1819
f 84 1821 1820
f 1821 1819 1820
f 1819 1281 1820
f 7779 1820 1281
f 1820 7779 2345
f 2345 7779 1181
f 1826 2071 7862
f 1826 7862 83
f 1793 1796 7870
f 7870 1796 7862
f 1826 83 131
f 1814 1831 1827
f 1825 131 1827
f 1814 1827 131
f 1828 1813 1854
f 1825 1827 1813
f 1827 1831 1813
f 1813 1828 1825
f 1195 1823 1824
f 1829 1828 1854
f 1828 1829 1824
f 1824 1829 1195
f 2345 84 1820
f 2026 1829 1834
f 1850 1829 1854
f 2026 1195 1829
f 1830 1829 1850
f 1834 1829 1830
f 85 1830 1850
f 2360 185 84
f 185 1835 84
f 1830 129 1834
f 1830 85 129
f 1838 86 1821
f 93 1836 1835
f 1540 38 137
f 38 1540 1836
f 1540 1835 1836
f 1540 1513 1835
f 1538 1835 1513
f 1513 1540 1538
f 86 1538 1540
f 86 1838 84
f 1821 84 1838
f 1538 84 1835
f 1538 86 84
f 1844 1849 1816
f 1814 1816 1831
f 1816 1849 1831
f 1843 1841 1537
f 1535 1817 1537
f 1817 1842 1537
f 1816 1535 1537
f 1537 1841 1816
f 1816 1841 1844
f 1839 1849 1844
f 1841 1857 1844
f 1845 1840 1857
f 1843 1845 1841
f 1845 88 1847
f 1510 1847 88
f 1510 88 1846
f 1847 1510 1512
f 1510 1511 1512
f 1533 1537 1534
f 1534 1537 1842
f 1846 1511 1510
f 88 1537 1846
f 1537 1533 1846
f 88 1843 1537
f 1843 88 1845
f 1840 1845 1847
f 1844 1857 1848
f 1848 1857 90
f 1844 1848 1839
f 1839 1833 1832
f 1832 85 1850
f 1839 1831 1849
f 1839 1832 1831
f 1850 1831 1832
f 1850 1854 1831
f 1746 1800 1851
f 1852 1786 1851
f 1854 1813 1831
f 1848 1833 1839
f 1833 85 1832
f 85 1833 129
f 1848 90 1833
f 1833 90 124
f 1990 90 1857
f 1861 93 1835
f 185 125 1858
f 1858 1835 185
f 1860 1857 1512
f 1860 1895 1897
f 1860 1512 1511
f 1512 1857 1840
f 1512 1840 1847
f 1845 1857 1841
f 1858 1871 1859
f 1861 1871 1870
f 1861 1859 1871
f 1861 1835 1859
f 1858 1859 1835
f 1836 93 91
f 93 1870 91
f 93 1861 1870
f 96 1862 92
f 1864 94 92
f 1862 1864 92
f 1836 91 92
f 87 92 94
f 1864 1509 1498
f 1864 1498 1863
f 1498 94 1864
f 1497 1496 1865
f 1509 1864 1865
f 1865 1872 1497
f 1866 1497 1872
f 1866 1868 95
f 1872 1885 1866
f 95 1867 1866
f 1862 96 1872
f 1862 1872 1865
f 1865 1864 1862
f 1866 1885 1868
f 91 96 92
f 96 1874 1872
f 91 1869 96
f 1869 1858 125
f 1873 1869 125
f 1858 1869 1871
f 1871 91 1870
f 91 1871 1869
f 1873 1874 1869
f 96 1869 1874
f 1873 2366 1874
f 1883 1885 1872
f 1885 1877 1868
f 97 1878 363
f 2366 2365 1874
f 1881 124 90
f 1881 90 1990
f 1874 2367 363
f 1857 100 1990
f 100 1991 1990
f 187 1876 1879
f 1876 1883 1879
f 1876 187 1888
f 1879 1886 97
f 1883 1886 1879
f 1887 3311 1868
f 1877 1887 1868
f 1875 1883 1872
f 1888 1885 1883
f 3311 1887 1884
f 1888 1887 1877
f 1888 187 1887
f 1884 1887 187
f 1877 1885 1888
f 1886 1883 1875
f 1888 1883 1876
f 1875 1872 1886
f 363 1872 1874
f 97 1886 1878
f 1872 363 1886
f 1886 363 1878
f 1902 100 1857
f 1903 100 1902
f 1857 1894 1902
f 1894 1857 1860
f 1897 1898 1892
f 1893 1894 1860
f 1897 1892 1894
f 1893 1897 1894
f 1860 1897 1893
f 1895 1492 1891
f 99 98 1891
f 1895 98 1897
f 1897 98 1898
f 1891 98 1895
f 1896 1898 98
f 99 106 98
f 1906 98 106
f 1896 98 1906
f 1906 106 1899
f 1902 1892 1901
f 1894 1892 1902
f 1892 1898 1907
f 1907 1898 1896
f 1896 1906 1907
f 1902 1905 1903
f 1905 1902 1904
f 1904 1902 1901
f 1892 1907 1901
f 1905 1904 1901
f 1967 1907 1906
f 103 1969 1899
f 1969 1906 1899
f 1906 1969 1967
f 103 1899 107
f 107 1900 103
f 101 104 1900
f 1937 1909 101
f 101 1909 104
f 1936 1934 1909
f 1914 1909 1934
f 1910 1909 1914
f 104 1909 1910
f 99 1908 106
f 1908 1899 106
f 1900 1899 1908
f 1899 1900 107
f 104 103 1900
f 103 104 1912
f 104 1910 1912
f 1914 1921 1910
f 1914 1911 1918
f 1911 1923 1918
f 1918 1921 1914
f 1916 1919 1915
f 1917 1919 3
f 1919 1917 2017
f 1764 1754 1757
f 1764 1757 1917
f 3 1764 1917
f 1745 1754 1764
f 1922 1911 1923
f 1911 1922 1923
f 1916 1923 71
f 1933 1923 1911
f 102 71 1923
f 102 1923 1933
f 1914 1934 1911
f 99 1924 1908
f 1908 1924 1928
f 1926 1924 1930
f 1891 1930 99
f 1924 99 1930
f 1926 1930 1929
f 1931 1930 1492
f 1891 1492 1930
f 1932 1925 1494
f 1494 1929 1931
f 1930 1931 1929
f 1925 1929 1494
f 108 1925 1932
f 1908 1928 1900
f 1928 1926 1927
f 1929 1925 1926
f 1935 1925 108
f 1909 1937 1936
f 1900 1927 101
f 1927 1900 1928
f 101 1927 1937
f 1926 1928 1924
f 1926 1925 1927
f 1937 1927 1925
f 1934 1936 1935
f 1936 1925 1935
f 1925 1936 1937
f 1934 1933 1911
f 1938 1943 1933
f 1935 108 1933
f 1938 1933 108
f 1933 1934 1935
f 108 1932 1489
f 1938 108 1489
f 1938 1489 1488
f 1939 1456 1946
f 1939 1938 1488
f 1946 1940 1939
f 1943 1940 1944
f 1938 1940 1943
f 1938 1939 1940
f 1940 1942 1944
f 1942 1940 1941
f 1946 1942 1941
f 1942 1946 1947
f 1941 1940 1946
f 1946 28 1947
f 1948 1451 1945
f 1948 1947 1452
f 1948 1942 1947
f 1948 1452 1451
f 110 1457 1951
f 1457 110 1450
f 1951 1949 109
f 1951 109 1448
f 1451 1447 1448
f 1448 109 1945
f 1945 1451 1448
f 1945 1942 1948
f 1457 1450 1950
f 1950 1450 1952
f 1442 1441 1952
f 1952 1441 1953
f 1440 1743 1441
f 1953 1441 1743
f 1952 1457 1950
f 1952 1953 1457
f 1743 1954 1953
f 1951 1457 1949
f 1949 1958 109
f 1945 1956 1942
f 1944 1942 1963
f 1956 1945 1957
f 1945 109 1958
f 1945 1958 1957
f 1955 1457 1953
f 1961 1960 111
f 1954 1744 73
f 1955 1953 1954
f 1954 1743 1744
f 1955 1949 1457
f 111 1955 1765
f 1955 111 1949
f 1949 111 1959
f 1954 73 1955
f 1961 1763 113
f 1761 1764 1962
f 1962 112 1761
f 1761 112 1755
f 1962 1764 3
f 1763 1755 113
f 3 1919 115
f 1962 1963 112
f 1755 112 113
f 1961 113 1960
f 1961 111 1765
f 1960 113 1963
f 111 1960 1959
f 1957 1958 1960
f 1960 1958 1959
f 1959 1958 1949
f 1957 1960 1956
f 1963 1956 1960
f 112 1963 113
f 115 1962 3
f 115 1919 71
f 1962 115 1963
f 71 1964 115
f 1916 71 1919
f 1964 1963 115
f 1964 71 1963
f 1963 71 116
f 71 102 116
f 1933 1943 102
f 116 102 1943
f 1943 1944 116
f 1956 1963 1942
f 1944 1963 116
f 1965 1967 1969
f 1966 1965 1969
f 117 1905 1901
f 118 117 1907
f 1907 1967 1965
f 117 1901 1907
f 117 118 1973
f 1905 117 1970
f 1905 1970 1903
f 1970 1880 1903
f 103 1968 1969
f 2015 1966 1969
f 1973 1971 117
f 117 1971 1970
f 1965 118 1907
f 2015 118 1966
f 1966 118 1965
f 1972 1973 1976
f 1972 1976 119
f 1972 121 1971
f 1972 1971 1973
f 1972 1971 121
f 119 1971 1972
f 119 1977 1984
f 120 1983 1978
f 1984 1977 1978
f 1978 1977 120
f 123 150 1993
f 153 2005 1993
f 150 153 1993
f 120 123 1979
f 1978 1985 1984
f 1983 120 1979
f 1985 1983 1980
f 1971 1987 1970
f 1986 1971 119
f 1971 1986 1985
f 1985 1987 1971
f 1984 1986 119
f 1985 1986 1984
f 1985 1978 1983
f 1980 1989 1985
f 1988 1989 1980
f 1989 1988 1991
f 1983 122 1980
f 1985 1989 1987
f 1987 1880 1970
f 1989 100 1903
f 1903 1880 1989
f 9007 9002 4034
f 1988 1994 1996
f 1982 1996 1994
f 122 1979 1994
f 1988 122 1994
f 1982 1979 123
f 1994 1979 1982
f 1993 1982 123
f 1979 122 1983
f 1999 1997 1998
f 1993 1997 1999
f 2001 1881 2000
f 1881 1882 1992
f 1992 1996 1881
f 1992 1988 1996
f 1993 1996 1982
f 1993 1999 1996
f 1996 2000 1881
f 1998 1996 1999
f 1996 1998 2000
f 1833 124 129
f 2000 1998 2001
f 124 1856 2001
f 1881 2001 124
f 2001 1856 124
f 2001 129 124
f 1998 129 2001
f 2008 1998 1997
f 2008 129 1998
f 2003 126 2004
f 151 2084 2004
f 2004 2007 2003
f 2007 1995 2003
f 2005 153 1981
f 1981 1995 2005
f 1995 2007 2005
f 2007 2004 2008
f 1993 2005 2006
f 1997 1993 2006
f 2005 2008 1997
f 2005 1997 2006
f 2007 2008 2005
f 2002 2008 2004
f 1992 1882 1988
f 122 1988 1980
f 2014 1973 2010
f 1976 1973 2014
f 1977 119 1976
f 2014 2010 2012
f 2012 2010 1975
f 1977 1976 2014
f 1975 2085 2012
f 1975 1973 118
f 1973 1975 2010
f 1975 118 2009
f 118 2015 2009
f 1974 2009 2015
f 1968 1974 1969
f 2016 2009 2018
f 1974 2018 2009
f 2009 2016 1975
f 2016 2018 2087
f 1989 1880 1987
f 1974 2015 1969
f 2018 1974 1968
f 2019 2018 1968
f 2019 1968 1912
f 1919 1918 1915
f 1912 1910 2019
f 2019 1910 1921
f 1912 1968 103
f 100 1989 1991
f 1988 1882 1991
f 1990 1882 1881
f 1882 1990 1991
f 1919 1921 1918
f 2018 2019 2020
f 1916 1915 1923
f 1921 2020 2019
f 1921 1919 2017
f 2020 1921 2017
f 1918 1923 1915
f 1768 1778 128
f 128 2048 2021
f 1771 128 2021
f 128 1771 1769
f 1770 1769 1771
f 1852 1853 1787
f 1853 1852 1851
f 1759 2024 1757
f 2020 114 2018
f 2024 1920 2020
f 1757 2024 1917
f 2024 2020 2017
f 2017 1917 2024
f 2023 1913 1787
f 114 1920 2018
f 2022 2047 2025
f 1790 130 1784
f 2022 2025 2021
f 1766 1773 2025
f 1782 1766 2025
f 1776 2025 2030
f 1851 1800 1798
f 1851 1798 1853
f 1782 2025 1776
f 1773 1771 2025
f 1771 2021 2025
f 1787 1760 1786
f 1787 1786 1852
f 114 2020 1920
f 1913 2024 1760
f 2024 1759 1760
f 1787 1913 1760
f 129 2002 1834
f 2026 1834 2002
f 1799 1784 2088
f 1799 1798 1795
f 1795 1784 1799
f 1776 2030 2031
f 2037 130 1790
f 1776 2031 2032
f 1792 2037 1790
f 1779 1776 2032
f 2030 2039 2031
f 2039 2030 2047
f 2030 2025 2047
f 131 2035 1826
f 130 2037 2057
f 1828 2035 1825
f 1824 2079 2035
f 1823 2079 1824
f 1825 2035 131
f 134 1823 1195
f 2071 1826 1797
f 2035 1797 1826
f 2035 1828 1824
f 1195 135 134
f 135 2076 134
f 2027 135 1195
f 1793 1794 1792
f 2040 2038 2031
f 1795 1790 1784
f 1794 1018 2037
f 2032 2031 132
f 1779 2032 1780
f 2037 1792 1794
f 2032 132 1780
f 132 2031 2038
f 7895 1774 2043
f 2054 1778 6884
f 1778 1774 6884
f 1774 2045 1775
f 2054 128 1778
f 1778 2045 1774
f 2054 2048 128
f 2022 2021 2039
f 2039 2040 2031
f 2046 2021 2048
f 2039 2021 2046
f 2022 2039 2047
f 133 2039 2046
f 6884 1774 7895
f 2046 2048 2050
f 2039 133 2040
f 2052 2038 2040
f 2038 2052 2049
f 1018 7868 2063
f 2052 2040 2050
f 2053 2050 2048
f 133 2050 2040
f 133 2046 2050
f 2048 2054 2053
f 130 2055 1784
f 2056 2057 2037
f 2057 2055 130
f 2088 1784 2055
f 2058 2115 2059
f 2037 1018 2056
f 2115 2058 2062
f 2088 2055 2061
f 2061 2092 2088
f 2055 2059 2061
f 2057 2059 2055
f 2058 2059 2057
f 142 2061 2115
f 2115 2061 2059
f 2062 2056 1018
f 2056 2062 2058
f 2056 2058 2057
f 2062 1018 2063
f 2111 2062 2063
f 6867 2111 2063
f 2068 2067 2069
f 2067 2036 2035
f 2071 1797 2036
f 2069 2035 2029
f 2067 2035 2069
f 2069 2029 2077
f 2027 2034 135
f 6814 1010 1011
f 2075 136 2027
f 2355 2027 136
f 2027 1195 2075
f 135 2033 2076
f 2026 2028 2075
f 2026 2075 1195
f 2078 2079 1823
f 2078 2077 2029
f 2078 1823 134
f 2035 2036 1797
f 2079 2029 2035
f 2079 2078 2029
f 134 2076 2078
f 2080 2077 2078
f 2080 2078 2081
f 2081 2077 2080
f 2076 2081 2078
f 2076 2033 2081
f 2034 2033 135
f 2026 2002 2083
f 2083 2028 2026
f 2028 2083 2315
f 2075 2028 136
f 2028 2315 136
f 2083 2084 2315
f 2084 2083 2002
f 2002 2004 2084
f 129 2008 2002
f 2092 2061 142
f 2088 2086 1798
f 2087 2018 1920
f 2089 2087 1920
f 1913 1920 2024
f 1913 2089 1920
f 2023 1853 2086
f 2023 1787 1853
f 1798 1799 2088
f 2086 1853 1798
f 2086 2089 2023
f 2023 2089 1913
f 2090 2011 2089
f 2086 2092 2089
f 2088 2092 2086
f 2092 2090 2089
f 127 138 2090
f 2085 2091 138
f 2090 138 2091
f 2011 2090 2091
f 2089 2011 2091
f 1975 2091 2085
f 2089 2091 2087
f 2091 2016 2087
f 2091 1975 2016
f 138 127 2013
f 2092 127 2090
f 2094 127 2093
f 2094 2013 127
f 127 2092 2093
f 2013 2094 2096
f 2094 2082 2096
f 2097 2099 2098
f 2096 2082 2155
f 2097 2156 2099
f 2097 2106 2101
f 147 139 2106
f 2106 2097 2098
f 139 2101 2106
f 2101 139 148
f 2105 2099 2117
f 2099 2105 2106
f 2106 2098 2099
f 147 2106 2104
f 6719 6721 2105
f 6719 2105 2117
f 2064 6719 2117
f 2065 6867 2113
f 2065 2111 6867
f 2111 2065 2114
f 2111 2114 2062
f 2114 141 2112
f 2112 2115 2114
f 2115 2112 141
f 143 2114 2065
f 2062 2114 2115
f 141 2114 143
f 2115 141 142
f 142 2093 2092
f 143 142 141
f 143 2093 142
f 2118 2117 2099
f 2082 2118 2099
f 2093 2082 2094
f 2119 2118 2082
f 2082 2093 2119
f 143 2119 2093
f 2118 2119 2064
f 2064 6848 6719
f 2065 2119 143
f 6848 2064 2119
f 6848 2119 2113
f 2065 2113 2119
f 2106 2105 2104
f 2118 2064 2117
f 2122 993 2121
f 2121 2105 6721
f 2122 2121 6721
f 147 2104 2121
f 2104 2105 2121
f 2124 147 2121
f 2123 2124 144
f 993 144 2124
f 144 2126 2133
f 2126 2129 2133
f 2133 2132 144
f 144 2132 2133
f 2136 2141 2127
f 2141 2136 2137
f 2137 2263 2141
f 2143 2141 2263
f 146 2141 2143
f 2140 2123 144
f 146 2139 2141
f 2133 2134 144
f 2139 2133 2141
f 144 2134 2140
f 2139 2134 2133
f 146 2148 2139
f 2145 2103 2148
f 2145 2148 146
f 2198 2144 2145
f 2145 146 2198
f 2190 2103 2145
f 2140 2148 2123
f 2148 2134 2139
f 2134 2148 2140
f 2149 2150 2148
f 2151 2148 2103
f 2103 2102 139
f 147 2103 139
f 2149 147 2124
f 2148 2150 2123
f 2123 2150 2124
f 2124 2150 2149
f 2149 2148 2151
f 2151 2103 147
f 2149 2151 147
f 2156 2082 2099
f 2152 2101 148
f 2097 2101 2156
f 2156 2101 2158
f 2158 2101 2152
f 2152 139 2102
f 139 2152 148
f 2156 2155 2082
f 2158 2157 2156
f 2153 2158 2152
f 2186 2153 2152
f 2158 2153 2186
f 2158 2186 2157
f 2184 2159 2186
f 2186 2159 2157
f 2157 2160 2156
f 2159 149 2157
f 2159 2184 149
f 2156 2160 2155
f 149 2160 2157
f 2161 2155 2160
f 2155 2161 2096
f 149 2184 152
f 2184 2162 152
f 154 152 2162
f 2165 2161 149
f 152 2165 149
f 120 2165 123
f 2163 152 154
f 2165 152 2164
f 2164 150 123
f 2164 2163 150
f 2164 123 2165
f 152 2163 2164
f 2165 120 2161
f 2014 2166 1977
f 2013 2085 138
f 2014 2085 2013
f 2014 2013 2166
f 2085 2014 2012
f 2013 2096 2166
f 149 2161 2160
f 2096 2161 2166
f 2166 2161 1977
f 120 1977 2161
f 2176 2167 126
f 2167 2168 2171
f 2173 2168 2172
f 190 2168 2174
f 2168 156 2172
f 2173 2174 2168
f 126 151 2004
f 190 2174 2372
f 126 2167 2171
f 190 2171 2168
f 190 151 2171
f 2171 151 126
f 2178 2167 2176
f 126 2003 2176
f 2175 2168 2167
f 2175 2167 2178
f 2176 2003 1995
f 2163 154 153
f 150 2163 153
f 2176 1981 153
f 1981 2176 1995
f 2176 153 2178
f 154 2178 153
f 2162 2170 154
f 2170 2179 154
f 2162 2184 2169
f 2162 2179 2170
f 2169 2179 2162
f 2179 2168 2175
f 2178 154 2175
f 2179 2175 154
f 2183 2185 2181
f 2184 2183 2179
f 2169 2184 2179
f 2179 2183 2182
f 2168 2179 2182
f 2181 2182 2183
f 2168 2182 156
f 2182 2181 156
f 2180 156 157
f 2184 2186 2185
f 2183 2184 2185
f 155 2181 2185
f 2154 2185 2186
f 157 156 155
f 156 2181 155
f 2188 157 2191
f 2152 2154 2186
f 2190 2185 2154
f 155 2185 2190
f 155 2190 2191
f 2191 157 155
f 2103 2190 2102
f 2190 2152 2102
f 2190 2154 2152
f 2187 2188 2191
f 2191 2193 2187
f 2193 2194 2187
f 2191 2192 2193
f 2194 2193 2145
f 2193 2190 2145
f 2190 2193 2192
f 2192 2191 2190
f 2194 2145 2144
f 2197 2203 174
f 2210 2200 2199
f 2201 2197 2303
f 2199 2200 2304
f 2197 2201 2208
f 2198 2203 2144
f 2201 2303 2210
f 2203 2208 2142
f 2208 2203 2197
f 2210 2303 2200
f 2210 2208 2201
f 2203 2142 2144
f 2142 2206 2144
f 2194 2144 2206
f 2142 2205 2206
f 2206 2187 2194
f 2206 2205 2187
f 2220 2142 2208
f 2211 2205 2142
f 2199 2209 2210
f 2199 2304 2209
f 2204 2210 2209
f 2208 2204 2220
f 2204 2208 2210
f 2220 2211 2142
f 2212 2216 2207
f 2214 2212 2207
f 2211 2216 2212
f 2188 2211 2212
f 2188 2187 2211
f 2187 2205 2211
f 2180 2188 2214
f 157 2188 2180
f 2180 2214 2215
f 2212 2214 2188
f 2207 2216 2220
f 178 2319 2214
f 2214 2217 178
f 2217 2207 2209
f 2216 2211 2220
f 2220 2204 2207
f 2214 2207 2217
f 2204 2209 2207
f 2252 2202 2308
f 2252 2308 2306
f 2222 2221 2310
f 162 2221 2222
f 2222 2310 2202
f 2202 2252 175
f 2202 160 2222
f 2231 163 161
f 161 163 2226
f 2222 160 2225
f 2223 2225 160
f 2225 2223 2233
f 2233 2223 2226
f 2225 162 2222
f 2227 162 2225
f 162 2228 2221
f 2227 2228 162
f 2227 2213 2228
f 2230 2399 2232
f 2213 2232 2228
f 2225 2213 2227
f 2233 2232 2225
f 2225 2232 2213
f 2226 163 2233
f 2233 163 2232
f 163 2230 2232
f 163 2231 164
f 164 2230 163
f 160 2224 2223
f 2224 160 2223
f 2223 160 2239
f 2239 2237 2235
f 2239 2226 2223
f 2239 2235 2226
f 2226 2235 161
f 2237 161 2235
f 161 2237 2231
f 2231 2237 164
f 2237 2238 164
f 2466 164 2238
f 219 2238 2236
f 2240 219 2236
f 2238 2237 2236
f 2234 2237 2239
f 2234 2236 2237
f 2236 2234 2240
f 2251 2240 2248
f 2240 2234 2248
f 2242 2248 2234
f 2244 2239 160
f 2202 175 160
f 160 175 2244
f 2242 2234 2239
f 2239 2244 2242
f 2244 2243 2242
f 2246 2243 2247
f 2247 2243 2244
f 172 2242 2243
f 2244 2245 2247
f 2246 172 2243
f 2241 2240 2251
f 2248 2242 172
f 2251 2248 172
f 2241 2251 2647
f 2249 2647 2251
f 2647 2249 2254
f 2254 2249 2251
f 2251 172 2254
f 171 2255 167
f 2250 2253 172
f 2254 172 2253
f 2195 2197 174
f 2195 174 2198
f 2198 2143 2195
f 2256 2197 2195
f 2259 2256 2257
f 2256 2195 2257
f 2263 2257 2143
f 2143 2257 2195
f 2258 159 2256
f 2256 159 145
f 2196 167 2255
f 2196 2255 2300
f 2196 168 167
f 145 2196 2256
f 145 2260 2196
f 2269 167 168
f 171 2261 2276
f 2261 171 167
f 2260 168 2196
f 2269 2261 167
f 145 168 2260
f 2262 145 159
f 2259 2264 159
f 2138 2257 2263
f 2264 2259 2138
f 2138 2263 2137
f 2259 2258 2256
f 2259 159 2258
f 159 978 2262
f 2257 2138 2259
f 145 2262 168
f 978 168 2262
f 2137 2263 169
f 2136 2268 2137
f 2267 978 2264
f 2137 2268 2138
f 2264 2138 2268
f 169 2263 2137
f 978 159 2264
f 2267 2264 2268
f 2265 168 978
f 2261 2269 170
f 980 170 2269
f 2269 168 2265
f 170 6672 2261
f 6672 2276 2261
f 2265 980 2269
f 2744 8821 8828
f 2666 8821 8759
f 2551 2254 6291
f 6292 6303 6291
f 6303 2551 6291
f 2253 6291 2254
f 890 171 2278
f 2278 171 2276
f 171 890 2293
f 2280 2253 2250
f 2280 2250 6289
f 6291 2253 2280
f 2284 862 2289
f 862 2288 2289
f 862 2284 2283
f 2283 6289 2250
f 2283 2285 862
f 2285 2283 2250
f 862 2285 2307
f 2250 172 2307
f 2285 2250 2307
f 2307 2288 862
f 2286 173 2288
f 2288 2284 2289
f 2288 863 6125
f 863 2288 6020
f 6020 2288 173
f 2287 6020 173
f 842 2291 2326
f 2287 2326 2291
f 6136 2293 2279
f 2282 2293 2294
f 2290 2282 842
f 2323 2290 842
f 2296 2297 2290
f 2293 2282 2290
f 2299 2304 2297
f 2296 2299 2297
f 890 2279 2293
f 2298 171 2293
f 2293 2290 2298
f 2322 2219 2299
f 2299 2219 2301
f 2304 2298 2297
f 171 2298 2305
f 2255 171 2305
f 2196 2197 2256
f 2300 2303 2196
f 2198 174 2203
f 2198 146 2143
f 2196 2303 2197
f 2303 2300 2200
f 2305 2300 2255
f 2200 2300 2305
f 2305 2298 2304
f 2304 2200 2305
f 2301 2209 2304
f 2299 2301 2304
f 2301 176 2217
f 2219 2322 176
f 176 2301 2219
f 2209 2301 2217
f 2252 2306 173
f 2287 173 2306
f 2290 2297 2298
f 173 2286 2252
f 2247 2307 2246
f 2307 2247 2245
f 172 2246 2307
f 2288 2307 2286
f 2307 2252 2286
f 175 2252 2244
f 2244 2252 2245
f 2252 2307 2245
f 186 2310 2313
f 2308 2202 2310
f 2313 2375 2309
f 2309 2311 2313
f 2312 176 2322
f 176 2312 2218
f 2314 176 2218
f 2313 2311 186
f 2314 2217 176
f 186 2308 2310
f 2217 2314 178
f 2319 178 177
f 2316 177 2315
f 2359 2315 177
f 2218 2312 177
f 2359 177 2312
f 2218 177 178
f 178 2314 2218
f 2320 2359 2312
f 2321 2320 2312
f 2341 2320 2321
f 2321 181 2341
f 181 2321 2335
f 2332 181 2335
f 2312 2322 2321
f 179 2321 2322
f 2296 2325 180
f 2323 2325 2296
f 2290 2323 2296
f 2325 2323 2324
f 2324 2323 2326
f 2324 2326 2327
f 2329 2287 2306
f 2308 186 2306
f 2306 186 2329
f 2296 179 2322
f 2327 2326 2287
f 2322 2299 2296
f 2311 2328 186
f 180 179 2296
f 2329 2327 2287
f 2302 2327 2329
f 2328 2329 186
f 2321 179 2335
f 2302 2329 2328
f 2302 2330 2328
f 1174 2302 2331
f 2328 2330 2302
f 2311 2331 2328
f 2328 2331 2302
f 2302 2324 2327
f 2325 2324 1174
f 2324 2302 1174
f 2325 1174 2333
f 2334 2333 2331
f 2333 1174 2331
f 2334 2335 2333
f 2335 2325 2333
f 2335 180 2325
f 179 180 2335
f 2335 2334 2332
f 2336 2339 2338
f 2339 2343 2338
f 182 181 2332
f 182 2340 2339
f 182 2332 2334
f 2331 2340 182
f 182 2334 2331
f 2338 184 2341
f 2341 181 2336
f 181 2339 2336
f 181 182 2339
f 2341 2336 2338
f 2342 2345 2337
f 2345 2342 84
f 2337 2340 2342
f 2343 2339 2340
f 2343 2340 2337
f 2337 2344 2343
f 2350 2348 2346
f 6836 2346 2343
f 2343 2346 2348
f 2348 2338 2343
f 2348 184 2338
f 2348 2350 2351
f 2354 2351 2350
f 2356 2354 2350
f 2356 2349 2354
f 2352 2027 2354
f 2355 2354 2027
f 2354 2353 184
f 2359 2320 2353
f 2353 2320 184
f 2320 2341 184
f 2348 2351 184
f 184 2351 2354
f 2342 2360 84
f 2340 2358 2342
f 2357 2342 2358
f 2340 2357 2358
f 2354 2359 2353
f 2355 2359 2354
f 136 2315 2355
f 2359 2355 2315
f 2316 2315 2084
f 2342 2357 2360
f 2357 2364 2360
f 2340 2331 2357
f 2363 2357 2331
f 2375 2362 2309
f 2309 2331 2311
f 2362 2331 2309
f 2362 2363 2331
f 2357 2363 2364
f 2363 2362 2364
f 2360 2361 185
f 2361 2360 2364
f 2364 2362 2376
f 2385 97 363
f 192 2365 2381
f 2365 2367 1874
f 2368 192 193
f 2381 193 192
f 193 2369 2379
f 2228 2229 2221
f 2310 2221 2370
f 2221 193 2370
f 2370 193 2379
f 2379 2313 2370
f 2375 2313 2379
f 2214 2319 2215
f 2310 2370 2313
f 177 2215 2319
f 2371 191 177
f 177 191 2215
f 2189 2180 2215
f 189 2180 2189
f 156 189 2172
f 2180 189 156
f 189 2189 2172
f 2215 2173 2189
f 2189 2173 2172
f 2215 2373 2173
f 2744 8759 8821
f 2174 2173 2373
f 2174 2373 2372
f 2372 151 190
f 2374 151 2372
f 191 2373 2215
f 2373 191 2372
f 191 2371 2372
f 2372 2316 2374
f 2084 2374 2316
f 177 2316 2371
f 2371 2316 2372
f 2084 151 2374
f 2376 2362 2378
f 2361 2364 2376
f 185 2361 1855
f 125 185 1855
f 1855 2361 2377
f 2376 2377 2361
f 2362 2375 2378
f 2380 2369 193
f 2382 2380 2381
f 2380 193 2381
f 2381 2365 2382
f 2382 2365 2383
f 2383 2365 2366
f 1855 2366 1873
f 1855 1873 125
f 2366 2377 2383
f 2377 2366 1855
f 2376 2382 2383
f 2377 2376 2383
f 2379 2378 2375
f 2369 2378 2379
f 2380 2378 2369
f 2382 2376 2380
f 2378 2380 2376
f 2368 2394 192
f 2367 2365 192
f 2384 192 2394
f 2367 2385 363
f 192 2384 2367
f 2386 97 2385
f 97 2386 1879
f 1879 2388 194
f 2386 2388 1879
f 2388 2387 194
f 2386 2385 2388
f 2387 2394 2389
f 2367 2384 2385
f 2394 2388 2385
f 2394 2387 2388
f 2385 2384 2394
f 2368 193 2221
f 2394 2368 2392
f 2391 2221 2229
f 2221 2392 2368
f 2221 2391 2392
f 2228 2390 2229
f 2391 2229 2390
f 2228 2232 2390
f 2393 2391 2390
f 2393 2318 2391
f 2389 2394 1837
f 2394 2392 1837
f 2392 2395 1837
f 2395 2392 2318
f 2392 2391 2318
f 2397 2318 2396
f 2318 2397 2395
f 2398 2318 2393
f 2398 2396 2318
f 2399 2390 2232
f 2399 2393 2390
f 2398 2393 2399
f 2399 2400 2398
f 2400 369 2398
f 2421 2399 2230
f 2399 2421 2400
f 2401 369 2400
f 2666 8759 8842
f 2401 2400 2421
f 2401 199 369
f 2397 2396 369
f 2398 369 2396
f 195 2397 367
f 2397 369 367
f 1415 3672 9010
f 195 367 2404
f 195 1837 2395
f 2397 195 2395
f 1837 2387 2389
f 2407 2387 1837
f 195 2404 198
f 1837 195 198
f 198 2407 1837
f 2408 187 1879
f 197 187 2408
f 194 2387 2407
f 2408 1879 194
f 194 2407 2408
f 2407 198 2405
f 2405 2408 2407
f 2406 197 2408
f 2406 2408 2405
f 2420 2413 3348
f 2463 2413 2414
f 2411 2410 2412
f 199 2410 2411
f 2402 2412 2410
f 199 2402 2410
f 2463 2419 2417
f 2413 2419 2414
f 2419 2413 2427
f 2419 2463 2414
f 2420 2427 2413
f 2426 3348 2416
f 2420 3348 2426
f 2412 2416 3348
f 2416 2412 2415
f 2412 2402 2415
f 2415 2402 2416
f 2416 2402 200
f 2416 2423 2424
f 2419 2418 2417
f 2418 2419 2427
f 2424 2418 2427
f 2426 2416 2424
f 2427 2420 2426
f 2427 2426 2424
f 202 2428 2429
f 2433 202 2429
f 2447 203 2434
f 202 2433 201
f 2447 201 2433
f 319 202 201
f 2437 201 313
f 319 201 2437
f 3115 2437 2446
f 319 2437 3115
f 201 2447 312
f 2439 2441 2442
f 2440 2439 2442
f 2438 2439 2444
f 3116 2439 2438
f 319 3115 2438
f 2444 319 2438
f 2445 2446 3061
f 2440 2444 2439
f 319 2440 202
f 2428 2440 2442
f 319 2444 2440
f 2428 202 2440
f 2437 313 2446
f 313 201 312
f 2446 313 312
f 3059 2447 2434
f 2442 2429 2428
f 2446 2445 3115
f 3058 2446 312
f 2451 2442 2435
f 2442 2451 2429
f 2442 2441 2449
f 3118 3117 2441
f 3117 2443 2449
f 2442 2449 2435
f 3117 2448 2443
f 3379 2478 2443
f 2449 2443 2478
f 2478 2450 2449
f 2441 3117 2449
f 2435 2449 205
f 2450 205 2449
f 2451 2435 2455
f 205 2455 2435
f 2432 203 242
f 2432 242 2453
f 2431 2447 2433
f 2431 203 2447
f 2433 2454 2431
f 242 203 2431
f 3046 203 2432
f 2431 2454 242
f 310 3045 2432
f 2453 310 2432
f 204 2453 242
f 2454 2529 242
f 2433 2429 2454
f 2429 2451 2452
f 2451 2455 2452
f 2455 216 2452
f 2454 2429 2452
f 216 2454 2452
f 2469 2531 207
f 207 2458 2469
f 206 2534 2458
f 206 200 2534
f 220 200 2539
f 2424 200 206
f 2230 200 2421
f 2417 2459 2460
f 2457 2460 207
f 2457 2465 2460
f 2459 2425 2458
f 2461 200 2424
f 2418 2424 206
f 2418 2459 2417
f 2459 2458 2460
f 2458 2425 206
f 2460 2458 207
f 2418 206 2425
f 2418 2425 2459
f 200 2461 2423
f 200 2402 2421
f 2423 2416 200
f 2421 2402 2403
f 2403 2402 2421
f 2423 2461 2424
f 2421 199 2401
f 2402 199 2421
f 2462 2417 2460
f 2463 2417 2462
f 208 2443 2448
f 2448 3379 2443
f 208 2448 2443
f 2460 2465 2462
f 2463 2465 3358
f 2465 3392 3358
f 2462 2465 2463
f 2466 2539 164
f 164 2539 2230
f 2531 2457 207
f 2539 200 2230
f 2531 2470 2457
f 2458 2534 2469
f 2534 200 2467
f 2467 200 220
f 2422 2465 2457
f 2531 2497 2470
f 2479 2471 379
f 2479 2489 2471
f 3392 2465 2422
f 2472 2489 2479
f 3356 2472 2479
f 3379 2464 209
f 3379 209 2478
f 2450 2475 205
f 205 2475 217
f 2455 205 216
f 217 216 205
f 2478 2480 2475
f 2478 2475 2450
f 2478 2473 2480
f 2478 2477 210
f 2477 2478 209
f 210 2479 379
f 210 2477 209
f 2479 209 2464
f 209 2479 210
f 210 379 2492
f 2480 2474 2475
f 2480 2473 2474
f 210 2492 2478
f 2478 2492 2473
f 2473 2492 2474
f 2501 2513 2484
f 2484 2513 2474
f 2474 2492 2484
f 211 2484 2492
f 211 2485 2484
f 2492 2488 2486
f 380 2487 2491
f 2493 380 2491
f 2483 2486 2491
f 2493 2491 2486
f 2493 2486 2482
f 2487 380 212
f 3388 3352 380
f 2457 212 2422
f 380 3352 2422
f 212 380 2422
f 2494 2493 2482
f 2486 2488 2482
f 2471 2488 2492
f 2471 2492 379
f 2486 2483 2492
f 2470 2497 2496
f 2487 212 2457
f 2470 2487 2457
f 2497 213 2496
f 2470 2496 2487
f 2491 2487 2496
f 213 2505 2491
f 2491 2496 213
f 2505 2483 2491
f 2483 2495 2492
f 2483 2505 2495
f 2492 2495 211
f 211 2495 2505
f 2498 2485 211
f 2484 2485 2501
f 2505 2498 211
f 2500 2485 2498
f 2485 2500 2501
f 2498 2504 2500
f 2510 2511 2505
f 2511 2504 2505
f 2498 2505 2504
f 2240 2241 219
f 2497 2505 213
f 2505 2497 2510
f 2510 2497 165
f 2556 2512 2504
f 2504 2511 2556
f 2512 2317 2504
f 214 2504 2317
f 2504 2499 2500
f 2557 2518 2317
f 2500 214 2501
f 2557 2317 2512
f 2500 2499 214
f 2499 2504 214
f 2501 215 2648
f 2501 2317 2514
f 214 2317 2501
f 2501 2514 215
f 2518 2514 2317
f 2501 2648 2515
f 2514 2516 215
f 2518 2516 2514
f 2648 215 2518
f 215 2516 2518
f 2521 2519 2649
f 2521 2522 2519
f 2475 2476 2521
f 2521 2476 2522
f 2476 2474 2522
f 2513 2523 2474
f 2474 2523 2522
f 1415 9010 4034
f 2523 2513 2515
f 2501 2515 2513
f 2515 2522 2523
f 2515 2648 2519
f 2519 2522 2515
f 2476 2475 2474
f 2531 2532 2497
f 165 2497 2532
f 2525 2521 2649
f 2649 2530 2525
f 2649 2527 2530
f 2527 2456 2530
f 204 242 2529
f 2454 2528 2529
f 216 2528 2454
f 217 2528 216
f 2527 2528 2456
f 2525 2475 2521
f 2525 217 2475
f 217 2456 2528
f 2525 2456 217
f 2525 2530 2456
f 2469 2532 2531
f 2526 218 2469
f 218 2532 2469
f 2506 218 2526
f 2536 2546 2509
f 2509 2546 2545
f 236 2546 2536
f 2506 2643 218
f 2536 2535 2538
f 2538 2535 2506
f 2469 2538 2526
f 2538 2506 2526
f 2538 2469 2534
f 2536 2534 236
f 2536 2538 2534
f 236 2534 2467
f 2540 2468 2539
f 2468 220 2539
f 2539 2238 2544
f 2466 2238 2539
f 2544 2540 2539
f 2544 2238 219
f 2468 2540 234
f 2544 219 2540
f 2508 2545 234
f 234 2541 2508
f 2542 219 2541
f 2541 2543 2542
f 2543 2541 234
f 2542 2540 219
f 2546 234 2545
f 2467 2546 236
f 2546 2467 220
f 220 234 2546
f 2468 234 220
f 2542 2543 2540
f 2540 2543 234
f 2550 2623 2549
f 2549 2623 2552
f 2552 2623 2548
f 2552 2548 231
f 2584 2555 2553
f 2555 2584 2622
f 221 2558 2625
f 224 2518 2557
f 2558 2559 2626
f 2566 2562 224
f 2561 2562 2563
f 2562 2566 2563
f 2560 2561 2569
f 2561 2563 2569
f 2626 2576 2556
f 2559 2576 2626
f 2619 2558 221
f 2558 2619 2559
f 228 2559 2619
f 2554 228 2619
f 2557 2502 224
f 2573 2512 2568
f 2512 2502 2557
f 2502 2512 2573
f 2568 225 2573
f 2556 2568 2512
f 2502 2566 224
f 2570 2560 2569
f 758 2570 2569
f 2566 2569 2563
f 2566 5577 2569
f 2591 226 758
f 758 2569 5577
f 2566 2572 5577
f 2502 2572 2566
f 2502 2503 2572
f 2575 2503 2573
f 2503 2502 2573
f 2564 225 2576
f 2552 231 2551
f 2254 2551 231
f 2567 2576 2565
f 2568 2565 2576
f 2556 2565 2568
f 2576 2567 2556
f 225 2568 2576
f 2556 2567 2565
f 2559 228 2564
f 2564 2576 2559
f 2554 2564 228
f 2577 2623 2550
f 2549 2552 2550
f 2577 2550 227
f 227 2551 2580
f 2551 227 2552
f 6303 2580 2551
f 227 2579 2582
f 2571 2590 2564
f 2552 227 2550
f 2564 2590 225
f 225 2590 5498
f 227 2580 6303
f 2570 758 226
f 2571 2617 2590
f 2585 2571 2616
f 2586 2585 2616
f 2624 2587 2586
f 6313 5497 2587
f 898 2577 227
f 2586 2587 2589
f 2585 2590 2617
f 2593 2601 2592
f 2595 2594 2593
f 2615 2594 2595
f 2597 2596 2598
f 2599 2598 2606
f 2596 2606 2598
f 2591 2615 226
f 2593 2592 2595
f 2599 2601 2593
f 2601 2600 2592
f 2603 2599 2606
f 2602 2599 2603
f 2604 2599 2602
f 2601 2604 230
f 2604 2601 2599
f 2596 229 2606
f 229 2603 2606
f 2788 229 2597
f 2597 229 2596
f 2779 229 2608
f 2669 2610 2779
f 2610 229 2779
f 2603 229 2610
f 2610 2609 2602
f 2605 2604 2602
f 2614 2605 2612
f 2602 2612 2605
f 2609 2612 2602
f 2610 2602 2603
f 2614 2613 2605
f 2605 230 2604
f 2601 230 2600
f 2595 2592 2600
f 2600 230 2615
f 2615 2595 2600
f 2571 2585 2617
f 2554 2571 2564
f 230 2570 226
f 230 226 2615
f 2619 2616 2571
f 2554 2619 2571
f 221 2616 2619
f 2605 2613 230
f 230 2613 2570
f 2621 2613 2620
f 2570 2613 2621
f 2560 2621 2620
f 2570 2621 2560
f 2623 2577 2553
f 2588 2587 2624
f 2588 2553 2583
f 2553 2577 2583
f 2584 2624 2586
f 2624 2553 2588
f 2616 221 2622
f 2584 2586 2622
f 2616 2622 2586
f 2624 2584 2553
f 2623 2553 2631
f 2553 232 2632
f 2553 2632 2631
f 239 231 222
f 222 231 2548
f 2548 2623 2630
f 2629 2647 231
f 2630 222 2548
f 2558 2626 2625
f 221 2635 2622
f 2553 2555 232
f 221 2625 2635
f 2555 2622 2635
f 233 232 2555
f 2555 2635 233
f 239 2629 231
f 2629 239 222
f 2254 231 2647
f 2631 2641 2623
f 2632 2627 2631
f 2632 232 233
f 2625 2636 2524
f 2635 2625 2524
f 2640 2636 2625
f 2637 233 2635
f 2635 2639 2637
f 2635 2524 2639
f 2632 2628 238
f 2631 2627 2641
f 2632 238 2627
f 2633 233 2634
f 2637 2634 233
f 2628 233 2633
f 2633 238 2628
f 2637 2639 2634
f 2628 2632 233
f 2640 165 2636
f 2641 2630 2623
f 2627 238 237
f 2629 222 2630
f 2638 2642 2645
f 238 2633 2547
f 2633 2634 2533
f 2634 235 2533
f 2533 2547 2633
f 2537 2533 2535
f 2535 2643 2506
f 2537 237 2533
f 2537 2536 237
f 2509 237 2536
f 2537 2535 2536
f 2535 2533 2643
f 2643 235 218
f 165 2532 2520
f 218 2520 2532
f 2520 235 2634
f 235 2643 2533
f 218 235 2520
f 237 2547 2533
f 237 2509 2638
f 2639 2520 2634
f 2520 2639 165
f 2638 2509 2642
f 2642 2509 2508
f 2508 2509 2545
f 2508 2644 2507
f 2642 2508 2507
f 2541 2644 2508
f 2241 2644 219
f 219 2644 2541
f 2241 2507 2644
f 2642 2507 2646
f 2241 2646 2507
f 2630 2641 2645
f 2645 2646 2630
f 2629 2646 2647
f 2630 2646 2629
f 2645 2642 2646
f 2241 2647 2646
f 2641 2638 2645
f 237 2638 2627
f 2641 2627 2638
f 2524 165 2639
f 238 2547 237
f 2524 2636 165
f 2511 2626 2556
f 2625 2626 2510
f 2625 2510 2640
f 224 2562 2518
f 2518 2562 2648
f 2626 2511 2510
f 2648 2562 2519
f 165 2640 2510
f 2519 241 2649
f 241 2519 2650
f 2650 2519 2562
f 2562 2561 2650
f 2671 2650 2561
f 2650 2656 241
f 2651 2650 2671
f 2650 2651 2656
f 2658 241 2656
f 241 2528 2527
f 2528 245 2529
f 241 2527 2649
f 2658 2528 241
f 2658 245 2528
f 2529 245 204
f 204 245 243
f 204 243 2453
f 243 310 2453
f 253 310 243
f 310 253 2659
f 2659 253 2693
f 243 245 244
f 243 244 2661
f 245 2657 244
f 2657 2658 2656
f 2658 2657 245
f 2657 2656 244
f 253 243 2661
f 2661 2653 253
f 2651 2652 2656
f 2651 2673 2652
f 2663 2654 2652
f 2663 2655 2654
f 244 2656 2655
f 2656 2654 2655
f 2656 2652 2654
f 2661 244 2655
f 2661 2655 2663
f 2663 246 2661
f 246 2653 2661
f 2662 2653 246
f 2662 246 2665
f 253 2653 2693
f 2665 246 2663
f 2664 2662 2665
f 247 2664 2665
f 2664 247 2667
f 2665 2672 247
f 2672 2665 2663
f 2667 2669 2682
f 247 2672 2668
f 2609 2610 2669
f 2682 2669 2675
f 2667 247 2669
f 2672 2652 2673
f 2663 2652 2672
f 2613 2672 2673
f 2609 2672 2612
f 2613 2614 2672
f 2614 2612 2672
f 2673 2620 2613
f 2560 2620 2651
f 2651 2671 2560
f 2561 2560 2671
f 2673 2651 2620
f 2668 2672 2609
f 247 2668 2669
f 2668 2609 2669
f 2779 2611 2669
f 2781 2858 273
f 2687 2678 2679
f 2778 2680 2860
f 2759 2680 2778
f 2676 2678 2687
f 2858 2706 273
f 2611 2675 2669
f 2780 2675 2611
f 273 2674 2780
f 2677 2674 273
f 2677 252 2675
f 2780 2674 2675
f 2675 252 2682
f 2674 2677 2675
f 2677 273 2706
f 2680 249 248
f 2684 248 249
f 2750 2684 249
f 2664 2685 2662
f 2667 2685 2664
f 2667 2682 2685
f 2706 252 2677
f 2685 2682 252
f 2662 2686 2653
f 2686 2662 2685
f 2686 252 2698
f 306 2690 248
f 2684 306 248
f 2706 2698 252
f 2692 2660 2686
f 2660 2653 2686
f 2653 2660 2693
f 2692 2698 2701
f 2688 2691 2690
f 8759 2744 8842
f 2693 2660 2692
f 2692 3044 2693
f 2691 2713 2694
f 2696 2691 2694
f 2690 2691 251
f 307 3035 2695
f 2695 2696 307
f 2691 2696 251
f 307 2696 2694
f 2686 2685 252
f 2692 2701 2909
f 2701 2705 2710
f 2702 2893 2862
f 2863 2862 2710
f 2705 2863 2710
f 2686 2698 2692
f 2701 2706 2705
f 2698 2706 2701
f 2681 2705 2706
f 306 2688 2690
f 248 2690 2687
f 2708 2676 2687
f 2708 2687 254
f 2676 2707 2709
f 2708 2707 2676
f 2707 2708 2709
f 2893 2702 2708
f 2709 2708 2702
f 2704 2708 2711
f 2690 251 254
f 2690 254 2687
f 2708 254 2711
f 2892 2711 2695
f 254 2696 2695
f 254 251 2696
f 254 2695 2711
f 2714 2712 2716
f 2737 2691 2688
f 2737 2688 2712
f 2689 2712 2688
f 2712 2689 2716
f 2715 2689 306
f 306 2689 2688
f 2717 2689 2715
f 306 250 2715
f 250 2717 2715
f 2684 250 306
f 2717 2716 2689
f 261 2720 2716
f 2716 2720 2714
f 2716 2718 261
f 2722 2720 261
f 258 2742 2747
f 2720 2722 2742
f 2728 290 2731
f 2726 2730 258
f 2725 290 2728
f 2730 2726 259
f 2876 2730 259
f 258 2747 2726
f 2730 2736 258
f 301 2691 2737
f 301 2713 2691
f 258 2740 255
f 258 2738 2721
f 257 2740 258
f 258 255 2738
f 2737 2712 255
f 2743 2738 255
f 2738 2743 2721
f 2714 2721 2743
f 2714 2743 2712
f 2712 2743 255
f 2720 2742 2721
f 2720 2721 2714
f 258 2721 2742
f 2726 262 259
f 2683 2684 2750
f 2684 2683 250
f 4 250 2683
f 250 2719 2717
f 2719 250 4
f 2719 2716 2717
f 2722 2718 2749
f 4 2718 2719
f 2716 2719 2718
f 262 2747 2724
f 2722 2723 2742
f 2726 2747 262
f 2718 2722 261
f 2749 2723 2722
f 2746 2723 263
f 2746 2747 2742
f 2746 2742 2723
f 2723 2749 263
f 2747 2746 2751
f 2724 2747 2751
f 4 2683 2750
f 4 2750 2757
f 2746 263 2755
f 2755 263 2749
f 2751 2746 2755
f 2751 2748 2724
f 2748 2751 2755
f 2748 2756 2724
f 2876 259 2745
f 2748 2755 2764
f 262 2756 259
f 2724 2756 262
f 2748 2764 2756
f 2749 2752 2755
f 2755 2752 2763
f 2763 268 2755
f 2753 4 2757
f 2752 4 2753
f 2752 2749 2718
f 4 2752 2718
f 2750 249 2757
f 2680 2762 249
f 2757 249 2762
f 2680 2759 2762
f 2762 2753 2757
f 264 2760 2752
f 2753 264 2752
f 2760 2763 2752
f 2761 2760 264
f 2753 2761 264
f 2761 2753 2762
f 2755 268 2764
f 2766 2865 268
f 2756 2764 259
f 2766 268 2765
f 2763 2760 265
f 268 2763 2765
f 2763 2767 2765
f 2773 2763 265
f 2754 2767 2773
f 266 2754 2775
f 2768 2754 266
f 2769 2758 288
f 2768 288 2766
f 288 2772 2766
f 2768 2766 2771
f 2771 2754 2768
f 2765 2771 2766
f 2768 2769 288
f 2771 2767 2754
f 2767 2771 2765
f 2763 2773 2767
f 2775 265 2776
f 2774 2776 265
f 265 2775 2773
f 2775 2754 2773
f 2760 2774 265
f 2783 2774 2761
f 2760 2761 2774
f 2761 267 2783
f 2777 267 2761
f 2608 2788 271
f 2785 2781 271
f 2777 269 275
f 690 2866 269
f 267 2777 275
f 2777 690 269
f 2784 274 2792
f 2784 2792 2783
f 2783 2792 2802
f 2784 275 269
f 2784 267 275
f 2784 269 274
f 2783 267 2784
f 2849 5223 269
f 274 269 5223
f 2785 271 2607
f 272 2785 2607
f 229 2788 2608
f 2597 748 2788
f 2788 748 2789
f 2789 2607 2788
f 2790 272 2607
f 5465 2607 2789
f 271 2788 2607
f 2843 760 2842
f 2790 2607 5465
f 272 2790 2787
f 2782 272 2787
f 2838 2847 2787
f 274 5223 5229
f 274 5229 2792
f 2802 2792 2791
f 270 2794 2801
f 2795 2796 699
f 276 2794 699
f 699 2803 266
f 2775 276 266
f 266 276 699
f 2801 2794 276
f 2775 2776 2804
f 2775 2801 276
f 2774 2802 2776
f 2802 270 2776
f 2804 2801 2775
f 2801 2804 2776
f 2774 2783 2802
f 2769 2768 2803
f 2796 2758 2769
f 2803 2805 2769
f 2768 266 2803
f 2800 2796 2805
f 2769 2805 2796
f 2808 698 279
f 2800 699 2796
f 2803 2800 2805
f 2803 699 2800
f 270 2801 2776
f 2811 2758 2810
f 2802 2793 270
f 2834 5128 280
f 673 2815 2814
f 2815 673 278
f 2814 2816 2809
f 2814 2809 673
f 673 2809 278
f 2809 700 278
f 2816 2815 2817
f 2815 2823 2817
f 698 2821 279
f 278 279 2806
f 2815 278 2807
f 2821 2806 279
f 2798 2806 2821
f 278 2806 2798
f 2770 2821 698
f 278 2798 2807
f 2798 2820 2807
f 2807 2820 2819
f 2868 2869 2822
f 2820 2799 2819
f 2799 2820 2798
f 278 700 279
f 2812 2817 2823
f 2940 2823 2829
f 2812 2823 2826
f 2827 298 2877
f 2877 298 2917
f 2823 2940 2826
f 2815 289 2823
f 2818 672 289
f 2819 289 2807
f 2815 2807 289
f 2874 289 672
f 2799 289 2819
f 2823 289 2829
f 289 2874 2831
f 289 2831 2829
f 2826 674 2812
f 2832 674 2826
f 2935 2825 2925
f 2917 298 2826
f 2832 2826 2833
f 5128 2832 2833
f 2832 5128 5123
f 5128 281 280
f 280 298 2827
f 5128 2833 281
f 298 280 281
f 2826 298 2833
f 281 2833 298
f 2834 280 2835
f 2824 2811 2834
f 5127 2834 2811
f 2850 2846 5223
f 2837 2846 2786
f 2827 2835 280
f 2787 2847 2782
f 2786 277 2837
f 760 2786 2842
f 2839 2843 2517
f 2517 2843 2841
f 2840 2842 286
f 2844 2842 2840
f 2840 286 287
f 2844 282 283
f 2844 2840 2703
f 282 2517 283
f 282 2839 2517
f 2844 283 2841
f 2847 2838 2839
f 2848 2781 2782
f 2842 2841 2843
f 2842 2844 2841
f 2517 2841 283
f 2847 2839 282
f 2782 2847 2848
f 2786 2846 2836
f 286 2842 287
f 2836 2853 2786
f 287 2842 2786
f 284 2786 2853
f 2786 284 287
f 2850 5223 2849
f 2836 2846 2850
f 2834 2835 2824
f 2840 287 285
f 2781 2785 272
f 284 2852 287
f 2852 2845 287
f 2853 2836 2855
f 2851 2853 2855
f 2845 2854 2679
f 2851 2855 2852
f 2852 2855 2845
f 2853 2852 284
f 2853 2851 2852
f 2848 2847 2857
f 2781 2848 2857
f 272 2782 2781
f 2859 2856 282
f 2847 2856 2857
f 2840 285 2703
f 2844 2703 282
f 287 2845 285
f 285 2845 2703
f 2856 2858 2857
f 2611 2670 2780
f 2703 2859 282
f 2859 2703 2681
f 2681 2703 2705
f 2863 2705 2703
f 2859 2681 2858
f 2856 2859 2858
f 2681 2706 2858
f 2781 273 2780
f 2608 271 2670
f 2608 2670 2779
f 2611 2779 2670
f 2781 2857 2858
f 2781 2780 271
f 2780 2670 271
f 2709 2845 2676
f 2854 2845 2855
f 2679 248 2687
f 2854 248 2679
f 2678 2676 2845
f 2864 2703 2845
f 2679 2678 2845
f 2702 2861 2709
f 2864 2863 2703
f 2861 2862 2863
f 2861 2863 2864
f 2845 2709 2864
f 2709 2861 2864
f 2861 2702 2862
f 2860 248 2854
f 2860 2680 248
f 2764 2865 2745
f 2745 259 2764
f 2777 2761 2759
f 288 2745 2865
f 2850 2855 2836
f 2855 2850 2866
f 690 2854 2855
f 2866 2850 2849
f 2855 2866 690
f 269 2866 2849
f 2777 2778 2860
f 2860 690 2777
f 2759 2778 2777
f 2865 2764 268
f 2854 690 2860
f 2772 2865 2766
f 2762 2759 2761
f 2831 299 2941
f 2734 2869 2798
f 2872 2728 2871
f 2868 2872 2871
f 2867 291 2830
f 2867 2871 291
f 2728 2731 2871
f 2872 2870 2728
f 2870 2734 2728
f 2868 2871 2867
f 2725 2728 2734
f 2822 2872 2868
f 2770 2725 2734
f 2822 2734 2870
f 2870 2872 2822
f 2799 2798 2869
f 2770 2734 2821
f 2734 2822 2869
f 2868 2799 2869
f 2821 2734 2798
f 2824 2745 2811
f 2811 2745 2758
f 2758 2745 288
f 2835 2745 2824
f 2818 2799 2868
f 2799 2818 289
f 2868 2867 2818
f 2830 2818 2867
f 2818 2830 672
f 2745 2835 2876
f 2827 2877 2835
f 2940 2829 2941
f 2831 2941 2829
f 2830 2874 672
f 2940 2828 2826
f 2876 2835 2877
f 2874 299 2831
f 2732 2830 291
f 291 2871 2731
f 2732 291 2938
f 2727 290 2725
f 2727 2888 316
f 2881 2729 2731
f 290 2727 316
f 316 2731 290
f 316 2881 2731
f 2881 316 2880
f 2881 2883 2729
f 292 2880 2884
f 2882 2880 316
f 2883 2881 2880
f 316 2888 2882
f 292 2936 2880
f 2883 2880 2936
f 2883 2733 2729
f 293 2936 292
f 292 294 293
f 2880 2882 2884
f 2951 294 305
f 2888 2727 2890
f 2879 2885 2889
f 2889 2888 2890
f 305 292 2884
f 2885 2882 2888
f 2889 2885 2888
f 305 2884 2882
f 305 294 292
f 2951 293 294
f 2862 2893 2710
f 2710 2893 2704
f 2704 2893 2708
f 2711 2699 2704
f 2897 2699 2711
f 2897 295 2699
f 2711 295 2897
f 2892 295 2711
f 295 2697 309
f 309 2891 2699
f 2699 295 309
f 2892 2697 295
f 2697 2892 2695
f 2876 3027 2730
f 2730 3027 2736
f 2697 2695 2896
f 2700 2891 309
f 2700 309 2900
f 309 3041 2900
f 2900 2903 2905
f 2903 2906 2905
f 2913 2909 2701
f 296 2907 2902
f 2909 2913 2907
f 2907 2911 2902
f 2274 2910 2902
f 296 2902 2910
f 2710 2908 2701
f 2701 2908 2913
f 2274 2913 2899
f 2913 2911 2907
f 2274 2902 2911
f 2274 2911 2913
f 302 296 2904
f 296 2910 2904
f 2899 2904 2910
f 2899 2910 2274
f 2904 2899 2905
f 2913 2908 2894
f 2905 2899 2900
f 2900 2898 2700
f 2898 2900 2899
f 2913 2914 2899
f 2914 2898 2899
f 2913 2894 2914
f 2891 2700 2912
f 2912 2700 2898
f 2898 2914 2894
f 2710 2894 2908
f 2894 2912 2898
f 2891 2912 2895
f 2895 2699 2891
f 2699 2915 2704
f 2895 2912 2699
f 2912 2915 2699
f 2915 2710 2704
f 2894 2915 2912
f 2710 2915 2894
f 297 2919 2920
f 2919 2921 2918
f 297 2921 2919
f 2922 2923 2921
f 2923 2918 2921
f 2876 2925 2918
f 2876 2877 2925
f 2925 2877 2873
f 2873 2877 2917
f 2925 2873 2917
f 2825 2927 2919
f 2929 2919 2927
f 2918 2925 2919
f 2925 2825 2919
f 2825 2928 2927
f 2920 2919 2929
f 2932 2920 2929
f 2928 2932 2929
f 2928 2933 2932
f 2928 2929 2927
f 2933 2931 2932
f 2928 2934 2931
f 2828 2917 2826
f 2928 2825 2934
f 2935 2934 2825
f 2917 2935 2925
f 2935 2917 2828
f 2935 2828 2934
f 2916 2934 2828
f 2830 2732 2874
f 2732 2875 2874
f 2938 2875 2732
f 291 2731 2729
f 2875 2938 2878
f 291 2729 2878
f 2938 291 2878
f 2733 2878 2729
f 293 2939 2936
f 2878 2733 2875
f 2733 2883 299
f 2733 299 2875
f 2874 2875 299
f 299 2939 2941
f 2883 2936 2939
f 2883 2939 299
f 2828 2940 2916
f 2941 2937 2940
f 2916 2940 2944
f 2937 2944 2940
f 2942 2941 2939
f 2939 2886 2942
f 2941 2942 2937
f 2942 2886 2937
f 2934 2916 2930
f 2943 2930 2916
f 2944 2943 2916
f 2944 2937 2943
f 2937 2945 2943
f 2886 2945 2937
f 2945 2886 2948
f 2950 2943 2945
f 2887 2886 2951
f 2939 293 2886
f 2886 293 2951
f 2950 2945 2946
f 2949 2946 2945
f 2949 2945 2948
f 2947 2949 2953
f 2949 2950 2946
f 2943 2950 2931
f 2943 2931 2930
f 2933 2928 2931
f 2934 2930 2931
f 2950 2949 2947
f 2931 2952 2932
f 2931 2947 2952
f 2950 2947 2931
f 2920 2956 297
f 297 2956 2954
f 2955 2920 2932
f 2957 2955 2952
f 2952 2955 2932
f 2952 2953 2957
f 2953 2952 2947
f 2949 2957 2953
f 2948 2957 2949
f 2958 2957 2948
f 2886 2958 2948
f 304 2958 2887
f 2958 304 2959
f 2956 2920 2955
f 2954 2956 2962
f 2958 2955 2957
f 2956 2955 2958
f 2986 2954 2965
f 2954 2962 2965
f 2963 2964 2965
f 2886 2887 2958
f 2968 304 2887
f 2965 2962 452
f 2964 2963 2982
f 2963 2965 2970
f 2970 2965 452
f 2986 2965 2964
f 2978 2924 2926
f 2978 2985 2924
f 3772 2979 2926
f 2977 3772 2926
f 2978 2979 3777
f 3777 453 2976
f 2978 2926 2979
f 2976 2978 3777
f 3772 2977 2973
f 2973 2977 3792
f 453 3777 2980
f 2923 2985 2987
f 2987 2985 2976
f 2976 2985 2978
f 2924 2975 2926
f 2924 2922 2975
f 2985 2923 2922
f 2924 2985 2922
f 2922 2921 2975
f 2926 2975 2974
f 2921 2974 2975
f 2954 2986 2961
f 2974 2921 297
f 297 2961 2974
f 297 2954 2961
f 2964 2974 2986
f 2986 2974 2961
f 2974 2977 2926
f 2974 2964 2977
f 2981 3792 2977
f 2977 2964 2981
f 2964 2982 2981
f 2966 452 2967
f 2967 452 2962
f 2966 2967 2968
f 2968 2959 304
f 2958 2962 2956
f 2967 2962 2968
f 2968 2962 2959
f 2959 2962 2958
f 2987 2984 2918
f 2918 2923 2987
f 2983 2987 453
f 2983 450 2987
f 2987 2976 453
f 2984 2987 450
f 2984 450 3140
f 3129 3051 2989
f 296 2481 3049
f 2481 296 2988
f 296 302 2988
f 2989 2481 2988
f 2988 303 2989
f 302 303 2988
f 2906 2990 302
f 302 3053 303
f 2990 2906 3053
f 2904 2905 2906
f 2904 2906 302
f 302 2990 3053
f 303 300 2989
f 2989 300 3130
f 2995 3756 2968
f 2995 2887 2996
f 2887 2995 2968
f 2996 2994 2997
f 2996 2887 2994
f 2887 2951 2999
f 2994 2887 2999
f 2994 2999 2960
f 2994 2960 2997
f 2999 2951 305
f 2882 2885 2879
f 2890 3000 2879
f 2879 2889 2890
f 3000 3003 2879
f 305 2882 2879
f 305 2879 3003
f 3003 2999 305
f 2997 2960 2999
f 2999 3003 2997
f 2998 3003 3000
f 2997 3003 3002
f 3002 3003 2998
f 3004 2969 3002
f 2997 2969 2996
f 2996 2969 3754
f 2969 3004 3754
f 3004 3002 3001
f 2969 2997 3002
f 3001 3002 2998
f 3001 2998 3004
f 3026 2984 3016
f 3007 3006 3009
f 3024 3014 308
f 3015 3042 3014
f 3015 3014 2436
f 309 2697 3036
f 308 3043 3024
f 3021 3024 3043
f 257 258 2735
f 3026 3027 2918
f 2918 3027 2876
f 2735 2736 3027
f 3026 2735 3027
f 3020 3032 2741
f 255 2740 2741
f 2740 257 3082
f 3020 2741 3032
f 255 3030 2737
f 255 2741 3030
f 258 2736 2735
f 2735 3082 257
f 2740 3033 3032
f 3030 301 2737
f 2694 3034 307
f 2896 3036 2697
f 2695 3035 2896
f 2713 3034 2694
f 301 3072 2713
f 3034 2713 3072
f 307 3034 3035
f 3021 3036 3022
f 3034 3071 3023
f 3023 3037 3034
f 3023 3022 3037
f 3035 3034 3037
f 3022 3036 3037
f 3035 3037 2896
f 3036 2896 3037
f 3036 3021 3025
f 2900 3040 2903
f 3052 3053 2903
f 3049 2907 296
f 3052 2903 3038
f 3052 3038 3011
f 3039 3038 2901
f 3039 3042 3038
f 3042 3039 308
f 3014 3042 308
f 3025 309 3036
f 3025 3041 309
f 3025 3043 3041
f 3025 3021 3043
f 3039 3043 308
f 3039 2901 3043
f 3040 2901 3038
f 3040 2900 2901
f 2903 3040 3038
f 2900 3043 2901
f 3043 2900 3041
f 2909 2907 3047
f 2909 3044 2692
f 2909 3047 3044
f 2693 3044 2659
f 3045 310 2659
f 3045 2659 3047
f 3045 3046 2432
f 3044 3047 2659
f 3048 2434 203
f 3048 3045 3047
f 3046 3048 203
f 3045 3048 3046
f 3048 3049 2434
f 3048 3047 3049
f 2907 3049 3047
f 3051 3057 3049
f 3051 3049 2481
f 2989 3051 2481
f 303 3053 3050
f 3050 322 2993
f 3050 2993 300
f 303 3050 300
f 2993 322 2992
f 3052 3054 3050
f 3053 2906 2903
f 2991 3053 3050
f 3053 3052 3050
f 2991 3050 3053
f 3011 3054 3052
f 3042 3011 3038
f 3011 3042 3015
f 3011 3015 3055
f 3055 3054 3011
f 3122 322 3054
f 3055 3056 3054
f 3054 3056 3122
f 322 3050 3054
f 3058 3049 3057
f 3058 3059 3049
f 312 2447 3058
f 311 3055 3015
f 2446 3058 3061
f 3055 311 3062
f 3058 3057 3061
f 3056 3055 3060
f 3055 3062 3060
f 3060 3062 3112
f 3015 3013 311
f 3067 3065 3089
f 3064 3065 3067
f 3089 3097 3067
f 3097 3114 3063
f 3067 3097 3063
f 3063 3114 3068
f 3068 3062 311
f 3068 3013 3064
f 311 3013 3068
f 3064 3013 3066
f 3063 3068 3064
f 3063 3064 3067
f 3059 3058 2447
f 3066 3065 3064
f 3066 3013 2436
f 3015 2436 3013
f 3066 3069 3065
f 3070 3065 3069
f 3014 3066 2436
f 3049 3059 2434
f 3024 3023 3071
f 3023 3024 3021
f 3022 3023 3021
f 3024 3071 3069
f 3066 3014 3069
f 3014 3024 3069
f 3034 3072 3071
f 3072 315 3071
f 315 3072 2739
f 315 2739 314
f 3070 3012 3073
f 315 3069 3071
f 3070 3069 3012
f 3069 315 3012
f 3073 3065 3070
f 3074 3073 3012
f 3073 3074 3089
f 3065 3073 3089
f 3012 315 3087
f 315 3076 3093
f 3076 3029 3017
f 315 3029 3076
f 315 314 3029
f 3078 3030 3017
f 3078 3017 3029
f 3072 301 2739
f 3030 2739 301
f 3077 314 2739
f 3077 3029 314
f 3028 3017 3030
f 2739 3030 3029
f 2739 3029 3077
f 3030 3078 3029
f 3032 3028 2741
f 3019 3080 3017
f 2740 3032 2741
f 3033 3028 3032
f 2741 3028 3030
f 3082 256 2740
f 2740 256 3033
f 3019 3031 3018
f 3031 3019 3081
f 256 3082 3083
f 3019 3017 3028
f 3019 3028 3081
f 3033 3081 3028
f 3031 3081 3033
f 256 3031 3033
f 3031 3083 3018
f 256 3083 3031
f 3083 3082 2735
f 3093 3076 3079
f 3017 3080 3076
f 3019 3018 3080
f 3008 3083 2735
f 2735 3026 3008
f 3080 3079 3076
f 3079 3080 3093
f 3080 3084 3090
f 3084 3080 3018
f 3008 3018 3083
f 3087 3074 3012
f 3074 3075 3089
f 3075 317 3089
f 3075 3074 3087
f 3091 3092 3090
f 3075 3087 317
f 3093 3087 315
f 3093 3088 3087
f 3088 317 3087
f 3092 3088 3080
f 3093 3080 3088
f 3092 3080 3090
f 3018 3085 3084
f 3085 3018 3008
f 3008 3095 3085
f 3085 3090 3084
f 3090 3094 3091
f 3094 3090 3085
f 3096 3085 3095
f 3096 3094 3085
f 3091 3088 3092
f 3006 3016 3009
f 3016 3006 3095
f 3095 3010 3096
f 3096 3010 3098
f 3026 3095 3008
f 3016 3095 3026
f 3096 3100 3094
f 3006 3106 3098
f 3010 3095 3006
f 3098 3010 3006
f 3089 3099 3097
f 3088 3086 3099
f 317 3088 3099
f 3089 317 3099
f 3097 3099 3103
f 3086 3103 3099
f 3098 3086 3100
f 3086 3088 3100
f 3088 3091 3100
f 3096 3098 3100
f 3091 3094 3100
f 3101 3097 3102
f 3098 318 3086
f 3103 3086 318
f 3106 318 3098
f 3104 318 3106
f 3102 3097 3103
f 318 324 3102
f 3102 3103 318
f 318 3104 3107
f 3107 3105 3146
f 3107 324 318
f 3107 3104 3105
f 3107 3108 324
f 324 3108 3102
f 3102 3108 3109
f 3145 3110 3109
f 3109 3114 3097
f 3111 3068 3114
f 3112 3068 3111
f 3114 3109 3110
f 3109 3097 3101
f 3102 3109 3101
f 3111 3114 3110
f 3116 2438 3119
f 3116 2441 2439
f 3116 3119 3118
f 3181 2438 3115
f 2441 3116 3118
f 3180 3115 3182
f 3182 3115 3121
f 3115 2445 3121
f 3122 3056 3060
f 3135 322 3122
f 2993 2992 320
f 300 3134 3130
f 2993 320 3134
f 3135 3124 320
f 2445 3123 3125
f 2445 3125 3121
f 3359 3118 3119
f 3057 3123 3061
f 3123 2445 3061
f 3057 3125 3123
f 3057 3128 3125
f 3128 3057 3127
f 3051 3127 3057
f 3128 3171 3125
f 3129 3127 3051
f 3127 3129 3128
f 3133 3129 3130
f 3128 3132 3171
f 3128 3129 3132
f 3129 3133 3132
f 3124 3170 321
f 300 2993 3134
f 3131 321 3170
f 321 3131 3134
f 321 320 3124
f 3134 320 321
f 3130 3129 2989
f 3133 3134 3131
f 3130 3134 3133
f 2992 3135 320
f 322 3135 2992
f 3137 3135 3122
f 3060 3137 3122
f 2984 3140 3016
f 3140 3139 3016
f 3009 3016 3139
f 3138 3007 3139
f 3009 3139 3007
f 3138 3136 3007
f 3138 3147 3136
f 3141 3006 3007
f 3136 3141 3007
f 3106 3006 3141
f 3068 3112 3062
f 3105 3104 3106
f 3142 3111 3110
f 3142 3112 3111
f 3060 3112 3144
f 3137 3144 323
f 3060 3144 3137
f 3142 3144 3112
f 3143 323 3144
f 3113 3143 3142
f 3142 3110 3113
f 3105 3106 3141
f 3142 3143 3144
f 3148 3138 3140
f 3148 450 3203
f 450 3148 3140
f 3139 3140 3138
f 3141 3136 3147
f 323 3143 3151
f 323 3151 3137
f 3151 3135 3137
f 3151 3124 3135
f 3149 3154 3155
f 3155 2998 3149
f 3156 3141 3147
f 3147 3138 3148
f 3148 3201 3156
f 3156 3147 3148
f 3156 3160 3141
f 3153 3151 327
f 3151 3153 3124
f 327 3193 3195
f 3153 3195 348
f 3153 327 3195
f 3156 3201 3160
f 2998 3000 3149
f 3149 3000 2890
f 3154 3149 3162
f 3150 2983 2972
f 325 3131 3170
f 3163 325 3170
f 3133 325 3164
f 3131 325 3133
f 3132 3133 3164
f 325 3165 3164
f 3164 3126 3132
f 3132 3126 3171
f 3164 3165 3126
f 3165 326 3259
f 3163 3263 325
f 326 3165 325
f 3263 326 325
f 346 3126 3165
f 3266 3172 346
f 3170 3152 3163
f 3172 3167 3177
f 3172 3126 346
f 3172 3171 3126
f 3172 3125 3171
f 3170 3153 3152
f 3170 3124 3153
f 3153 348 3152
f 3174 3163 3152
f 3174 3152 350
f 350 3152 348
f 350 3173 3174
f 3174 3173 3163
f 3166 3175 3167
f 3167 3175 3177
f 3143 3113 327
f 3143 327 3151
f 3125 3172 3176
f 3177 3176 3172
f 3168 3368 3120
f 3168 3120 3274
f 3274 3179 3178
f 3179 3274 3120
f 3120 2430 3179
f 3181 3359 3119
f 3359 3181 3120
f 3179 2430 3181
f 3181 2430 3120
f 2438 3181 3119
f 3115 3180 3181
f 3125 3176 3121
f 3176 3182 3121
f 3180 3179 3181
f 3180 3182 3169
f 3182 3177 3175
f 3176 3177 3182
f 3175 3169 3182
f 3166 3169 3175
f 3193 327 328
f 328 3185 3194
f 328 327 3113
f 3145 328 3110
f 3110 328 3113
f 3183 3145 3109
f 328 3145 3183
f 3185 328 3183
f 3187 3183 3109
f 3109 3108 3186
f 329 3146 3105
f 3107 3186 3108
f 3146 3186 3107
f 329 3105 3141
f 3187 3109 3186
f 329 3186 3146
f 3183 3187 3185
f 330 3157 336
f 330 336 3197
f 3188 3186 3197
f 3186 330 3197
f 3189 3188 3197
f 3160 329 3141
f 3158 3188 3189
f 3188 3158 3184
f 336 3157 3160
f 329 3160 3157
f 329 330 3186
f 329 3157 330
f 3187 3184 3158
f 3185 3187 3158
f 3184 3187 3186
f 3186 3188 3184
f 3197 3159 3189
f 3158 3189 3159
f 3185 3158 3194
f 3194 3158 3159
f 3194 3159 3191
f 3193 328 3194
f 3193 3209 3195
f 3208 3193 3196
f 3196 3193 3194
f 3198 3191 3192
f 3191 3198 3194
f 3190 3159 3197
f 3192 3190 3197
f 3201 336 3160
f 3192 3159 3190
f 3191 3159 3192
f 3197 336 331
f 336 3201 331
f 3201 3148 3203
f 3197 331 3192
f 3201 3203 3200
f 3161 3162 3149
f 436 3161 3204
f 3740 3205 436
f 3204 3161 3149
f 3204 3206 1597
f 3211 3206 3204
f 335 3196 3194
f 3194 3198 335
f 3192 331 3210
f 3198 3192 435
f 3201 3200 3210
f 3210 331 3201
f 3210 3200 3212
f 3214 3233 3220
f 3229 3233 3214
f 3212 3200 3217
f 3218 3212 3217
f 424 3221 337
f 3218 3224 3212
f 344 3229 3214
f 3214 3432 344
f 3214 3219 3432
f 3220 3219 3214
f 3219 3220 3216
f 3213 3216 3215
f 333 424 3216
f 424 333 3221
f 337 3221 333
f 3212 3224 435
f 333 3224 337
f 333 3213 3215
f 3213 333 3216
f 333 3215 3223
f 3223 3224 333
f 3223 3226 3224
f 3226 3223 3215
f 3226 345 3224
f 3224 345 435
f 3192 3210 435
f 3658 3211 3199
f 3199 3211 3204
f 3149 3199 3204
f 3212 435 3210
f 345 3227 335
f 3227 345 3226
f 3227 3226 335
f 345 335 435
f 3198 435 335
f 3225 335 3226
f 3225 3231 3208
f 3209 3193 3228
f 3228 3193 3231
f 3225 3208 3196
f 3225 3196 335
f 3193 3208 3231
f 334 338 3225
f 3225 3226 334
f 334 3226 3215
f 338 3231 3225
f 3233 3231 338
f 3233 334 3215
f 334 3233 338
f 3228 3231 3229
f 3220 3233 3215
f 3228 3229 344
f 3233 3229 3231
f 3230 3235 3234
f 3234 341 3232
f 3230 3234 3232
f 3232 349 3230
f 3209 3238 3195
f 3230 3254 3235
f 3254 3421 3235
f 3230 3269 3254
f 3267 349 3241
f 3241 349 3240
f 3232 3240 349
f 3243 3241 3240
f 3240 3232 3239
f 3232 3236 3239
f 3239 3302 3240
f 340 3239 3236
f 3246 423 3239
f 3246 3239 340
f 341 340 3236
f 3232 341 3236
f 342 340 341
f 341 343 342
f 3248 343 341
f 340 342 3246
f 342 3247 3246
f 3435 3247 342
f 3246 3249 423
f 3249 3246 3247
f 3435 3249 3247
f 3235 3421 3245
f 3234 3235 3245
f 339 344 3432
f 3228 339 3238
f 339 3228 344
f 339 3256 3238
f 3245 341 3234
f 3228 3238 3209
f 3207 3255 3238
f 3238 3256 3207
f 3258 3421 3254
f 3256 3255 3207
f 3254 389 3258
f 3260 3256 3257
f 3256 3260 3255
f 3165 389 346
f 3262 3261 3257
f 3258 3165 3422
f 3163 3173 3262
f 389 3165 3258
f 3259 3422 3165
f 3163 3262 3263
f 3257 3261 3260
f 347 3261 3173
f 3260 3261 347
f 3173 3261 3262
f 3265 3255 3264
f 3238 3265 3195
f 3238 3255 3265
f 347 3264 3255
f 347 3173 350
f 3255 3260 347
f 3264 347 350
f 3264 350 3265
f 389 3266 346
f 389 3254 3266
f 3244 3243 3242
f 3243 3240 3242
f 3243 3267 3241
f 3267 3253 3230
f 3267 3268 3270
f 3267 3230 349
f 3266 3254 3269
f 3230 3253 3269
f 3265 348 3195
f 348 3265 350
f 3167 3172 3166
f 3166 3172 3266
f 3269 3166 3266
f 3270 3274 3178
f 3178 3271 3270
f 3272 3271 3178
f 3179 3272 3178
f 3180 3272 3179
f 3180 3169 3272
f 3169 3166 3253
f 3269 3253 3166
f 3253 3272 3169
f 3268 3242 3270
f 3267 3270 3253
f 3270 3272 3253
f 3270 3271 3272
f 3243 3268 3267
f 3244 3268 3243
f 3242 3268 3244
f 3270 3242 3273
f 3368 3168 3273
f 3274 3273 3168
f 3274 3270 3273
f 3275 3277 3273
f 3242 3275 3273
f 3242 3277 3275
f 374 3277 3282
f 3242 3282 3277
f 3279 3329 3396
f 3282 3240 3302
f 3242 3240 3282
f 3292 3280 374
f 3402 3288 3285
f 3284 3279 3415
f 3288 3281 3287
f 3288 3289 3285
f 3415 3279 3401
f 3281 3288 3402
f 3281 3278 3292
f 3292 3278 3280
f 3281 3283 3287
f 3292 3283 3281
f 3297 3306 353
f 3294 3287 3283
f 3293 3294 3283
f 3294 3288 3287
f 3291 3294 3293
f 3294 3291 3296
f 3406 353 3298
f 3298 353 356
f 3291 3297 3296
f 3297 353 3406
f 3301 356 353
f 356 3301 393
f 3301 354 393
f 393 354 3299
f 3301 3304 354
f 393 3299 423
f 423 3299 3239
f 3299 3302 3239
f 354 3304 3302
f 3299 354 3302
f 3282 3302 3304
f 374 3282 3304
f 3301 3303 3304
f 3292 3304 3303
f 374 3304 3292
f 3303 3306 3292
f 3306 3293 3292
f 3283 3292 3293
f 3329 3279 3321
f 3321 3279 388
f 353 3306 3303
f 3301 353 3303
f 3297 3291 3306
f 3291 3293 3306
f 3310 362 3317
f 3309 3320 355
f 3309 362 3310
f 3308 362 3309
f 3308 3309 355
f 355 3321 3308
f 3317 358 3310
f 3310 3307 1890
f 1868 3311 3312
f 1890 3307 3322
f 361 1890 3322
f 3309 3310 1890
f 1499 3312 3311
f 3322 3307 3311
f 3307 1499 3311
f 1499 3307 3310
f 3312 1499 1868
f 1499 95 1868
f 1499 3310 358
f 95 1499 1867
f 3315 1499 358
f 1867 1499 1866
f 3314 1503 1499
f 3315 3314 3313
f 358 5 3316
f 358 3316 3315
f 3316 5 3497
f 3315 3316 3314
f 3319 5 3318
f 3314 360 1503
f 3504 360 3314
f 358 3318 5
f 358 359 3318
f 3319 362 3305
f 3321 3305 3308
f 3305 362 3308
f 3305 388 3409
f 3409 3319 3305
f 3319 3317 362
f 3318 3317 3319
f 3317 359 358
f 3318 359 3317
f 3313 1499 3315
f 1499 1503 1866
f 1499 3313 3314
f 1889 1884 188
f 188 3323 1889
f 188 1884 187
f 3320 1889 3324
f 3305 3321 388
f 1884 3322 3311
f 3320 3309 1890
f 1889 3320 1890
f 1890 361 3322
f 1889 1890 3322
f 1889 3322 1884
f 1889 3323 3324
f 355 3329 3321
f 3323 188 3326
f 187 3326 188
f 198 3334 2405
f 197 3325 3326
f 197 3326 187
f 3323 3326 3324
f 3331 3324 3326
f 3320 3324 355
f 355 3324 3331
f 3328 355 3331
f 3328 3329 355
f 3331 3326 3336
f 364 3328 3331
f 3329 3328 357
f 3331 3336 3327
f 3326 3325 3336
f 3325 197 2406
f 3327 364 3331
f 2406 3336 3325
f 365 3327 3336
f 365 364 3327
f 366 3333 3332
f 3333 364 352
f 3335 364 3353
f 3353 3363 3335
f 3335 3328 364
f 3363 357 3328
f 2405 3334 2406
f 2406 3334 3336
f 3336 3332 365
f 365 3332 352
f 352 364 365
f 3334 3332 3336
f 3333 352 3332
f 2404 3332 3334
f 198 2404 3334
f 3337 3363 3353
f 364 3333 3353
f 368 3353 3333
f 3332 2404 366
f 366 2404 367
f 368 366 3338
f 3333 366 368
f 3338 366 3342
f 3342 366 367
f 3342 367 3339
f 3341 3353 3338
f 368 3338 3353
f 2409 3341 3343
f 3338 3342 3341
f 3341 3340 196
f 3339 3341 3342
f 3339 367 3340
f 367 196 3340
f 3345 3341 196
f 3339 3340 3341
f 2411 3343 196
f 199 2411 369
f 369 2411 196
f 3344 196 3343
f 3343 2412 2409
f 2412 3343 2411
f 3343 3341 3345
f 196 367 369
f 3344 3345 196
f 3344 3343 3345
f 3349 3346 2412
f 3349 2412 3348
f 3346 3341 2409
f 3355 3347 3348
f 3347 3349 3348
f 2413 3355 3348
f 2409 2412 3346
f 3351 3341 3346
f 3337 3349 3350
f 3346 3349 3351
f 3353 3351 3337
f 3341 3351 3353
f 3349 3337 3351
f 3363 3337 3350
f 3349 3347 3350
f 3360 371 372
f 371 2463 372
f 372 2463 3358
f 3355 371 370
f 370 3347 3355
f 2413 371 3355
f 370 3350 3347
f 3350 370 371
f 371 2413 2463
f 2448 3117 3357
f 3117 3366 3357
f 3117 3118 3359
f 371 3360 3364
f 3277 3368 3273
f 3364 3360 3367
f 3367 3361 3364
f 3354 3361 357
f 3335 3363 3328
f 3363 3362 357
f 3362 3354 357
f 3354 3362 3363
f 3364 3350 371
f 3361 3354 3364
f 3350 3364 3363
f 3363 3364 3354
f 3358 3360 372
f 357 3365 3329
f 3361 3365 357
f 3361 3367 3365
f 3365 3367 3330
f 3360 3365 3367
f 3367 3365 3330
f 3120 3369 3359
f 377 3369 3368
f 3120 3368 3369
f 3369 3117 3359
f 3369 3366 3117
f 3369 377 3366
f 3368 3277 377
f 377 3370 3276
f 3370 377 3277
f 3370 3277 374
f 3392 373 3360
f 3366 377 3276
f 3374 3366 3276
f 3370 3374 3276
f 3371 3374 3370
f 3372 351 375
f 3281 381 3280
f 3278 3281 3280
f 3372 381 351
f 3280 381 3372
f 374 3280 3370
f 3371 3280 3372
f 3370 3280 3371
f 3373 3374 3371
f 3374 3378 3366
f 3366 3378 3375
f 3378 3374 3373
f 3378 3377 3375
f 3357 3366 3375
f 3357 3381 3379
f 2448 3357 3379
f 3379 3381 2464
f 3357 376 3381
f 3357 3375 376
f 376 3378 3373
f 3378 376 3377
f 3375 3377 376
f 2464 3381 2479
f 2479 3381 3356
f 378 2488 2471
f 3383 378 2489
f 2471 2489 378
f 3383 2489 2472
f 3381 3373 3356
f 3383 2472 3382
f 3381 376 3373
f 2472 3373 3382
f 3356 3373 2472
f 3373 3384 3382
f 3371 3372 3384
f 3373 3371 3384
f 3384 3372 375
f 3382 3384 3376
f 375 3376 3384
f 375 3385 3376
f 2490 3387 3386
f 3385 3400 3376
f 3386 3376 3400
f 3376 3386 3387
f 378 3383 3376
f 3376 3383 3382
f 2488 378 2482
f 2494 2482 378
f 378 3376 3387
f 3389 2494 378
f 3387 3389 378
f 3387 2490 3388
f 3388 3389 3387
f 2494 3389 2493
f 3390 380 2493
f 3390 2493 3389
f 3388 3390 3389
f 3388 380 3390
f 3392 2422 3352
f 3392 3360 3358
f 3391 3352 3388
f 3393 3392 3352
f 3394 3393 3352
f 373 3392 3393
f 3398 2490 3386
f 3352 3391 3394
f 3391 3388 2490
f 3402 3285 3286
f 3391 3397 382
f 2490 3398 3391
f 3399 3398 3400
f 3397 3391 3398
f 3386 3400 3398
f 351 3385 375
f 351 381 3400
f 351 3400 3385
f 373 3365 3360
f 382 3395 3394
f 3393 3395 373
f 3394 3395 3393
f 3391 382 3394
f 3396 3365 373
f 373 383 3396
f 3395 383 373
f 383 3395 3401
f 3329 3365 3396
f 3396 3401 3279
f 383 3401 3396
f 3402 3399 3281
f 3400 381 3281
f 3400 3281 3399
f 3399 3286 3398
f 3399 3402 3286
f 3285 386 3286
f 382 3397 3403
f 3398 3286 3397
f 3395 382 3401
f 3403 3415 382
f 3401 382 3415
f 3404 3409 388
f 3406 3298 3407
f 3406 384 3297
f 3406 3407 384
f 3405 3498 3409
f 3404 3405 3409
f 3405 3404 398
f 3410 3412 3295
f 3410 3295 384
f 384 3295 385
f 3297 384 3296
f 385 3296 384
f 385 3294 3296
f 385 3295 3294
f 3404 388 398
f 398 388 3279
f 3284 3413 3414
f 3284 3414 398
f 387 3417 3413
f 3284 398 3279
f 3415 3403 3284
f 3413 3284 3403
f 387 3413 3403
f 3286 386 3397
f 386 3403 3397
f 386 3285 3403
f 3417 3285 3290
f 3285 3417 387
f 3290 3413 3417
f 3290 3285 3289
f 387 3403 3285
f 3290 3419 3413
f 3418 3420 3412
f 3412 3420 3295
f 3419 3475 3413
f 3419 3418 3475
f 3475 3418 3412
f 3418 3419 3290
f 3290 3420 3418
f 3290 3294 3420
f 3290 3289 3294
f 3288 3294 3289
f 3420 3294 3295
f 3421 3251 3245
f 3421 3438 3423
f 3438 3421 3465
f 3432 392 339
f 3438 3465 3468
f 3427 3465 3421
f 3421 390 3427
f 390 3425 3427
f 3427 3425 3426
f 3425 3259 3237
f 3259 390 3422
f 3428 3426 3425
f 3421 3422 390
f 3259 3425 390
f 3421 3258 3422
f 3428 3263 3262
f 3259 3428 3237
f 326 3428 3259
f 326 3263 3428
f 3428 3425 3237
f 3257 3426 3262
f 3256 392 391
f 391 3257 3256
f 3429 3257 391
f 3426 3428 3262
f 3429 3426 3257
f 3429 391 3430
f 3430 391 392
f 3461 3429 3424
f 3431 3448 3430
f 3430 3252 3431
f 3430 392 3252
f 339 392 3256
f 392 3432 3252
f 3423 3251 3421
f 3433 3252 3432
f 3248 341 3245
f 3249 3300 3437
f 3298 356 3436
f 393 3436 356
f 3249 3437 423
f 3436 423 3437
f 3436 393 423
f 3423 3438 3251
f 3438 3468 3251
f 3482 3245 3251
f 3432 3434 3433
f 3433 3442 3431
f 3442 3433 3434
f 3433 3431 3252
f 3442 3443 3431
f 3446 3443 3442
f 3444 3446 3580
f 3444 3443 3446
f 3444 3449 3443
f 3444 3445 3449
f 3448 3431 3449
f 3449 3445 3448
f 3431 3443 3449
f 396 395 3447
f 3451 395 3454
f 396 3454 395
f 4281 3452 3459
f 534 3451 3454
f 3454 3456 3455
f 3455 3575 3454
f 3450 3456 3454
f 3444 419 3456
f 419 3455 3456
f 3450 3444 3456
f 3450 3454 396
f 395 3462 3447
f 396 3447 3457
f 396 3457 3450
f 3457 3447 3462
f 3444 3450 3457
f 3457 3445 3444
f 3445 3430 3448
f 3430 3424 3429
f 3430 3445 3424
f 3429 3461 3426
f 3445 3457 3424
f 3457 3462 3424
f 3467 3466 3427
f 3466 3465 3427
f 3467 3427 3461
f 3462 3467 3461
f 3461 3427 3426
f 3467 3465 3466
f 3459 3468 3467
f 3465 3467 3468
f 3439 3468 3459
f 3468 3439 3251
f 3461 3424 3462
f 3459 3467 3380
f 3462 3380 3467
f 395 3463 3462
f 3463 3458 3464
f 395 3458 3463
f 3451 3458 395
f 3464 3458 3463
f 3458 3380 3463
f 3463 3380 3462
f 3459 3380 4294
f 3412 3410 3473
f 3416 3414 3474
f 3414 3413 3475
f 3414 3475 3474
f 3473 3475 3412
f 3473 3470 3475
f 3474 3475 3470
f 3471 399 3470
f 399 3416 3470
f 3416 398 3414
f 3416 3474 3470
f 398 3416 400
f 3416 399 400
f 399 3478 400
f 404 400 3476
f 3479 3486 3476
f 3476 3486 404
f 400 3479 3476
f 3471 3478 399
f 3479 400 3478
f 405 3472 3410
f 3410 3472 3473
f 3405 398 406
f 3473 3480 3471
f 3473 3471 3470
f 3480 3473 403
f 398 400 406
f 403 3473 3472
f 3411 403 3472
f 400 404 406
f 3471 3480 402
f 402 403 3411
f 403 402 3480
f 3411 3472 3483
f 3472 405 3483
f 3478 3471 3484
f 3484 3471 3481
f 402 3411 3471
f 531 3484 3481
f 3484 3479 3478
f 3411 3481 3471
f 3479 3484 1182
f 1182 3484 531
f 3486 3479 1182
f 3486 1183 404
f 531 3481 4277
f 1183 3485 404
f 3481 3489 4277
f 3485 401 404
f 3485 3477 401
f 531 4277 4276
f 4251 3488 3521
f 3489 4251 4277
f 3481 3488 3489
f 3488 4251 3489
f 411 3519 3490
f 3488 3494 3491
f 3491 3521 3488
f 401 3518 404
f 404 3518 3493
f 3487 3411 3469
f 3469 3488 3487
f 3481 3487 3488
f 3483 3469 3411
f 3481 3411 3487
f 405 3496 3483
f 3469 3483 3496
f 3496 3494 3469
f 3488 3469 3494
f 3496 3495 3494
f 3405 406 3498
f 3495 3496 405
f 384 405 3410
f 3407 405 384
f 3409 407 3319
f 407 3409 3498
f 3499 3498 406
f 3497 407 3316
f 5 3319 407
f 3497 5 407
f 3502 407 3498
f 406 3493 3499
f 3501 3495 405
f 3493 3492 3499
f 3550 3490 3501
f 3495 3501 3491
f 3490 3519 3501
f 3495 3491 3494
f 404 3493 406
f 3502 3498 3499
f 3499 3492 3502
f 3316 3502 3492
f 1504 3510 3509
f 3316 3492 3503
f 3519 3491 3501
f 3493 3518 3492
f 3492 3500 3503
f 3316 3503 3504
f 3316 407 3502
f 3504 3314 3316
f 360 3504 3507
f 3506 3504 3505
f 3507 1504 360
f 1504 3507 3510
f 3507 3506 3510
f 3504 3506 3507
f 3503 3505 3504
f 3503 3525 3505
f 3525 3506 3505
f 3506 3525 3510
f 3510 3525 518
f 3508 3509 3510
f 3510 518 3508
f 409 3514 408
f 408 3514 1554
f 8418 3511 3514
f 8418 3514 3515
f 409 3512 3515
f 3515 3517 8422
f 3514 409 3515
f 410 3515 3512
f 518 3512 408
f 3509 3508 1554
f 518 408 3508
f 409 408 3512
f 1554 3508 408
f 3512 518 410
f 518 3525 410
f 3500 3525 3503
f 3528 3519 411
f 3519 3521 3491
f 3519 3528 4252
f 3518 401 3522
f 3523 3518 3522
f 3521 3519 528
f 528 3519 4252
f 3517 3515 410
f 410 3524 3517
f 3524 3523 3517
f 3518 3523 3525
f 3525 3524 410
f 3523 3524 3525
f 3492 3518 3500
f 3525 3500 3518
f 3529 514 3532
f 3532 4199 3529
f 3534 3529 4199
f 3529 3534 3527
f 3527 3534 3537
f 411 3534 3528
f 3531 3527 3535
f 3535 3527 3536
f 3527 3537 3536
f 3554 3576 3545
f 3578 3571 4126
f 3571 3543 4126
f 3554 3545 3560
f 3545 3546 3560
f 3548 3531 3535
f 4138 413 3545
f 4138 3526 3547
f 3547 413 4138
f 3548 3535 3547
f 3548 3526 3531
f 3548 3547 3526
f 3549 3546 413
f 3535 3539 3540
f 3535 3540 3547
f 413 3547 3540
f 3546 3549 3560
f 3546 3545 413
f 3549 413 498
f 413 3540 498
f 3557 3549 498
f 3540 3539 3541
f 498 3540 3541
f 3536 3539 3535
f 3537 3551 3536
f 3538 3537 3534
f 415 3538 3534
f 3551 3539 3536
f 3552 3541 3539
f 3552 3553 498
f 3541 3552 498
f 3549 3557 3560
f 394 498 3553
f 3553 3552 394
f 498 394 3555
f 498 3555 3556
f 3539 416 3552
f 3559 3551 415
f 415 3551 3537
f 411 3550 3534
f 3534 3550 415
f 3538 415 3537
f 498 3556 3557
f 3551 416 3539
f 3560 3557 3554
f 417 3555 3563
f 3440 417 3563
f 3251 3439 3482
f 3558 3552 416
f 3408 394 3558
f 3558 394 3552
f 3555 414 3440
f 414 3555 394
f 3550 3501 3559
f 415 3550 3559
f 3559 3501 3567
f 3567 3561 3559
f 418 3567 405
f 416 3408 3558
f 3561 3562 416
f 3408 416 3562
f 405 3407 418
f 394 3408 414
f 3555 3440 3563
f 3440 3564 417
f 414 3565 3440
f 414 3408 3250
f 3250 3564 3565
f 3564 342 343
f 1454 3250 3408
f 3564 3248 3245
f 3565 414 3250
f 3564 343 3248
f 3435 3250 1454
f 3435 342 3250
f 3564 3250 342
f 3435 1454 3249
f 1454 3408 3300
f 3249 1454 3300
f 3300 3408 3441
f 3566 3298 3436
f 3566 3407 3298
f 3437 3300 3441
f 3561 3437 3441
f 3561 3436 3437
f 3561 3566 3436
f 418 3407 3567
f 3567 3407 3566
f 3567 3566 3561
f 3561 3441 3408
f 3408 3562 3561
f 3564 3440 3565
f 3245 3482 3564
f 417 3564 3482
f 3482 3439 417
f 3459 3452 3439
f 3580 419 3444
f 3557 3573 3554
f 3439 3573 3569
f 3569 417 3439
f 3574 3555 417
f 3573 3568 3554
f 3573 417 3569
f 417 3573 3557
f 3556 3574 3557
f 3557 3574 417
f 3574 3556 3555
f 416 3551 3559
f 416 3559 3561
f 3501 405 3567
f 3439 3568 3573
f 3452 3568 3439
f 3455 3579 3575
f 411 3490 3550
f 3452 3577 3568
f 3554 3577 3576
f 3554 3568 3577
f 3581 3578 4126
f 3572 3571 3570
f 3578 3570 3571
f 3570 3580 3572
f 4132 3581 4126
f 3581 3579 3582
f 3581 3570 3578
f 3581 3582 3570
f 3580 3570 3582
f 3582 419 3580
f 3455 419 3582
f 3579 3455 3582
f 3599 3711 3816
f 421 3585 3584
f 3980 477 3588
f 477 3591 3588
f 3588 441 422
f 3589 3588 422
f 422 3596 3594
f 3594 3596 3604
f 442 3596 441
f 3588 3591 441
f 422 441 3596
f 3598 3595 3822
f 442 441 3593
f 3584 441 3591
f 3593 441 3584
f 3584 3591 421
f 3605 3599 3822
f 3601 3592 442
f 442 3593 3601
f 3584 3601 3593
f 3595 3603 3822
f 3604 3596 442
f 3822 3603 3605
f 3604 442 429
f 3603 425 3606
f 425 3607 3606
f 3606 3217 3603
f 3217 3606 3218
f 337 3224 3607
f 3607 3218 3606
f 3607 3224 3218
f 3220 3215 3216
f 3219 3617 3432
f 3446 3442 3434
f 3432 3617 3434
f 426 3216 424
f 337 3607 424
f 425 3609 3607
f 3608 424 3607
f 424 3608 3615
f 3609 3602 3608
f 3610 3603 3595
f 3603 3602 425
f 3603 3610 3602
f 425 3602 3609
f 3610 3608 3602
f 3434 3613 3446
f 3446 3613 3580
f 3629 3608 3610
f 3629 3614 3611
f 3611 3608 3629
f 3611 3615 3608
f 3608 3607 3609
f 3615 426 424
f 3612 3615 3222
f 3612 426 3615
f 3612 3216 426
f 3612 3219 3216
f 3616 3434 3617
f 3613 3434 3616
f 3612 427 3617
f 3613 3616 3617
f 3612 3617 3219
f 3572 3580 3613
f 3619 3618 3617
f 3613 3617 3618
f 3619 427 3222
f 3619 3617 427
f 3612 3222 427
f 3611 3222 3615
f 3619 3222 3614
f 3222 3611 3614
f 3619 428 3618
f 3623 3619 3614
f 3618 3572 3613
f 4075 428 3626
f 3626 428 3620
f 3622 3543 3571
f 3571 3572 3618
f 3571 3618 3622
f 3618 428 3622
f 3610 3597 3629
f 3598 3610 3595
f 3589 422 3594
f 3589 3981 3588
f 3589 3985 3981
f 3598 3597 3610
f 3598 3627 3597
f 3625 3626 3620
f 3623 3625 3620
f 3597 3627 3625
f 3625 3628 3597
f 3620 428 3623
f 3623 3628 3625
f 428 3619 3623
f 3628 3629 3597
f 3614 3629 3628
f 3628 3623 3614
f 3645 3632 3630
f 3594 3650 3630
f 3594 3630 3589
f 3630 3587 3589
f 3630 3632 3631
f 3594 3604 3650
f 3587 3630 3631
f 3632 3645 3631
f 3645 3640 3631
f 3646 3630 3651
f 430 3638 3641
f 3681 3637 3639
f 430 3641 3634
f 430 3653 3638
f 3637 3653 3639
f 3644 3641 3643
f 3643 3637 3583
f 3637 3643 3641
f 3640 458 3631
f 3643 458 3647
f 3653 3637 3638
f 3638 3637 3641
f 3634 3641 3644
f 3640 3645 458
f 3643 3647 3644
f 458 3645 3647
f 3634 3644 431
f 3647 3645 3630
f 3647 431 3644
f 3662 430 3634
f 3646 3647 3630
f 431 3647 3646
f 3651 3630 3650
f 3650 3604 429
f 3646 3651 437
f 3649 431 3646
f 3646 437 3649
f 3652 3651 3650
f 433 3651 3652
f 3651 433 437
f 3648 3659 3676
f 432 3639 3653
f 3649 3664 431
f 3648 3676 432
f 432 3656 3648
f 3654 3648 3656
f 3648 3654 3659
f 432 3662 3656
f 3657 3654 3656
f 437 438 3649
f 3664 3649 3660
f 3660 3649 3677
f 3650 429 3652
f 433 3652 437
f 431 3664 3634
f 3653 430 3662
f 3653 3662 432
f 3655 3662 3664
f 3634 3664 3662
f 3656 3662 3655
f 3639 432 3635
f 3635 432 3676
f 3655 3665 3657
f 3667 3654 3657
f 3667 3657 3665
f 3730 3664 3660
f 3666 3667 3665
f 3659 3658 3668
f 3199 3668 3658
f 3659 3663 3658
f 3659 3654 3671
f 3658 3669 3206
f 3658 3206 3211
f 3663 3669 3658
f 3659 3671 3663
f 3671 436 3663
f 436 3671 445
f 3666 3665 3673
f 3665 434 444
f 3654 3667 3674
f 3674 3671 3654
f 444 434 3730
f 3657 3656 3655
f 3665 444 3673
f 3674 3667 3666
f 3655 434 3665
f 3655 3664 434
f 3664 3730 434
f 3660 3661 3730
f 3661 3660 3677
f 3677 3649 438
f 437 3652 438
f 3652 429 438
f 438 3678 3677
f 3689 3661 3677
f 3678 3689 3677
f 442 3633 3680
f 3680 3633 3698
f 3680 429 442
f 3801 3583 3637
f 429 3698 438
f 3680 3698 429
f 3681 3801 3637
f 3668 3682 3676
f 3659 3668 3676
f 3682 3684 3676
f 3635 3681 3639
f 3676 3684 3635
f 3684 3682 3687
f 3635 3684 3688
f 3687 3681 3683
f 3681 3635 3683
f 3683 3635 3688
f 3684 3687 3683
f 3688 3684 3683
f 3690 439 3685
f 3681 3687 3686
f 440 439 3690
f 3701 3694 3696
f 3717 2971 3694
f 3696 3767 439
f 440 3693 439
f 3696 439 3693
f 3693 440 3696
f 3690 3697 440
f 440 3697 3675
f 3675 3689 3678
f 3675 3697 3689
f 3678 438 3698
f 3696 440 3701
f 3675 3701 440
f 3698 3675 3678
f 3698 3679 3675
f 3633 3679 3698
f 3675 3679 3701
f 3679 3700 3701
f 3808 3600 3584
f 442 3702 3633
f 442 3592 3702
f 3709 3703 3592
f 3592 3601 3709
f 459 456 3706
f 3706 3712 459
f 459 3712 3707
f 3584 3600 3601
f 3709 3601 3600
f 3706 3705 3712
f 3710 3709 3600
f 3808 3710 3600
f 3705 3706 3715
f 3703 3709 3710
f 3714 3705 3710
f 3710 3705 3703
f 3808 3714 3710
f 3599 3605 3711
f 3712 3714 3808
f 3712 3705 3714
f 3715 3703 3705
f 3715 3592 3703
f 3715 3702 3592
f 3605 3716 3711
f 3713 3716 3605
f 3706 3783 3715
f 3766 3716 3713
f 3783 443 3715
f 3783 3787 443
f 443 3717 3699
f 3787 3717 443
f 3699 3694 3701
f 3694 3699 3717
f 443 3699 3715
f 3701 3700 3699
f 3715 3699 3700
f 3719 3679 3700
f 3679 3633 3700
f 3633 3702 3700
f 3719 3700 3679
f 3702 3715 3700
f 3724 3721 3720
f 3720 3728 3727
f 3697 3690 3729
f 3728 3768 3727
f 3217 3713 3603
f 3768 3728 3691
f 3603 3713 3605
f 439 3728 3685
f 3728 439 3691
f 3661 3689 3730
f 3729 3689 3697
f 3729 3730 3689
f 3685 3729 3690
f 3731 3729 3685
f 3729 3731 3730
f 444 3730 3731
f 3203 3217 3200
f 3685 3728 3731
f 3203 3713 3217
f 3203 3150 3713
f 3758 3724 3720
f 3728 3732 3731
f 3721 3724 3732
f 3720 3721 3728
f 3728 3721 3732
f 3731 3732 444
f 3724 3733 3732
f 3722 3723 3758
f 3723 3733 3758
f 3758 3733 3724
f 3666 444 3732
f 3673 444 3666
f 3670 3671 3674
f 3670 445 3671
f 3723 3737 3733
f 3740 445 3670
f 445 3740 436
f 3205 3161 436
f 3161 3205 3162
f 3735 436 1597
f 3206 3669 3735
f 3734 3741 3154
f 436 3735 3663
f 3735 3669 3663
f 3735 1597 3206
f 3670 3674 3666
f 3670 3666 3726
f 3733 3726 3732
f 3666 3732 3726
f 3726 3733 3737
f 3737 3739 3726
f 3723 3722 3737
f 3736 3155 332
f 332 3155 3154
f 332 3154 3736
f 3162 3734 3154
f 3734 3162 3205
f 3205 3740 3741
f 3734 3205 3741
f 3736 3154 3741
f 3202 3741 3739
f 3670 3726 3739
f 3741 3740 3739
f 3670 3739 3740
f 3722 3748 3737
f 3737 3742 3202
f 3748 3742 3737
f 3202 3739 3737
f 3202 3738 3741
f 446 3738 3202
f 3741 3738 3744
f 3738 446 3744
f 3736 3744 3745
f 3155 3736 3745
f 3155 3745 3743
f 3744 3736 3741
f 3745 449 3744
f 3745 3744 449
f 447 448 446
f 3745 3744 446
f 447 446 3742
f 446 3202 3742
f 3751 3742 3748
f 447 3751 3750
f 447 3750 448
f 447 3742 3751
f 448 3752 451
f 3751 3752 3750
f 3750 3752 448
f 3747 3743 3745
f 3004 3005 3754
f 3747 3005 3743
f 3004 2998 3005
f 3155 3005 2998
f 3155 3743 3005
f 3005 3747 3754
f 3754 3753 2996
f 446 448 3753
f 446 3754 3747
f 446 3747 3745
f 446 3753 3754
f 3756 451 3752
f 2995 2996 451
f 3753 448 451
f 451 2996 3753
f 451 3756 2995
f 3756 3751 3755
f 3751 3756 3752
f 3722 3749 3748
f 3722 3758 3749
f 3720 3725 3758
f 3203 450 3150
f 3762 3150 2972
f 3756 457 2966
f 3756 2966 2968
f 2983 453 2972
f 452 3763 2963
f 2972 453 2980
f 2963 2970 452
f 3759 452 2966
f 3759 2966 457
f 452 3764 3763
f 3713 3150 3762
f 3767 3691 439
f 3761 457 3769
f 3727 3768 3761
f 3727 3761 3769
f 3725 3771 3769
f 3769 3771 3727
f 3720 3727 3771
f 3749 3758 3725
f 3771 3725 3720
f 3725 3757 3749
f 3769 3757 3725
f 3751 3748 3749
f 3749 3757 3751
f 3757 3755 3751
f 3757 457 3755
f 457 3756 3755
f 3769 457 3757
f 3759 457 3761
f 454 3772 2973
f 3779 3766 3713
f 3780 3782 3766
f 2972 2980 3779
f 3766 3779 3780
f 3713 3762 3779
f 3780 3779 2980
f 3762 2972 3779
f 2980 3777 3780
f 3772 3781 2979
f 3790 455 3781
f 3772 454 3781
f 455 3777 2979
f 3781 455 2979
f 3778 3782 3780
f 3778 3780 3777
f 3778 3777 455
f 3766 3708 3716
f 455 3782 3778
f 455 3790 3786
f 3782 455 3786
f 456 459 3707
f 3784 3766 3782
f 3711 3716 3708
f 3766 3784 3708
f 3785 3784 3707
f 3708 3784 3785
f 3784 456 3707
f 456 3783 3706
f 3782 456 3784
f 456 3782 3786
f 456 3704 3783
f 456 3786 3790
f 3787 3776 3775
f 3704 3787 3783
f 3787 3704 3776
f 3774 3776 454
f 3790 3704 456
f 3788 3704 3790
f 3776 3704 3788
f 454 3776 3789
f 3789 3788 454
f 3788 3789 3776
f 3781 454 3773
f 3773 454 3788
f 3788 3790 3781
f 3788 3781 3773
f 454 2973 3774
f 3791 2973 3792
f 3774 2973 3791
f 3763 3792 2981
f 2982 3763 2981
f 3793 3763 3797
f 3793 3792 3763
f 3791 3792 3793
f 3696 3694 3695
f 3791 3793 3794
f 3797 3794 3793
f 3797 3795 3794
f 3761 3691 3770
f 3767 3770 3691
f 3717 3718 2971
f 3787 3775 3717
f 3774 3775 3776
f 3775 3774 3791
f 3775 3718 3717
f 3775 3791 3718
f 3791 3796 3794
f 3796 3791 3794
f 2971 3791 3794
f 2971 3695 3694
f 3718 3791 2971
f 3695 2971 3794
f 3794 3795 3695
f 3691 3761 3768
f 3765 3767 3692
f 3696 3695 3692
f 3695 3797 3692
f 3760 3770 3767
f 3696 3692 3767
f 3770 3760 3761
f 3765 3764 3759
f 3795 3797 3695
f 3767 3765 3760
f 3760 3759 3761
f 3797 3764 3692
f 3692 3764 3765
f 3759 3760 3765
f 3759 3764 452
f 2963 3763 2982
f 3763 3764 3797
f 3746 3681 3686
f 3904 3805 3746
f 3805 3681 3746
f 3904 3746 3798
f 3799 3904 3798
f 3799 3798 3682
f 3682 3798 3746
f 3746 3686 3682
f 3800 480 3801
f 477 3585 3591
f 3586 3584 3585
f 421 3591 3585
f 3803 480 3802
f 3805 481 3802
f 3800 3801 3681
f 3805 3802 3681
f 3800 3802 480
f 3681 3802 3800
f 3805 3842 3902
f 3811 3712 3808
f 3808 3806 3811
f 3584 3586 3806
f 3808 3584 3806
f 3785 3707 3708
f 3823 3708 3707
f 3708 3823 3809
f 3712 3811 3810
f 3586 3812 3806
f 3810 3823 3707
f 3810 3707 3712
f 3812 478 3814
f 3585 478 3812
f 3812 3586 3585
f 3812 3814 3839
f 3839 3806 3812
f 3839 3811 3806
f 3810 3811 3813
f 3811 3839 3813
f 3822 3816 460
f 3820 3822 460
f 3820 3598 3822
f 3598 3820 3978
f 3809 3823 420
f 3809 3711 3708
f 3823 3810 420
f 3810 3813 420
f 3711 420 3815
f 3825 3816 3815
f 3711 3815 3816
f 3711 3809 420
f 3822 3599 3816
f 3819 460 3816
f 3821 3816 3826
f 3825 3826 3816
f 3821 3827 3830
f 3841 3827 3821
f 461 3825 3818
f 3843 461 3818
f 3821 3826 3841
f 3828 3827 3824
f 3827 3829 3830
f 3828 3829 3827
f 3821 3819 3816
f 3821 3830 3829
f 3829 464 3821
f 3819 3821 465
f 3819 465 3817
f 3819 3817 460
f 3817 3624 460
f 3832 3624 3817
f 3833 3834 3831
f 3829 3828 3844
f 3834 3839 3804
f 3839 3836 3813
f 3839 3814 3804
f 3836 3839 3834
f 3804 3814 3837
f 3834 3843 3818
f 3834 3818 3836
f 3818 3815 420
f 3825 3815 3818
f 420 3836 3818
f 420 3813 3836
f 3827 3841 3840
f 3840 3841 3826
f 3825 3840 3826
f 3807 3840 461
f 3840 3825 461
f 3840 3824 3827
f 3807 3824 3840
f 3824 3807 3828
f 3843 3807 461
f 3828 3807 3843
f 3862 3860 3863
f 3843 3834 3846
f 3834 3833 3846
f 3902 3842 3848
f 3848 3842 3868
f 3868 469 3848
f 3833 3964 3846
f 3846 3853 3843
f 3963 3853 3846
f 3851 3853 3963
f 3856 3832 3817
f 465 3856 3817
f 464 3844 465
f 465 3821 464
f 464 3829 3844
f 3855 465 3859
f 465 3855 3857
f 3843 3844 3828
f 3844 3859 465
f 3859 3843 3858
f 3853 3858 3843
f 3859 3844 3843
f 3857 3856 465
f 3858 3853 3852
f 3854 3859 3858
f 3855 3859 3854
f 3855 3854 3860
f 3854 3858 3860
f 3861 4809 613
f 3857 3855 3862
f 3855 3860 3862
f 3863 626 3862
f 3863 463 626
f 3863 3860 3858
f 3864 3862 626
f 3861 617 4809
f 626 617 3861
f 3861 3864 626
f 626 463 617
f 613 3864 3861
f 612 617 463
f 3857 3862 3864
f 3852 3863 3858
f 463 3863 3865
f 3866 463 3865
f 472 3865 3863
f 463 3867 612
f 3867 463 3866
f 3867 3866 4715
f 472 3852 3853
f 3852 472 3863
f 3874 3845 3873
f 3873 468 3872
f 3873 3872 3870
f 3870 3872 3875
f 3870 3875 4833
f 3881 3882 5104
f 3879 3881 3877
f 3877 3881 5104
f 3884 3882 3881
f 3885 4846 3880
f 3885 670 4846
f 3880 3886 3885
f 3888 3887 3885
f 3881 3879 3894
f 3894 3880 3881
f 4846 3884 3881
f 3880 4846 3881
f 3894 3890 3888
f 3886 3888 3885
f 3895 3891 3912
f 3888 3886 3894
f 3886 3880 3894
f 3894 3895 3890
f 3894 3879 3895
f 3877 3878 3879
f 3896 3895 3879
f 3896 3891 3895
f 3893 3912 3891
f 3845 3892 3873
f 3899 3892 3871
f 3901 3799 3915
f 3893 467 3898
f 3896 3892 3891
f 3891 3892 3900
f 3900 467 3893
f 3900 3893 3891
f 3900 3899 467
f 3892 3899 3900
f 3845 3871 3892
f 3842 3871 3868
f 3868 3871 3845
f 3915 3911 3901
f 3805 3871 3842
f 3805 3902 481
f 3899 3871 3805
f 3904 3899 3805
f 3899 3904 467
f 3898 467 3893
f 3906 3904 3903
f 3889 3906 3907
f 3906 467 3904
f 3906 3889 467
f 3907 3906 3903
f 3889 3901 467
f 3904 3799 3903
f 3799 3907 3903
f 3799 3901 3889
f 3686 3687 3682
f 3907 3799 3889
f 3893 467 3912
f 3901 3912 467
f 3901 3911 3912
f 3910 3912 3911
f 3890 3910 3916
f 3890 3921 3897
f 3890 3916 3921
f 3911 3915 3921
f 3910 3911 3916
f 3911 3921 3916
f 3915 3905 3924
f 3905 3915 3799
f 466 3876 3887
f 3919 3924 3905
f 3905 3799 3908
f 3905 3908 3919
f 3682 3908 3799
f 3919 3923 3924
f 3890 3887 3888
f 3919 3876 466
f 3923 3919 466
f 3922 3885 3887
f 3890 3897 3887
f 466 3887 3897
f 3897 3923 466
f 3887 3876 3922
f 3914 3923 3897
f 3924 3914 3921
f 3878 3877 3875
f 3875 3877 4833
f 8888 4908 8846
f 468 3875 3872
f 3915 3924 3921
f 3910 3895 3920
f 3890 3895 3910
f 3920 3912 3910
f 3895 3912 3920
f 3924 3923 3914
f 3914 3897 3921
f 3892 3896 3879
f 3892 3879 468
f 3879 3878 468
f 3878 3875 468
f 3873 3892 468
f 4825 3919 3908
f 3868 3845 3847
f 3849 3909 3869
f 3909 3849 3847
f 469 3868 3847
f 469 3847 3849
f 3849 3869 462
f 3848 469 3931
f 3928 462 3869
f 3929 462 3928
f 3928 3869 3943
f 3931 462 470
f 462 3931 3849
f 470 471 3931
f 3848 3931 3902
f 3931 473 3902
f 3931 471 473
f 470 3932 471
f 3932 473 471
f 3933 3963 3964
f 3941 3932 470
f 8 3934 3936
f 3933 3938 3936
f 470 4013 3941
f 3941 3927 3942
f 462 3930 4013
f 3930 462 3929
f 462 4013 470
f 3927 4013 3930
f 3930 3929 4014
f 3943 3929 3928
f 3869 3909 3943
f 3909 4015 3943
f 3950 3947 3954
f 3951 3956 3950
f 3948 3951 3950
f 3950 3954 3948
f 3954 3947 3949
f 3866 3954 4715
f 474 3954 3866
f 3954 3949 4715
f 3948 3954 474
f 3947 607 3949
f 3864 4663 4681
f 3865 474 3866
f 3959 3958 3832
f 3624 3958 494
f 3955 3959 3832
f 3864 3955 3857
f 4019 3955 4681
f 4681 3955 3864
f 3856 3955 3832
f 3857 3955 3856
f 472 3851 3961
f 472 3853 3851
f 3961 3865 472
f 3961 474 3865
f 3961 3962 474
f 474 3962 3948
f 3948 3962 3951
f 3961 3850 3962
f 3961 3952 3850
f 3952 3963 3933
f 3961 3963 3952
f 3846 3964 3963
f 3963 3961 3851
f 3952 3933 3935
f 3935 3966 3952
f 3966 3850 3952
f 3935 3936 3957
f 3966 3935 3957
f 3850 3968 3965
f 3936 3935 3933
f 3970 3850 3966
f 3965 3962 3850
f 3951 3962 3965
f 3951 3967 3956
f 3968 3951 3965
f 3951 3968 3967
f 3957 3970 3966
f 3968 3970 3945
f 3968 3850 3970
f 3934 8 490
f 3988 4008 3971
f 3971 486 3988
f 3979 3971 4008
f 3804 3979 476
f 3979 3973 476
f 3973 3979 4008
f 3835 3831 476
f 3937 3936 3938
f 3933 3937 3938
f 3831 3804 476
f 3831 3835 3937
f 3937 3964 3831
f 3831 3964 3833
f 3933 3964 3937
f 3832 3958 3624
f 494 3975 3624
f 476 3973 3835
f 490 8 3936
f 490 3936 3937
f 3835 3973 3974
f 3937 3835 490
f 3835 3974 490
f 4065 3978 488
f 3624 3975 488
f 3978 3624 488
f 3820 3624 3978
f 3820 460 3624
f 3834 3804 3831
f 3804 3837 3979
f 3837 3814 475
f 478 475 3814
f 3837 3838 3979
f 3971 3979 3838
f 3838 475 7
f 3837 475 3838
f 3972 7 475
f 3972 475 478
f 3585 3972 478
f 3972 3585 477
f 3982 486 3971
f 3971 3838 7
f 477 3984 3972
f 3972 3984 7
f 3984 3971 7
f 3980 3984 477
f 3981 3980 3588
f 3589 3587 3985
f 3590 3587 3991
f 3940 4009 3988
f 3990 479 4002
f 479 3941 3987
f 3988 484 3987
f 3987 3940 3988
f 3587 3590 3985
f 3992 3991 3986
f 3992 3986 3999
f 3986 3991 3587
f 3986 3587 3631
f 3631 3993 3986
f 495 3991 3992
f 483 480 3803
f 480 4000 3636
f 4000 3993 3636
f 458 3636 3631
f 3631 3636 3993
f 3636 3994 480
f 3989 483 3803
f 3583 3801 480
f 3583 3994 3643
f 3583 480 3994
f 481 3803 3802
f 3803 481 3642
f 3913 3642 481
f 3939 3642 3913
f 481 3902 3913
f 3996 3902 473
f 3913 3902 3996
f 3932 3941 3998
f 3642 3939 3803
f 3939 3989 3803
f 3989 479 3990
f 3913 3995 3939
f 479 482 3941
f 482 3998 3941
f 3998 473 3932
f 482 3939 3997
f 3989 3939 479
f 479 3939 482
f 3996 473 3998
f 3996 3995 3913
f 482 3997 3998
f 3939 3995 3997
f 3996 3998 3995
f 3995 3998 3997
f 483 4000 480
f 4000 483 3999
f 3990 483 3989
f 4002 483 3990
f 3999 483 4002
f 3993 4000 3999
f 3986 3993 3999
f 3994 3636 458
f 3672 8888 2744
f 458 3643 3994
f 4003 3987 484
f 4001 484 3988
f 3590 3991 495
f 479 3987 4002
f 3987 4003 4002
f 486 4004 3988
f 495 3992 4002
f 3992 3999 4002
f 495 4002 485
f 3981 4006 3980
f 484 4004 4003
f 4004 486 3982
f 4004 484 4001
f 3988 4004 4001
f 4006 495 485
f 3590 3981 3985
f 3974 4008 490
f 3973 4008 3974
f 3590 495 4006
f 8846 4908 1405
f 3627 3598 3978
f 488 3975 4065
f 4006 3984 3980
f 3984 3982 3971
f 3984 3983 3982
f 4008 4007 490
f 494 3976 3975
f 3976 4065 3975
f 4007 3934 490
f 3936 489 3957
f 3970 3957 3969
f 3959 4040 3958
f 3958 4040 3976
f 3958 3976 494
f 4056 4055 3959
f 485 4002 4003
f 3942 3987 3941
f 3988 4009 4008
f 3940 3987 3942
f 4009 3940 4010
f 3940 3942 4010
f 4012 4010 3942
f 3927 4012 3942
f 3930 4012 3927
f 3941 4013 3927
f 3930 4018 4012
f 4014 3943 4027
f 3943 4014 3929
f 3945 3970 3946
f 3945 3967 3968
f 3944 3967 3945
f 597 4019 4681
f 4716 3947 3950
f 606 4031 4032
f 3926 4043 491
f 4044 3943 4015
f 3943 4044 4027
f 4017 4043 4016
f 4011 4010 4037
f 491 4043 4027
f 4044 491 4027
f 4023 606 4712
f 4026 4031 4023
f 4042 4031 4026
f 4031 606 4023
f 3950 3956 4716
f 597 4681 4022
f 489 3969 3957
f 4042 4030 4031
f 4023 4042 4026
f 3945 3946 3944
f 3959 493 4019
f 4019 493 3955
f 4041 4042 3946
f 3970 3969 3946
f 3969 4033 4038
f 4035 4036 4016
f 4010 4012 487
f 492 4035 4016
f 4010 487 4035
f 4010 4035 4039
f 4036 4035 4018
f 4018 4035 487
f 4014 4018 3930
f 4018 487 4012
f 4036 4018 4017
f 4036 4017 4016
f 4027 4018 4014
f 492 4039 4035
f 4028 4031 4029
f 492 4030 4042
f 4038 492 4020
f 4010 4039 4037
f 492 4038 4039
f 4037 4039 4038
f 3946 4038 4020
f 4038 4033 4037
f 3946 3969 4038
f 4033 4057 4037
f 4046 4019 597
f 4041 4020 492
f 3946 4020 4041
f 4041 492 4042
f 4028 492 4016
f 4031 4028 4043
f 4024 4716 3956
f 3944 3956 3967
f 3956 3944 4042
f 4042 3944 3946
f 4024 4023 4716
f 4042 4024 3956
f 4023 4024 4042
f 4043 4032 4031
f 4032 4025 4717
f 4032 4717 606
f 4018 4027 4017
f 4017 4016 4045
f 4045 4016 4017
f 4028 4029 492
f 4043 4028 4016
f 4029 4031 4030
f 4043 4017 4027
f 4030 492 4029
f 4043 3926 4025
f 4032 4043 4025
f 4022 4046 597
f 4047 4048 4046
f 4046 4048 4019
f 4048 4054 4019
f 4054 4049 4052
f 4068 4052 4049
f 4048 4049 4054
f 4054 4056 4019
f 4056 4054 4052
f 4056 4052 4053
f 4056 3959 4019
f 3934 4007 4060
f 4033 4060 4057
f 489 4060 4033
f 4056 4053 4055
f 3976 499 4065
f 3983 485 4004
f 3590 4006 3981
f 4006 3983 3984
f 3983 4006 485
f 3627 3978 4065
f 3982 3983 4004
f 4004 485 4003
f 4009 4059 4008
f 4010 4011 4009
f 4011 4059 4009
f 4037 4057 4011
f 4059 4011 4057
f 4007 4008 4059
f 4060 4007 4005
f 4055 4040 3959
f 4060 489 3934
f 4005 4007 4059
f 4057 4060 4059
f 4005 4059 4060
f 3934 489 3936
f 3969 489 4033
f 3976 4040 4055
f 499 3976 4055
f 499 4055 4063
f 4065 3626 3627
f 3627 3626 3625
f 3626 4064 4075
f 4065 4064 3626
f 4062 4065 499
f 4064 4065 4058
f 4062 4064 4058
f 4062 4058 4065
f 4066 4067 4064
f 4064 4062 4066
f 499 4063 4066
f 4061 4066 4063
f 4062 499 4066
f 4055 4101 4063
f 4101 4055 4053
f 4063 4101 4061
f 4053 4052 4101
f 4061 4101 4085
f 428 4075 4128
f 500 3621 4069
f 3621 4073 4069
f 4069 4064 500
f 4073 4070 4069
f 4069 4070 4064
f 4070 4073 4079
f 428 4128 3622
f 4075 4064 4070
f 4128 4075 4070
f 4071 4079 4073
f 4066 4061 4067
f 4085 500 4067
f 4064 4067 500
f 500 4073 3621
f 4085 4082 500
f 8888 4907 4906
f 4073 4081 4071
f 501 4072 4083
f 4081 4073 4072
f 4072 4073 500
f 4071 4081 4080
f 500 4082 4072
f 4078 4083 4082
f 4082 4083 4072
f 4082 4085 496
f 8888 3672 4907
f 4061 4085 4067
f 4049 4050 4097
f 4049 4097 4068
f 4052 4068 4101
f 4050 4048 4088
f 4091 4087 4084
f 4087 4091 4092
f 4093 4092 4091
f 4046 4022 4098
f 4110 4093 4089
f 4089 4093 4091
f 4110 4106 4093
f 4110 4089 4094
f 4099 4089 4091
f 4088 4048 4047
f 4091 4051 4099
f 4091 4097 4051
f 4097 4050 4051
f 4084 4097 4091
f 4084 4068 4097
f 4049 4048 4050
f 4051 4050 4088
f 4102 4085 4101
f 4102 4101 4068
f 4085 4103 496
f 4102 4103 4085
f 4082 496 4086
f 4084 4092 4100
f 4068 4100 4103
f 4084 4100 4068
f 496 4103 4086
f 4092 4084 4087
f 4093 502 4092
f 4100 4092 502
f 4086 4103 4100
f 4078 4082 4086
f 497 502 4106
f 502 4093 4106
f 4106 4090 497
f 4106 4110 4095
f 538 4106 4095
f 4106 4104 4090
f 497 4090 502
f 4090 4100 502
f 4103 4102 4068
f 4088 4099 4051
f 4099 4096 4089
f 4088 4096 4099
f 4098 4047 4046
f 4108 4088 4047
f 4108 4047 4098
f 4108 4096 4088
f 4683 4096 4108
f 1415 4907 3672
f 4683 598 4096
f 4096 4111 4089
f 4111 4094 4089
f 4116 4114 4113
f 4113 4114 4112
f 3960 4111 4096
f 4113 4112 4341
f 4683 4108 4022
f 3960 4096 598
f 4111 3960 4094
f 4022 4108 4098
f 4115 4112 4094
f 4094 3960 4115
f 4114 4094 4112
f 4094 4114 4116
f 4110 4116 4095
f 4104 4106 538
f 4120 538 4095
f 4094 4116 4110
f 4116 4120 4095
f 4119 4105 4104
f 4119 4104 538
f 4119 538 4327
f 4120 4116 4117
f 538 4120 4327
f 4120 4117 4118
f 4323 4326 4119
f 4123 4119 4326
f 501 4123 4121
f 4119 4123 4125
f 4123 501 504
f 4119 4125 4105
f 504 503 4123
f 4123 503 4125
f 4083 4078 504
f 4121 4129 501
f 4121 4122 4129
f 4083 504 501
f 4107 4105 4078
f 4086 4100 4078
f 4107 4100 4090
f 4100 4107 4078
f 503 4078 4125
f 4104 4105 4107
f 4078 4105 4125
f 4090 4104 4107
f 503 504 4078
f 4079 4128 4076
f 4080 4127 505
f 4070 4079 4076
f 4070 4076 4128
f 4128 505 4127
f 4080 505 4071
f 505 4128 4071
f 4079 4071 4128
f 3622 4127 4074
f 4127 3622 4128
f 501 4129 4072
f 4072 4129 4081
f 4129 4080 4081
f 3543 3622 4074
f 3544 4127 4080
f 4129 3544 4080
f 4131 4074 4127
f 4127 3544 4131
f 3543 4074 4131
f 3544 4126 3543
f 4131 3544 3543
f 4132 4130 3581
f 4129 4132 3544
f 4129 4130 4132
f 3544 4132 4126
f 4134 4130 3542
f 4310 4134 3542
f 3581 4130 4134
f 4122 3977 4130
f 4122 4130 4129
f 4130 3977 4133
f 3542 4130 4133
f 4133 4122 4121
f 3977 4122 4133
f 4134 3579 3581
f 3575 3579 4310
f 4310 3579 4134
f 3526 4138 4136
f 4138 4137 4136
f 4139 4135 4140
f 4139 4144 4141
f 4144 4142 4141
f 3527 3531 514
f 3527 514 3529
f 4243 4199 3532
f 514 4141 3533
f 3526 4136 4139
f 4139 3531 3526
f 4139 4141 3531
f 4141 514 3531
f 3533 4141 4142
f 3533 4143 3532
f 4143 4243 3532
f 4142 506 3533
f 3533 506 4143
f 506 4146 4143
f 4135 4136 4137
f 4144 4139 4148
f 4139 4140 4148
f 4146 506 4189
f 513 4137 4150
f 4150 4137 4151
f 4154 4182 4149
f 4152 4149 4150
f 4135 4137 513
f 4319 4149 4152
f 4311 4312 4137
f 4151 4137 4255
f 4151 4255 4150
f 507 4321 4171
f 4388 4171 4321
f 524 4588 4158
f 4162 4368 4163
f 4153 4164 4163
f 4153 4163 4165
f 4368 4165 4163
f 524 4158 4159
f 4234 4166 4158
f 4159 4158 4165
f 4158 4166 4165
f 4175 507 4171
f 4157 4164 4171
f 4164 4157 4171
f 4388 4164 4171
f 507 4154 4155
f 4164 4175 4171
f 507 511 4156
f 4156 4154 507
f 507 4175 511
f 509 517 4173
f 4174 4192 517
f 509 4168 4174
f 517 509 4174
f 4177 4168 4178
f 4177 4215 4168
f 4215 4177 4166
f 4166 4177 4165
f 4179 4165 4177
f 4153 4165 4179
f 4164 4170 4175
f 4164 4179 4170
f 1415 4898 4907
f 4164 4153 4179
f 4177 4178 4179
f 4168 509 4178
f 4178 509 4170
f 4174 4168 4214
f 4908 8888 4906
f 517 529 510
f 509 4173 4167
f 509 4167 4170
f 4178 4170 4179
f 508 4181 4170
f 4170 4173 508
f 4175 4170 4181
f 4170 4167 4173
f 508 4172 4181
f 508 4173 4172
f 4175 4181 4172
f 511 4172 4156
f 4172 511 4175
f 4173 4183 4172
f 4182 4154 4156
f 4173 516 4183
f 4182 4172 4183
f 4183 516 4182
f 512 4144 4148
f 4140 513 4185
f 512 4189 4144
f 4136 4135 4139
f 4135 513 4140
f 4185 4148 4140
f 513 4148 4185
f 4149 513 4150
f 4182 4184 4149
f 412 4184 4182
f 513 4149 412
f 4182 516 412
f 412 4149 4184
f 4147 4148 412
f 4172 4182 4156
f 4180 512 4147
f 4147 412 516
f 513 412 4148
f 512 4148 4147
f 515 4180 4176
f 4176 4186 515
f 4186 4194 4146
f 515 4186 4187
f 4144 506 4142
f 3533 3532 514
f 4144 4189 506
f 4187 4186 4146
f 4187 4146 4188
f 4186 4191 4194
f 515 4189 512
f 4187 4146 4189
f 4188 4146 4187
f 4189 515 4187
f 4180 515 512
f 4186 4176 4191
f 516 4173 4190
f 4147 516 4180
f 4180 4190 4176
f 4180 516 4190
f 510 4190 517
f 4190 4173 517
f 529 4191 4190
f 4191 4176 4190
f 510 529 4190
f 517 4192 4145
f 4145 529 517
f 4145 4192 529
f 4192 4193 529
f 4192 4213 4193
f 529 4193 4191
f 4193 4202 4197
f 4207 4202 4193
f 4197 4194 4193
f 4191 4193 4194
f 4146 4196 4245
f 4195 3520 3530
f 4194 4196 4146
f 4244 4196 4197
f 4196 4194 4197
f 4213 4200 4193
f 4200 4201 4193
f 4197 4240 4244
f 4205 519 4203
f 4197 4202 4240
f 4204 519 4207
f 4205 4203 4238
f 4201 4203 4204
f 4204 4207 4201
f 4201 4207 4193
f 4203 4201 4200
f 4213 4212 4200
f 521 4203 4169
f 4200 4169 4203
f 4224 4226 521
f 521 4226 4238
f 4200 4212 4169
f 4198 4192 4214
f 4198 4213 4192
f 522 4212 4211
f 522 4211 4217
f 4166 4234 4215
f 4234 4220 4215
f 4214 4168 4220
f 4222 4211 526
f 4221 4220 526
f 4234 526 4220
f 4168 4215 4220
f 4222 526 4217
f 526 4234 4217
f 4212 4223 4211
f 4221 526 4223
f 4212 522 4169
f 4211 4223 526
f 4214 4220 4221
f 4212 4221 4223
f 4214 4192 4174
f 4221 4198 4214
f 4213 4198 4212
f 4198 4221 4212
f 4224 522 4227
f 522 4224 4169
f 4226 4224 525
f 4224 4227 525
f 4218 4226 525
f 521 4169 4224
f 522 4217 4227
f 4230 525 4227
f 4238 4218 520
f 4217 4211 4222
f 4217 4229 4227
f 4229 4234 4228
f 4234 4158 547
f 4230 4227 4229
f 4234 547 4216
f 547 4158 4588
f 4228 4232 4231
f 4228 4216 4232
f 4216 4228 4234
f 4231 4229 4228
f 4229 4217 4234
f 4230 4389 525
f 4218 525 4225
f 4218 4225 544
f 4390 525 4389
f 4225 525 544
f 1415 9002 4077
f 4208 4205 4237
f 4034 9002 1415
f 4235 520 4218
f 4210 4237 4256
f 4205 4208 4206
f 519 4205 4206
f 4207 519 4240
f 4240 4202 4207
f 4206 4240 519
f 4149 4319 4257
f 4203 521 4238
f 4206 4208 4210
f 4204 4203 519
f 4218 4238 4226
f 4241 4256 4237
f 4226 4242 4238
f 520 4239 4238
f 4238 4242 4226
f 520 4237 4205
f 520 4205 4238
f 4238 4239 520
f 4210 4208 4237
f 3520 4195 4244
f 3528 3534 4199
f 3530 3520 3528
f 4243 4143 3530
f 3530 4245 4195
f 4195 4245 4244
f 4196 4244 4245
f 4245 3530 4143
f 4243 3530 4199
f 4143 4146 4245
f 3528 4199 3530
f 4249 4244 4240
f 4252 4246 3520
f 3520 4246 3528
f 4252 3528 4246
f 4206 4210 4248
f 4247 528 4250
f 4247 4250 4248
f 4250 4252 4249
f 528 4252 4250
f 3520 4244 4249
f 4250 4249 4248
f 4248 4249 4206
f 4206 4249 4240
f 4210 1186 4248
f 4248 1186 4247
f 3520 4249 4252
f 4247 3521 528
f 4247 4251 3521
f 4137 4138 4311
f 4312 4255 4137
f 527 4254 4210
f 4210 530 527
f 4254 1186 4210
f 4255 4152 4150
f 4255 4312 4152
f 4152 4312 4319
f 520 4241 4237
f 530 4210 4256
f 4235 4241 520
f 4241 4235 4256
f 4260 530 4256
f 530 4260 4263
f 4259 4260 4265
f 4262 4265 532
f 4261 4256 4235
f 4260 4261 532
f 4261 4235 532
f 544 532 4235
f 4260 4256 4261
f 4247 4253 4251
f 4251 1186 4279
f 4254 4279 1186
f 4253 4247 1186
f 4253 1186 4251
f 527 530 4254
f 4263 4269 4270
f 4263 4236 4269
f 4262 1179 4265
f 1179 4262 1166
f 1166 4264 1179
f 1179 4269 4236
f 4265 1179 4236
f 1184 4269 1179
f 4264 7759 1179
f 4270 4273 4272
f 1182 4270 4272
f 531 4276 1182
f 4268 4276 4277
f 4276 4270 1182
f 4270 4267 4263
f 4276 4267 4270
f 4267 4276 4280
f 4280 4276 4268
f 4259 4236 4263
f 4260 532 4265
f 4259 4265 4236
f 4259 4263 4260
f 4263 4267 530
f 4266 530 4267
f 530 4266 4279
f 530 4279 4254
f 4278 4267 4280
f 4278 4280 4279
f 4267 4278 4266
f 4266 4278 4279
f 4279 4277 4251
f 4280 4268 4277
f 4277 4279 4280
f 4296 4281 3459
f 3459 4294 4296
f 4315 4295 535
f 535 4314 4305
f 533 4315 535
f 4271 4315 533
f 4271 533 4317
f 4287 4289 4302
f 4301 4317 533
f 4284 533 4305
f 4289 533 4284
f 533 4289 536
f 536 4301 533
f 4284 4305 4302
f 535 4305 533
f 4284 4302 4289
f 4365 4289 4287
f 4289 4365 4291
f 4296 4295 4281
f 4281 4295 4315
f 4295 4282 535
f 3458 3451 3460
f 4282 4295 4296
f 4296 4294 4282
f 4300 3458 3460
f 3380 3458 4294
f 4297 3460 3451
f 4300 4282 4294
f 4300 4294 3458
f 534 4297 3451
f 4300 4299 4282
f 4282 4298 535
f 3460 4297 4300
f 4297 4299 4300
f 4290 4302 4305
f 4314 4292 4290
f 4287 4302 4290
f 4288 4287 4290
f 4307 4288 4290
f 4303 4307 4290
f 4303 4304 4306
f 4290 4292 4303
f 4304 4303 4306
f 4303 4306 4350
f 4285 4306 4303
f 4292 4299 4308
f 4292 4285 4303
f 4305 4314 4290
f 4299 4292 4314
f 4292 4308 4285
f 4308 4299 4297
f 4282 4299 4298
f 534 3454 3575
f 4297 534 4308
f 3453 4309 4308
f 4309 4133 4318
f 3575 4310 534
f 4285 4308 4309
f 4318 4133 4121
f 3542 4133 4309
f 3453 3542 4309
f 4310 3542 534
f 3542 3453 534
f 3545 4311 4138
f 4311 3577 4281
f 3577 4311 3576
f 3545 3576 4311
f 3577 3452 4281
f 4308 534 3453
f 535 4298 4314
f 4312 4311 4281
f 4299 4314 4298
f 4312 4281 4315
f 4316 4312 4283
f 4283 4312 4315
f 4315 4271 4283
f 4283 4317 4320
f 4283 4271 4317
f 4285 4309 4318
f 4288 4307 4293
f 4303 4350 4307
f 4320 4317 4301
f 4257 4319 4320
f 4313 4319 4312
f 4257 4320 4286
f 4319 4316 4320
f 4313 4316 4319
f 4312 4316 4313
f 4320 4301 4286
f 4320 4316 4283
f 4124 4318 4121
f 4124 4121 4123
f 4124 4123 4318
f 4326 4318 4123
f 4318 4306 4285
f 4350 4318 4349
f 4306 4318 4350
f 4318 4326 4349
f 4119 4327 4323
f 4349 4326 4323
f 4120 539 4325
f 4325 4327 4120
f 4323 4325 4332
f 4323 4332 4349
f 4327 4325 4323
f 4324 4332 4325
f 4334 4337 540
f 4324 4335 4331
f 4344 4337 4334
f 4340 4117 4116
f 4325 4339 4324
f 4335 4334 540
f 4331 4335 540
f 4325 4340 4339
f 4118 4117 4340
f 4113 4340 4116
f 539 4340 4325
f 539 4118 4340
f 539 4120 4118
f 4340 4113 4341
f 4341 4329 4340
f 4342 4344 4341
f 4341 4344 4329
f 4341 4343 4342
f 4337 4344 4342
f 4335 4329 4334
f 4339 4329 4335
f 4339 4340 4329
f 4334 4329 4344
f 4339 4335 4324
f 4345 4333 540
f 4345 540 4337
f 4331 540 4333
f 4331 4332 4324
f 4331 4328 4332
f 4330 4332 4328
f 4330 543 4332
f 541 4287 4293
f 4350 4332 543
f 4293 4307 4350
f 4350 4349 4332
f 543 541 4350
f 4287 4288 4293
f 4293 4350 541
f 4330 541 543
f 4333 4346 4331
f 541 4351 4287
f 541 4330 4351
f 4365 4287 4351
f 4351 4330 4352
f 4355 4353 4359
f 4359 4345 4355
f 4345 4337 4355
f 4333 4345 4346
f 4361 4346 4345
f 4361 4345 4359
f 4353 4602 4359
f 4359 4602 4358
f 4347 4357 4360
f 4347 4358 4357
f 4358 4347 4362
f 4360 4364 4347
f 4364 4362 4347
f 4358 4362 4359
f 4352 4330 4328
f 542 4361 4362
f 4361 4359 4362
f 4362 4364 542
f 4364 4360 4371
f 4371 4367 4364
f 4352 4365 4351
f 4286 536 4363
f 4363 4291 4365
f 4363 536 4291
f 4289 4291 536
f 4363 4365 542
f 4328 4331 4346
f 542 4364 4367
f 4366 4363 4367
f 542 4365 4352
f 4363 542 4367
f 4352 4328 542
f 4361 4328 4346
f 542 4328 4361
f 4602 4356 4358
f 4161 546 4338
f 537 4370 4391
f 4161 4338 4370
f 4391 4370 4338
f 537 4286 4363
f 4257 4286 537
f 537 4366 4370
f 4286 4301 536
f 4363 4366 537
f 4366 4367 4370
f 4603 4371 4360
f 4371 4591 4370
f 4370 4367 4371
f 4161 4370 4591
f 4373 4374 4384
f 7547 4374 4373
f 4262 1145 1166
f 1145 4380 1166
f 1128 4377 4372
f 4383 4378 545
f 532 4381 4262
f 4382 4378 4383
f 1145 4392 545
f 4383 545 4392
f 4377 4382 4385
f 4377 4378 4382
f 4377 4379 4378
f 4377 4374 4372
f 4384 4377 4385
f 4384 4374 4377
f 4384 4557 4373
f 4385 4557 4384
f 4557 4385 4230
f 4161 4591 4162
f 4161 4395 546
f 4388 4161 4163
f 507 4155 4321
f 537 4391 4387
f 4257 537 4387
f 4262 4381 4392
f 4392 1145 4262
f 4382 4393 4385
f 4393 4382 4390
f 4392 4390 4383
f 4382 4383 4390
f 544 4390 4381
f 4392 4381 4390
f 4381 532 544
f 4218 544 4235
f 4390 4389 4385
f 4385 4393 4390
f 4390 544 525
f 4155 4391 4321
f 4155 4154 4387
f 4387 4391 4155
f 4387 4154 4149
f 4387 4149 4257
f 4391 4395 4321
f 4391 4338 4395
f 4161 4388 4395
f 4388 4321 4395
f 4388 4163 4164
f 546 4395 4338
f 4163 4161 4162
f 4231 4563 4229
f 4233 4564 4230
f 4230 4385 4389
f 4564 4557 4230
f 4444 581 582
f 4402 4399 4400
f 581 4402 582
f 4399 4402 581
f 4450 4428 4402
f 4401 4399 4610
f 4402 4428 4451
f 7485 807 4508
f 4398 4403 4411
f 552 4465 4398
f 4402 4451 4409
f 4451 4452 4409
f 4408 4402 4409
f 4402 4408 582
f 4411 4444 582
f 582 4408 552
f 582 552 4411
f 4411 552 4398
f 552 549 554
f 561 552 554
f 554 549 563
f 554 4412 561
f 563 4414 4412
f 4414 553 4412
f 4415 553 4414
f 553 4415 5682
f 4414 563 4418
f 4417 4418 563
f 563 549 551
f 780 4417 551
f 548 5662 780
f 4417 563 551
f 780 4418 4417
f 551 4420 780
f 780 4420 4419
f 4419 548 780
f 4421 4419 4420
f 4432 4423 4422
f 4423 4421 4420
f 4420 550 4423
f 4424 550 4420
f 4413 4422 4423
f 550 4413 4423
f 4408 4426 552
f 552 4426 549
f 4408 4409 4425
f 4424 4409 550
f 4413 550 4409
f 4425 4409 4424
f 4427 4425 4424
f 4420 4427 4424
f 549 4420 551
f 4425 4427 4408
f 4426 4420 549
f 4427 4426 4408
f 4427 4420 4426
f 4452 4413 4409
f 553 4407 561
f 4431 4422 562
f 5727 4432 4422
f 562 4422 4413
f 4480 4431 562
f 4436 4480 562
f 4436 4463 4480
f 562 4413 4436
f 4436 4413 4435
f 4437 4439 556
f 4429 4439 4437
f 4440 4437 556
f 4441 4440 556
f 583 4441 4442
f 4440 4441 583
f 4441 4447 4443
f 4441 4446 4447
f 4449 4448 4447
f 4450 4449 4447
f 4448 4449 4401
f 4443 4447 577
f 4401 4449 4400
f 4449 4450 4400
f 4402 4400 4450
f 4451 4428 4410
f 4439 4429 4428
f 4450 556 4439
f 4439 4428 4450
f 4441 556 4446
f 4446 4450 4447
f 4446 556 4450
f 4429 4410 4428
f 4429 4451 4410
f 4452 4451 4429
f 4430 4452 4429
f 4429 4438 4430
f 4430 4413 4452
f 4437 4438 4429
f 4435 4413 4430
f 4454 4435 4438
f 4436 4435 558
f 4438 4453 4430
f 4437 4458 4438
f 4435 4430 4453
f 4435 4453 4438
f 4458 4454 4438
f 4437 4440 4458
f 4457 4458 4459
f 4780 4460 557
f 4461 557 558
f 4435 4461 558
f 4458 4457 4462
f 4459 4462 4457
f 4462 4780 4461
f 4780 557 4461
f 4462 4461 4458
f 4458 4461 4454
f 4435 4454 4461
f 558 557 4460
f 558 4460 4436
f 4460 4404 4464
f 4465 4403 4398
f 4460 4464 4436
f 4463 4436 4464
f 4403 4465 4472
f 559 588 4405
f 4469 588 559
f 4471 559 4405
f 4475 4405 4466
f 4467 4403 4473
f 4471 4405 4475
f 4475 4466 4524
f 4474 4471 4475
f 4473 4403 4472
f 4475 4622 4473
f 4524 4622 4475
f 4472 4475 4473
f 4472 4474 4475
f 4464 4434 4477
f 4472 4465 4474
f 4474 559 4471
f 4476 4474 4465
f 4474 4476 559
f 4465 4407 4476
f 4463 4464 4477
f 4477 4480 4463
f 561 4407 4465
f 552 561 4465
f 553 561 4412
f 5681 4407 553
f 4477 4479 4480
f 555 4479 4477
f 4483 560 4485
f 4487 5681 4483
f 5681 4482 4483
f 4485 560 806
f 4485 806 5782
f 4483 4482 560
f 4482 4484 560
f 4485 4487 4483
f 559 4490 4469
f 5681 4489 4407
f 5681 4487 4489
f 4476 4407 4489
f 4476 4489 559
f 4485 5782 4490
f 4487 4485 4489
f 4489 4485 4490
f 4488 4490 5782
f 559 4489 4490
f 4492 4502 4491
f 4470 4490 4488
f 4492 4491 4488
f 4491 4470 4488
f 4488 5782 4493
f 4492 4488 4493
f 4496 4502 4492
f 4496 4499 4502
f 5784 4502 4499
f 4470 4469 4490
f 4491 4469 4470
f 4491 4486 4506
f 588 4469 4506
f 4406 4506 4486
f 4502 4486 4491
f 4486 4502 4406
f 4406 4502 4505
f 4491 4506 4469
f 4500 566 4501
f 4502 566 4505
f 5784 4501 566
f 566 4502 5784
f 566 4406 4505
f 588 4514 4405
f 4406 4514 588
f 588 4506 4406
f 4511 4509 4514
f 4406 4511 4514
f 4511 4507 4508
f 4511 4406 4507
f 4508 4507 4504
f 4406 566 4504
f 4513 4504 566
f 4406 4504 4507
f 807 4511 4508
f 4521 4509 4511
f 4511 4522 4521
f 4522 4511 4517
f 568 587 4525
f 568 4525 4522
f 4525 587 4468
f 4514 4525 4405
f 4525 4514 4509
f 4522 4525 4521
f 4521 4525 4509
f 4405 4468 4466
f 4405 4525 4468
f 4517 4511 4516
f 570 4518 586
f 586 571 570
f 586 568 571
f 568 586 587
f 587 586 4523
f 568 4522 571
f 4529 570 571
f 571 4522 4517
f 4517 4526 4529
f 4534 1119 4531
f 4526 4517 4530
f 4538 4517 4516
f 4528 4531 1119
f 807 4528 4516
f 4528 807 4531
f 4534 4520 4515
f 4531 7485 4520
f 7485 4531 807
f 4538 4516 569
f 4511 807 4516
f 4542 569 4516
f 4520 4534 4531
f 4542 4516 4532
f 4534 4515 1119
f 4515 4545 1119
f 4545 4532 1119
f 1119 4532 4528
f 4532 4516 4528
f 4542 4538 569
f 4530 4538 4526
f 4517 4538 4530
f 570 4529 4518
f 571 4517 4529
f 572 4518 4529
f 4518 4540 586
f 4519 572 4529
f 4538 4541 4519
f 4529 4526 4519
f 4538 4519 4526
f 4541 4538 4542
f 4543 4519 4544
f 4519 4541 4544
f 4519 4543 572
f 9002 5228 9003
f 4532 4535 4542
f 4535 4546 4542
f 4545 4537 4527
f 4527 4537 4545
f 4532 4545 4535
f 4536 4535 4545
f 4546 4541 4542
f 4535 4536 4547
f 4548 7540 4539
f 4547 7540 4548
f 4549 4546 4547
f 4548 4549 4547
f 4552 4546 4549
f 4548 4552 4549
f 4550 4552 4548
f 4539 7546 4548
f 4548 7546 4550
f 4555 4550 7546
f 4571 4546 4552
f 4369 4541 4546
f 4540 4523 586
f 4518 572 4540
f 4540 4543 4578
f 4543 4540 572
f 4543 4544 4369
f 4541 4369 4544
f 4568 4571 4552
f 4568 4397 4560
f 4558 4560 4559
f 4554 4558 4559
f 4559 4560 4566
f 4229 4233 4230
f 4386 4560 4397
f 4568 573 4397
f 4568 4555 573
f 4555 4561 573
f 573 4561 4373
f 4557 4397 573
f 573 4373 4557
f 4560 4386 4557
f 4397 4557 4386
f 4557 4564 4560
f 4564 4233 4566
f 4564 4566 4560
f 4233 4229 4566
f 4232 4216 4589
f 4231 4232 4563
f 4565 4563 4232
f 4565 4232 4589
f 4566 4229 4563
f 4563 4565 4589
f 4563 4396 4559
f 4589 4396 4563
f 4572 4396 4589
f 4559 4566 4563
f 4560 4571 4568
f 4571 4560 574
f 4560 4558 574
f 4558 4554 574
f 4568 4552 4550
f 4568 4550 4570
f 4555 4570 4550
f 4570 4555 4568
f 4567 4369 4571
f 4571 574 4554
f 4554 4567 4571
f 4546 4571 4369
f 4543 4369 4567
f 4567 4553 4543
f 4396 4572 4553
f 4396 4553 4567
f 4553 4572 575
f 4567 4554 4559
f 4396 4567 4559
f 4573 4574 4575
f 4623 4577 589
f 4621 4578 4623
f 4543 4553 4578
f 4578 575 4573
f 4553 575 4578
f 4578 576 4623
f 4573 4575 4578
f 4575 4577 576
f 4575 576 4578
f 4576 4577 4575
f 4623 576 4577
f 4579 4580 4617
f 4619 4581 4617
f 4619 4618 4582
f 4577 4582 589
f 4582 4577 585
f 585 4581 4619
f 4582 585 4619
f 4575 4584 4576
f 4577 4576 585
f 4581 585 578
f 4574 4584 4575
f 4584 585 4576
f 580 4581 578
f 585 4584 578
f 4581 580 4617
f 578 4584 580
f 580 4579 4617
f 4585 4583 4587
f 4583 4584 4587
f 4584 4574 4586
f 4587 4595 4585
f 4572 4589 4573
f 4588 4595 4589
f 4160 4585 4595
f 4588 4590 4595
f 4216 4588 4589
f 4216 547 4588
f 4588 524 4590
f 4595 4590 4160
f 4160 4590 524
f 4159 4160 524
f 4165 4368 4585
f 4165 4160 4159
f 4583 579 4594
f 4585 579 4583
f 4165 4585 4160
f 4368 579 4585
f 4594 579 4368
f 4594 4162 4591
f 4587 4586 4595
f 4587 4584 4586
f 4573 4595 4574
f 4573 575 4572
f 4573 4589 4595
f 4574 4595 4586
f 4583 580 4584
f 4594 580 4583
f 4594 4579 580
f 4594 4592 4579
f 4591 4592 4594
f 4594 4368 4162
f 4592 4580 4579
f 4445 4599 4597
f 4455 4580 4592
f 4591 4455 4592
f 584 4609 4601
f 4354 4357 4336
f 4358 4336 4357
f 4353 4593 4602
f 4353 4355 4593
f 4599 4600 4593
f 4599 4593 4597
f 4602 4336 4356
f 4605 4354 4336
f 4336 4602 4593
f 4593 4600 4336
f 4354 4606 4357
f 4358 4356 4336
f 4603 4360 4604
f 4357 4604 4360
f 4336 4600 4605
f 4605 4600 577
f 4605 4606 4354
f 577 4447 4448
f 577 4448 4607
f 4605 577 4606
f 4604 4357 4606
f 4606 577 4607
f 4606 4603 4604
f 4607 4448 4608
f 4610 4603 4401
f 4603 4448 4401
f 4608 4606 4607
f 4608 4603 4606
f 4609 4371 4603
f 4371 4609 4591
f 4610 4609 4603
f 4610 4399 581
f 4601 4609 4610
f 4399 4401 4400
f 4609 584 4591
f 581 4601 4610
f 4448 4603 4608
f 4455 584 4596
f 584 4455 4591
f 4596 584 4444
f 4444 4601 581
f 584 4601 4444
f 4441 4443 4442
f 4443 577 4442
f 577 4600 4599
f 4445 577 4599
f 4445 4442 577
f 4442 4445 583
f 592 583 4445
f 4440 583 4458
f 623 4459 4458
f 623 4458 583
f 4455 4596 4580
f 4580 4596 4617
f 583 592 4614
f 623 583 4614
f 4620 4411 4613
f 4411 4620 4444
f 4596 4467 4617
f 4620 4596 4444
f 4596 4620 4467
f 4411 4403 4613
f 4620 4613 4403
f 4620 4403 4467
f 4524 4466 4468
f 4578 4621 4540
f 4540 4621 4523
f 4523 4623 4468
f 4523 4621 4623
f 4468 587 4523
f 4623 589 4624
f 4623 4625 4468
f 4625 4623 4624
f 4625 4524 4468
f 4624 4598 4625
f 589 4626 4624
f 4624 4626 4598
f 4582 4598 589
f 4626 589 4598
f 4617 4618 4619
f 4598 4618 4456
f 4582 4618 4598
f 4622 4524 4625
f 4598 4622 4625
f 4618 4617 4467
f 4598 4473 4622
f 4598 4456 4473
f 4456 4618 4467
f 4467 4473 4456
f 603 4639 590
f 601 4635 4631
f 601 604 4635
f 4635 604 4630
f 590 4630 604
f 4769 4635 4630
f 4637 4631 4635
f 4637 4768 4616
f 4635 4629 4637
f 4616 4631 4637
f 4638 4616 4768
f 4634 4637 4629
f 4637 4634 4768
f 4769 4630 590
f 4633 4769 590
f 4639 4633 590
f 604 4645 590
f 4639 593 4633
f 4640 4651 4646
f 593 4639 4641
f 4639 603 4641
f 603 4654 4641
f 4631 4643 601
f 4642 604 4643
f 4643 604 601
f 4631 4632 4642
f 4631 4668 4632
f 4642 4643 4631
f 4646 4616 4640
f 4616 4668 4631
f 4640 4647 4648
f 4650 4640 4616
f 4647 4640 4648
f 4650 4648 4640
f 4616 4638 4650
f 4648 4650 4615
f 4650 4638 4768
f 591 4627 4793
f 591 4615 4650
f 4627 591 4650
f 4648 4615 591
f 4793 4648 591
f 623 4614 4459
f 4459 4614 592
f 592 4793 4459
f 4445 4652 592
f 9002 9003 4077
f 4652 595 592
f 4648 4793 595
f 4649 595 4665
f 592 595 4793
f 4648 4651 4640
f 595 4649 4648
f 4648 4649 4651
f 4646 4668 4616
f 593 4641 4657
f 4654 4657 4641
f 4653 4657 4654
f 4653 594 4657
f 4657 594 4658
f 4658 594 4663
f 4653 4654 594
f 4597 4652 4445
f 4652 4597 595
f 4665 595 4597
f 4663 3864 4658
f 4593 4666 4597
f 4593 4355 4664
f 4665 4597 4666
f 4664 4666 4593
f 5083 9003 1414
f 4355 4337 4664
f 594 4660 4679
f 4679 4663 594
f 4660 594 4654
f 4693 4660 4654
f 4665 4659 4649
f 4669 4659 4665
f 4668 4672 4673
f 4651 4668 4646
f 4654 603 4693
f 4651 4672 4668
f 4670 4672 4651
f 4659 4669 4651
f 4649 4659 4651
f 4665 6 4687
f 4666 6 4665
f 4686 4678 4684
f 4678 4682 4684
f 4677 4687 6
f 4687 4677 4676
f 4677 4685 4676
f 3960 598 4115
f 4663 4679 4681
f 4341 4112 4343
f 4685 4677 4112
f 4664 4337 6
f 6 4666 4664
f 4343 4337 4342
f 4337 4343 6
f 4343 4112 4677
f 6 4343 4677
f 4115 4685 4112
f 4685 4115 4682
f 598 4683 4684
f 4682 598 4684
f 598 4682 4115
f 4676 4685 4682
f 4683 4686 4684
f 4022 4681 4686
f 4683 4022 599
f 4686 599 4022
f 599 4686 4683
f 4682 4680 4676
f 4667 4687 4676
f 4651 4674 4670
f 4673 4632 4668
f 4651 4669 596
f 4687 4669 4665
f 4688 4669 4687
f 4667 4676 4689
f 596 4669 4688
f 4667 4688 4687
f 596 4688 4667
f 4670 4667 4689
f 596 4674 4651
f 596 4670 4674
f 596 4667 4670
f 4689 4676 4675
f 4689 4672 4670
f 4689 4675 4672
f 4692 4691 4644
f 4686 4660 4693
f 4644 4690 4678
f 4692 603 4691
f 603 4692 4693
f 4645 603 590
f 603 4645 4691
f 4632 4673 4642
f 4673 604 4642
f 600 4645 604
f 600 604 4673
f 4694 4673 4672
f 600 4673 4694
f 4671 4694 4672
f 600 4691 4645
f 600 602 4691
f 602 4644 4691
f 4675 4644 4671
f 4644 602 4671
f 4672 4675 4671
f 600 4694 4671
f 602 600 4671
f 4679 4686 4681
f 4675 4690 4644
f 4676 4690 4675
f 4680 4690 4676
f 4678 4692 4644
f 4690 4680 4678
f 4693 4692 4678
f 4686 4679 4660
f 4678 4686 4693
f 4678 4680 4682
f 4711 4725 4728
f 4711 605 4725
f 605 4704 4725
f 4711 4714 605
f 4701 4711 4728
f 4219 1413 9009
f 4712 4714 4711
f 605 609 4706
f 491 4044 4710
f 4720 4021 4712
f 4720 608 4021
f 3947 4716 607
f 4716 4023 4021
f 4023 4712 4021
f 4044 4015 4710
f 4717 4025 3926
f 4715 608 4720
f 491 4713 3926
f 4718 4717 3926
f 608 4716 4021
f 4713 4718 3926
f 4710 4713 491
f 4712 606 4717
f 3847 4709 3909
f 4713 4721 4705
f 4718 4713 4705
f 4015 4709 4710
f 3909 4709 4015
f 607 4716 608
f 4715 3949 607
f 608 4715 607
f 3953 4715 4719
f 4719 4701 4700
f 4715 4720 4719
f 4700 3953 4719
f 611 3953 4698
f 611 4698 4700
f 4698 3953 4700
f 4719 4711 4701
f 4711 4719 4720
f 4712 4711 4720
f 4717 4714 4712
f 4714 4717 609
f 609 605 4714
f 4710 4721 4713
f 4710 4709 4707
f 4717 4718 609
f 4705 4708 4718
f 4708 4705 4721
f 4710 4707 4721
f 609 4708 4706
f 4718 4708 609
f 4725 4749 4728
f 4701 4752 4726
f 4728 4752 4701
f 4702 4701 4726
f 4726 615 4702
f 4729 615 4727
f 4729 610 4730
f 610 4699 4700
f 4729 4730 615
f 4730 4702 615
f 4700 4701 610
f 4734 4732 4662
f 4734 611 4732
f 4715 4734 3867
f 611 4734 3953
f 4734 4715 3953
f 4702 4730 610
f 4737 4708 4721
f 3925 4707 4709
f 4707 4737 4721
f 4708 4723 4706
f 4699 4731 4700
f 4700 4731 611
f 610 4731 4699
f 4701 4702 610
f 4732 4731 610
f 610 4729 4656
f 4706 4723 605
f 3925 4737 4707
f 4709 4724 3925
f 611 4731 4732
f 4740 4708 4737
f 4739 4740 3874
f 612 3867 4734
f 4662 4661 617
f 4724 4709 3847
f 4723 4708 4740
f 605 4723 4704
f 3874 630 3845
f 4704 4723 627
f 4735 4732 610
f 630 3847 3845
f 3847 630 4724
f 4724 630 3925
f 4740 4737 3925
f 612 4662 617
f 4662 612 4734
f 4655 4811 4742
f 4662 4735 4742
f 4732 4735 4662
f 4655 4742 4735
f 4656 4735 610
f 4735 4656 4741
f 4741 4656 4744
f 4735 4741 4655
f 4745 4655 4741
f 4656 4748 4744
f 4744 4748 4729
f 4741 4744 4745
f 4744 4729 4754
f 4748 4656 4743
f 4748 4743 4729
f 4729 4743 4656
f 4723 4740 4739
f 627 4723 4739
f 4751 4704 627
f 4750 4757 4746
f 4746 4752 4750
f 3918 4835 3917
f 4753 4725 4704
f 4322 9003 5083
f 4750 4749 4757
f 4749 4752 4728
f 4726 4752 4746
f 4750 4752 4749
f 4749 4753 4751
f 4751 4753 4704
f 4725 4753 4749
f 4727 615 4726
f 4727 616 4729
f 4747 4745 4744
f 4747 4744 4754
f 4729 616 4754
f 4726 4746 4727
f 628 4727 4746
f 616 4727 628
f 628 4755 4756
f 628 621 616
f 618 628 4746
f 4764 4759 4762
f 4755 628 4758
f 4766 4759 4764
f 4759 4766 4758
f 4758 4761 4759
f 4761 4763 4759
f 4763 4762 4759
f 4762 4889 4839
f 4764 4762 619
f 4764 619 4772
f 4758 4766 4755
f 4755 4766 4765
f 4765 4756 4755
f 4765 4766 4772
f 4766 4764 4772
f 4636 4634 4629
f 4636 4629 4635
f 4769 4774 620
f 619 4884 4772
f 4434 4775 4477
f 4775 4636 620
f 4636 4775 4634
f 4636 4635 4769
f 4775 4778 4768
f 4634 4775 4768
f 4777 4460 4779
f 4778 4777 4779
f 4460 4777 4404
f 4404 4777 4464
f 4777 4434 4464
f 4777 4775 4434
f 4778 4775 4777
f 4770 4774 4773
f 4772 4872 4782
f 4771 4773 4774
f 4770 620 4774
f 4771 4774 4767
f 4781 4767 4774
f 4781 4774 4769
f 4769 620 4636
f 4807 4795 4790
f 4787 4771 4767
f 4784 4787 4767
f 4767 4781 4784
f 4462 4791 4780
f 4459 4791 4462
f 4768 4778 4627
f 4780 4791 4460
f 4791 4779 4460
f 4791 4778 4779
f 4627 4791 4793
f 4769 4633 4781
f 4768 4627 4650
f 4627 4778 4791
f 4781 4792 4784
f 4633 4792 4781
f 593 4792 4633
f 9009 4209 4219
f 4628 4459 4793
f 4459 4628 4791
f 4793 4791 4628
f 593 4657 4792
f 4657 4794 4784
f 4792 4657 4784
f 4794 4788 4784
f 3864 4798 4658
f 4658 4800 4657
f 4657 4800 4794
f 4798 4786 4658
f 4800 4658 4786
f 4788 4794 4801
f 4786 4801 4800
f 4800 4801 4794
f 4784 4788 4802
f 4786 614 4805
f 4859 4804 4805
f 4776 4806 4799
f 4776 4799 4803
f 4803 4807 4776
f 625 4807 4803
f 625 622 4807
f 4788 4801 4804
f 4805 4801 4786
f 625 4799 4796
f 613 4808 614
f 622 4796 629
f 625 4796 622
f 4803 4799 625
f 624 622 629
f 4796 4805 4808
f 624 4795 4807
f 622 624 4807
f 4805 4804 4801
f 4805 614 4808
f 4859 4805 4799
f 4805 4796 4799
f 624 4785 4795
f 4809 4808 613
f 614 4786 4798
f 4796 4808 4809
f 629 4796 4811
f 624 4655 4785
f 624 4811 4655
f 4811 624 629
f 4809 4811 4796
f 4798 613 614
f 4798 3864 613
f 4661 4662 4809
f 4662 4742 4809
f 4809 4742 4811
f 4661 4809 617
f 4655 4745 4785
f 4785 4810 4822
f 4810 4745 4812
f 4745 4810 4785
f 4810 4812 4813
f 4747 4812 4745
f 4754 4812 4747
f 4738 4751 4739
f 627 4739 4751
f 4739 3874 4733
f 630 3874 3925
f 3874 4740 3925
f 4733 3874 3873
f 4757 618 4746
f 4818 4751 4816
f 4751 4738 4816
f 4758 628 618
f 4757 4751 4818
f 4751 4757 4749
f 4758 618 4761
f 4756 621 628
f 4756 4765 4814
f 4765 4756 4814
f 621 4756 4754
f 4820 4754 4756
f 4813 4820 4756
f 4810 4813 4819
f 616 621 4754
f 4820 4812 4754
f 4812 4820 4813
f 4765 4819 4756
f 4765 4772 4783
f 4765 4783 4819
f 4813 4756 4819
f 4783 4772 4790
f 4772 4782 4790
f 4783 4790 4819
f 4790 4821 4807
f 4821 4790 4872
f 4872 4790 4782
f 4757 4760 4761
f 4757 4761 618
f 4760 4757 4818
f 4818 4832 4760
f 4817 4831 4823
f 4825 4824 3917
f 3917 4824 3918
f 4828 3917 4829
f 3885 3922 670
f 3908 4824 4825
f 3919 4825 3876
f 3917 4827 4825
f 4828 4827 3917
f 4827 3876 4825
f 3870 4733 3873
f 4827 4828 3876
f 4738 4815 4816
f 4823 4831 631
f 4738 4739 4733
f 4831 4830 631
f 4830 4815 4738
f 4831 4823 4818
f 4831 4817 4823
f 4830 4738 4733
f 4815 4831 4816
f 4790 4795 4822
f 4795 4785 4822
f 4819 4822 4810
f 4819 4790 4822
f 4816 4831 4818
f 4823 631 4818
f 4832 631 4830
f 4832 4818 631
f 3870 4833 4733
f 4833 4837 4733
f 4830 4837 4832
f 4815 4830 4831
f 4837 4830 4733
f 640 4832 4837
f 670 3922 633
f 3922 4835 633
f 3917 4835 4829
f 4829 4835 4828
f 3876 4828 3922
f 4828 4835 3922
f 633 4835 4826
f 4844 4826 4835
f 3918 4844 4835
f 640 4760 4832
f 632 4761 640
f 4838 632 640
f 4761 4760 640
f 4891 4838 640
f 4837 4892 640
f 4891 640 4892
f 9009 2618 4209
f 4845 4847 670
f 670 633 4826
f 4826 4845 670
f 4842 662 4847
f 4842 4847 4845
f 4846 670 4847
f 4847 3883 4846
f 4846 3883 3884
f 4847 662 3883
f 3883 3882 3884
f 4841 3882 3883
f 4841 3883 662
f 661 3882 4841
f 3877 5102 4833
f 4853 635 4855
f 4868 4853 4855
f 4855 634 4854
f 4854 4868 4855
f 4862 4836 634
f 634 4855 635
f 635 4858 4862
f 634 635 4862
f 634 4836 4854
f 4854 4836 4806
f 4806 4807 4856
f 4806 4856 4854
f 4821 4856 4807
f 4821 4868 4856
f 4799 4806 4859
f 4776 4807 4806
f 4861 4836 4857
f 4854 4856 4868
f 4862 4857 4836
f 4861 4860 4836
f 4859 4836 4860
f 4806 4836 4859
f 635 4852 4858
f 4857 4863 4861
f 4863 4857 4862
f 4862 4858 4863
f 4859 4861 4804
f 4860 4861 4859
f 4861 4789 4804
f 4789 4787 4433
f 4789 4433 4787
f 4804 4789 4788
f 4863 4789 4861
f 4788 4789 4802
f 4802 4787 4784
f 4802 4789 4787
f 4864 4787 4789
f 4863 4858 4789
f 4789 4858 4864
f 637 4866 4852
f 4858 4866 4865
f 4858 4865 4864
f 4858 4852 4866
f 637 635 4853
f 637 4852 635
f 4864 636 4787
f 637 4853 4870
f 4787 4773 4771
f 4868 4871 4853
f 4787 636 4773
f 636 4873 4773
f 4951 4953 4870
f 4821 4869 4868
f 4869 4821 4872
f 4868 4869 4871
f 4869 4872 4874
f 4869 4874 4870
f 4869 4870 4853
f 4853 4871 4869
f 4870 4888 4875
f 4873 4877 4879
f 4877 4873 636
f 4888 4870 4874
f 4772 4885 4872
f 4885 638 4872
f 638 4874 4872
f 4773 4879 4770
f 4773 4873 4879
f 4880 4477 4775
f 555 5746 4479
f 4881 555 639
f 5746 555 4881
f 555 4477 4880
f 639 555 4880
f 4775 620 4880
f 4880 620 4883
f 639 4880 4883
f 4883 620 4770
f 4883 4770 4879
f 4877 4886 4879
f 4879 4882 4883
f 639 4883 4882
f 4882 4886 4878
f 639 4882 4878
f 5746 4881 4878
f 4881 639 4878
f 4882 4879 4886
f 4875 4888 4876
f 4888 4874 638
f 4876 4839 4889
f 4888 638 4876
f 4876 638 4839
f 4885 4772 4884
f 4884 619 4839
f 4839 619 4762
f 638 4885 4884
f 4839 638 4884
f 4763 4889 4762
f 4763 4761 632
f 632 4838 4889
f 632 4889 4763
f 4838 4891 4889
f 4891 4890 4889
f 4889 4893 4876
f 641 4890 4900
f 641 4889 4890
f 4887 641 643
f 643 641 4903
f 641 4893 4889
f 643 4893 4887
f 643 4948 4893
f 4876 4893 4948
f 4893 641 4887
f 4890 4891 4900
f 4891 4895 4900
f 4892 4895 4891
f 4895 4892 4894
f 4077 9003 9008
f 8998 9004 4209
f 8998 4695 9004
f 4895 4902 644
f 4894 4902 4895
f 4902 4894 644
f 644 4900 4895
f 642 4903 4905
f 642 4948 643
f 643 4903 642
f 4900 4903 641
f 4905 4903 644
f 4900 644 4903
f 4894 4901 644
f 9008 4322 4899
f 644 4901 4912
f 4894 4913 4901
f 4901 4911 4912
f 4901 4917 4911
f 4909 4917 4901
f 645 4911 4917
f 4911 4918 4912
f 645 4918 4911
f 4922 645 4915
f 4918 4922 4928
f 645 4922 4918
f 4920 4918 4928
f 646 4918 4920
f 646 4920 4919
f 4923 4904 4912
f 4918 4923 4912
f 646 4923 4918
f 4905 644 4923
f 4904 644 4912
f 4923 644 4904
f 4923 646 4905
f 4919 4905 4924
f 646 4919 4924
f 646 4924 4905
f 4925 642 4905
f 4925 4905 4919
f 4929 4925 4928
f 4929 4927 4925
f 4928 4916 4930
f 4920 4928 4919
f 4919 4928 4925
f 4929 4926 4927
f 4932 4933 791
f 4929 4934 4926
f 4931 4932 791
f 4936 4931 791
f 4954 4935 4937
f 4926 4940 4942
f 4935 4931 4937
f 4950 4927 4942
f 4942 4927 4926
f 791 4943 4936
f 4936 4937 4931
f 4936 4943 647
f 4937 4936 647
f 4944 4938 4945
f 791 4946 4943
f 4943 4938 647
f 647 4938 4944
f 4943 4947 4938
f 4947 4943 4946
f 4878 4886 4877
f 4947 5746 4878
f 4877 4947 4878
f 4876 4948 4875
f 4927 642 4925
f 4948 642 4949
f 642 4927 4950
f 4949 642 4950
f 4949 4875 4948
f 4949 4951 4875
f 4870 4875 4951
f 4870 4953 637
f 4877 4952 4947
f 4947 4952 4938
f 636 4952 4877
f 4945 4960 4941
f 4951 4949 4953
f 4953 4949 4950
f 4940 4950 4942
f 4953 4950 4969
f 4945 4941 4957
f 4944 4945 647
f 4945 4937 647
f 4945 4954 4937
f 4864 4960 636
f 4978 4945 4957
f 4977 4957 4941
f 4945 4978 4954
f 4941 4960 4977
f 4938 4960 4945
f 636 4960 4952
f 4952 4960 4938
f 4953 648 637
f 4956 4953 4963
f 4953 4965 4963
f 4965 4953 4964
f 4953 4969 4964
f 4940 4969 4950
f 4955 4968 649
f 4940 4955 4969
f 4955 649 4969
f 4966 4970 5001
f 4970 4968 4926
f 4926 5001 4970
f 4940 4968 4955
f 4940 4926 4968
f 649 4967 4971
f 651 4970 4972
f 651 649 4968
f 4970 651 4968
f 651 4967 649
f 4971 4867 649
f 4970 4991 4972
f 651 4972 4967
f 649 4965 4969
f 4964 4969 4965
f 4961 4866 637
f 4974 4865 4866
f 4974 4866 4961
f 4961 637 648
f 4956 4961 648
f 4953 4956 648
f 4867 4956 4963
f 4977 4956 4867
f 649 4963 4965
f 4963 649 4867
f 4867 4971 4979
f 4967 4979 4971
f 4867 4979 4977
f 4977 4976 4956
f 4976 4961 4956
f 4865 4974 4961
f 4961 4976 4865
f 4960 4962 4977
f 4962 4976 4977
f 4962 4960 4976
f 4960 4864 4976
f 4864 4865 4976
f 4980 4954 4978
f 4979 4957 4977
f 4957 4979 4978
f 4978 4979 4975
f 4959 4980 4978
f 4979 4959 4975
f 4959 4978 4975
f 4981 4959 652
f 4981 4980 4959
f 4973 4967 4972
f 4967 4959 4979
f 4967 4973 4959
f 652 4959 4973
f 4981 4983 4954
f 4980 4981 4954
f 4973 4972 4991
f 4935 4954 4983
f 4985 4987 650
f 4983 4981 650
f 4982 652 4973
f 4983 650 4935
f 650 4987 4935
f 4935 4992 4931
f 4990 4982 4973
f 4989 4990 4973
f 4991 4989 4973
f 4992 4932 4931
f 4932 4992 4993
f 4992 4935 4987
f 4932 4993 5753
f 4994 4992 4987
f 4992 4994 4993
f 4994 729 4993
f 4995 4993 729
f 4995 5753 4993
f 4996 729 4994
f 779 729 4996
f 4987 779 4994
f 779 4996 4994
f 5002 4998 5155
f 4998 667 5155
f 5003 4966 5001
f 5005 5000 5004
f 5004 5002 5003
f 5000 5002 5004
f 5002 4989 4966
f 4970 4966 4991
f 5003 5002 4966
f 4989 4991 4966
f 5000 4998 5002
f 4998 5000 5008
f 5006 5008 5000
f 5032 5030 5009
f 5016 5014 5009
f 5016 5009 5011
f 5010 656 5008
f 653 5032 5009
f 653 5282 656
f 653 5009 5282
f 5010 653 656
f 5014 5282 5009
f 5013 5282 5012
f 667 5282 5013
f 667 5013 4999
f 4998 5008 667
f 667 5008 5282
f 5008 656 5282
f 5022 5014 5016
f 5011 5019 5018
f 5019 5030 4921
f 5018 5019 4915
f 5019 5011 5030
f 5017 5015 4914
f 4922 4915 4921
f 4914 5015 5018
f 5011 5009 5030
f 5015 5022 5018
f 5018 5022 5011
f 5016 5011 5022
f 5157 654 5163
f 654 5015 5017
f 5015 654 718
f 718 654 5157
f 5023 5007 684
f 5023 5024 5163
f 684 5024 5023
f 654 5023 5163
f 5007 5023 654
f 5017 5007 654
f 5024 5007 5025
f 684 5007 5024
f 5025 5007 712
f 4914 4917 5021
f 5031 5032 653
f 653 5010 5031
f 5031 5010 5006
f 5008 5006 5010
f 5005 5004 5006
f 5006 5000 5005
f 4934 5031 5004
f 5004 5031 5006
f 5031 5020 5032
f 4928 4930 4929
f 4930 4934 4929
f 8291 4849 4722
f 4930 5031 4934
f 4930 5020 5031
f 4928 4922 4916
f 4915 4914 5018
f 645 4914 4915
f 4915 5019 4921
f 5017 4909 5007
f 5021 5017 4914
f 4909 5017 5021
f 5030 4916 4921
f 5032 5020 4916
f 4916 5030 5032
f 5020 4930 4916
f 5021 4917 4909
f 645 4917 4914
f 4916 4922 4921
f 4901 4913 4909
f 657 4909 5029
f 4934 5004 5003
f 4909 657 5007
f 712 5007 657
f 5029 4909 4913
f 5001 4934 5003
f 5001 4926 4934
f 4894 4892 5029
f 4913 4894 5029
f 712 657 5025
f 5029 4892 4837
f 5029 5091 657
f 5025 657 5091
f 5036 5035 5034
f 5035 5036 5040
f 5034 5027 5041
f 5041 5036 5034
f 3918 5041 5043
f 5043 4844 3918
f 5042 5043 5041
f 4844 5043 659
f 5042 5041 5027
f 659 5043 5042
f 5036 5041 3918
f 5039 5065 5045
f 659 5042 4840
f 5046 5042 5027
f 5027 5039 5045
f 5065 5039 5034
f 4840 5042 5046
f 5027 660 5046
f 5034 5039 5027
f 4843 660 5027
f 659 4840 5044
f 659 5044 4844
f 5046 5044 4840
f 5046 660 5044
f 5101 663 5078
f 4826 5047 4845
f 5049 5044 660
f 5049 660 4843
f 4843 5027 5045
f 5045 664 4843
f 5049 4843 5048
f 664 665 5048
f 5049 5047 5044
f 665 5049 5048
f 5044 5047 4844
f 4845 5049 4842
f 5047 4826 4844
f 5047 5049 4845
f 664 5048 4843
f 5050 5049 5081
f 5049 5050 4842
f 5081 5049 665
f 662 4842 5050
f 664 666 665
f 665 666 5051
f 671 5052 666
f 666 5052 5051
f 666 664 5045
f 5034 5035 5065
f 5055 5060 666
f 671 666 5067
f 5028 5059 5062
f 5059 5028 4910
f 666 5060 5067
f 5035 5038 5065
f 5063 5167 5172
f 5055 666 5045
f 5045 5065 5055
f 5065 5064 5060
f 5055 5065 5060
f 5060 5037 5067
f 4849 4322 5083
f 669 5037 5038
f 5065 5038 5064
f 5038 5037 5064
f 5035 5062 5038
f 5035 5040 5062
f 5057 5062 5040
f 5057 5028 5062
f 5037 5060 5064
f 5062 669 5038
f 669 5062 5059
f 669 5059 5056
f 669 5056 5066
f 669 5067 5037
f 669 5066 5067
f 5067 5066 658
f 5075 5053 671
f 5056 5059 5061
f 5061 5059 5069
f 5071 5107 5096
f 5096 5077 5075
f 658 5066 5071
f 671 658 5071
f 5067 658 671
f 5068 5056 5061
f 5066 5068 5071
f 5068 5066 5056
f 5053 5052 671
f 5053 5054 5052
f 5052 5054 5051
f 5071 5096 671
f 5075 5074 5082
f 5053 5075 5082
f 5096 5075 671
f 661 4848 3882
f 5054 5053 5078
f 5054 5078 5051
f 663 4848 661
f 5051 5078 665
f 4841 662 5050
f 5078 5081 665
f 661 4841 5050
f 661 5050 663
f 663 5050 5078
f 5050 5081 5078
f 5078 5053 5080
f 5101 5078 5080
f 5080 5053 5082
f 5099 5029 4837
f 4837 4833 5099
f 8862 4348 4736
f 8291 4322 4849
f 5069 5098 682
f 668 5025 5091
f 4989 5086 4990
f 5086 5087 4984
f 779 4987 5033
f 4982 650 652
f 5033 4987 4985
f 4982 4990 4986
f 4985 4982 4986
f 4985 650 4982
f 5086 4984 4986
f 4985 4986 4984
f 4981 652 650
f 4990 5086 4986
f 4985 4984 5033
f 5091 5029 5099
f 5099 668 5091
f 5088 5085 5089
f 4851 668 5099
f 5089 5085 5090
f 5088 4984 5087
f 5033 4984 5088
f 5092 5146 5088
f 5146 5147 5088
f 668 679 715
f 5087 5155 5142
f 5094 5088 5087
f 5092 5088 5089
f 5085 5088 5094
f 5094 5090 5085
f 5070 4851 5099
f 5025 668 715
f 682 5061 5069
f 682 5068 5061
f 5071 5068 5107
f 5075 4850 4848
f 5070 5099 5109
f 5101 5080 5082
f 5101 5082 663
f 4833 5102 5099
f 663 5075 4848
f 5102 5103 5099
f 5102 5079 5103
f 5074 5075 663
f 5082 5074 663
f 5073 4848 4850
f 4848 5073 5104
f 5106 5103 5072
f 5072 5079 5105
f 5079 5072 5103
f 5106 5099 5103
f 5105 5106 5072
f 3882 4848 5104
f 5109 5099 5106
f 5109 5076 5070
f 5109 5106 5084
f 5109 5084 5076
f 5105 5084 5106
f 5096 5107 5076
f 5116 5076 5084
f 5068 682 5097
f 5097 682 5098
f 4850 5075 5077
f 5108 5097 5098
f 5108 5100 5097
f 5107 5070 5076
f 5097 5100 5115
f 5107 5100 5108
f 5107 5108 5111
f 5111 5070 5107
f 5162 679 5095
f 5108 683 5110
f 715 679 5162
f 5092 5089 5090
f 5026 5095 668
f 5095 679 668
f 668 4851 5026
f 5070 5111 4851
f 5026 4851 5111
f 5110 5095 5026
f 5111 5110 5026
f 5108 5110 5111
f 5097 5115 5068
f 3877 5104 5073
f 5105 5079 4850
f 5102 5073 5079
f 5079 5073 4850
f 3877 5073 5102
f 5077 5105 4850
f 5100 5107 5115
f 5115 5107 5068
f 5105 5077 5084
f 5096 5076 5116
f 5084 5077 5116
f 5077 5096 5116
f 2814 2815 2816
f 2816 2813 2809
f 5117 2817 2812
f 5114 5119 5118
f 5138 5118 5119
f 5114 5118 5117
f 2812 674 5117
f 5117 675 5114
f 675 5126 676
f 5117 5126 675
f 5117 674 2832
f 2832 5126 5117
f 2832 5123 5126
f 676 5126 5123
f 5127 676 5128
f 5123 5128 676
f 2843 2839 5129
f 2834 5127 5128
f 5129 277 760
f 5129 760 2843
f 5118 2817 5117
f 676 5127 675
f 2810 5124 5114
f 5114 5125 5119
f 5124 5125 5114
f 5141 5125 5124
f 5193 5125 5141
f 5119 5125 5120
f 5144 5139 5133
f 5139 5144 680
f 5094 5143 5092
f 5144 5143 680
f 5092 5144 5145
f 5144 5092 5143
f 5144 5133 5145
f 5150 5145 5133
f 5145 5150 5146
f 5145 5146 5092
f 5150 5358 5146
f 5134 5314 5135
f 5314 5148 260
f 260 5149 5314
f 5133 5149 5150
f 260 5148 5358
f 5150 260 5358
f 260 5150 5149
f 5358 5147 5146
f 5147 779 5033
f 5358 779 5147
f 5151 5154 5142
f 5088 5147 5033
f 5143 5087 5142
f 5087 5143 5094
f 5143 5142 5154
f 5087 5086 5155
f 680 5154 5151
f 5151 5139 680
f 5154 680 5143
f 5156 5142 5155
f 5002 5086 4989
f 5086 5002 5155
f 4999 5155 667
f 5156 5155 5316
f 5151 5142 5156
f 5151 5156 5316
f 5316 5155 4999
f 5157 5159 655
f 5299 681 5136
f 681 5300 5158
f 5195 5300 681
f 683 5108 5165
f 5161 5093 5158
f 715 5162 5161
f 5095 5112 5162
f 5110 5112 5095
f 5093 5162 5112
f 5093 5161 5162
f 5025 5163 5024
f 5157 5163 5159
f 5164 5093 5112
f 5110 683 5165
f 715 5159 5163
f 715 5163 5025
f 5165 5108 5098
f 5112 5110 5165
f 5166 5098 5069
f 5059 5166 5069
f 5169 5098 5166
f 5165 5098 5169
f 5028 5057 5058
f 5028 5058 4910
f 5167 5063 5058
f 5059 5063 5172
f 5059 4910 5063
f 5058 5063 4910
f 5169 5164 5165
f 5164 5112 5165
f 5168 5169 5172
f 5299 5136 5293
f 713 5136 5169
f 5293 5136 713
f 5136 681 5093
f 5164 5169 5136
f 5169 5168 713
f 5301 5158 5300
f 5059 5169 5166
f 5172 5169 5059
f 5172 5167 5058
f 5182 685 5122
f 685 5192 5184
f 5177 685 5173
f 5174 5179 5183
f 5173 685 5183
f 5183 5176 5173
f 5173 5176 5177
f 5183 5179 5176
f 5177 5192 685
f 279 5180 2808
f 5179 5175 5227
f 5175 5179 5174
f 5183 685 5181
f 5181 5174 5183
f 2808 5175 5181
f 5175 5174 5181
f 5182 5181 685
f 5199 5187 686
f 5212 686 5194
f 714 5141 5194
f 5190 5120 5191
f 5120 5189 5191
f 5120 5137 5189
f 5141 5137 5120
f 5120 5193 5141
f 5189 5137 714
f 5141 714 5137
f 5113 5194 5141
f 5192 5190 5294
f 5191 5294 5190
f 5294 5184 5192
f 5294 5191 5298
f 5194 686 714
f 5189 5195 5191
f 5242 5200 5334
f 5211 5198 5200
f 5211 5205 5198
f 5196 5206 5205
f 5205 5206 5313
f 5313 5198 5205
f 5202 5204 5132
f 5196 691 677
f 5196 5205 691
f 677 691 5130
f 5130 5132 677
f 691 678 5130
f 691 5205 678
f 5219 5130 678
f 693 5219 678
f 5219 5132 5130
f 5132 5219 5207
f 678 5205 5211
f 5202 5132 5207
f 5202 5207 5453
f 5211 693 678
f 5212 5194 692
f 5200 5243 5197
f 5211 5197 5210
f 5200 5197 5211
f 5211 5210 693
f 5221 5229 5223
f 5210 5213 693
f 5214 695 5197
f 5221 5213 696
f 696 5214 5215
f 5214 5210 695
f 5197 695 5210
f 5210 696 5213
f 5214 696 5210
f 693 5213 5218
f 5218 5213 5221
f 5207 5219 694
f 5218 5219 693
f 5219 5218 5208
f 5219 5208 694
f 694 5208 5131
f 5220 5207 694
f 277 5220 694
f 277 694 5131
f 277 5131 775
f 277 775 2837
f 770 5129 2839
f 760 277 2786
f 770 5220 277
f 770 277 5129
f 5131 5208 775
f 775 5208 5218
f 5207 5220 5216
f 2837 775 2846
f 775 5218 240
f 2846 775 240
f 5223 2846 240
f 5221 5222 5223
f 5223 5222 5221
f 5221 5223 5218
f 5229 5221 696
f 5218 5223 240
f 675 5127 2810
f 2811 2810 5127
f 2810 5114 675
f 5118 697 5224
f 2817 5224 2816
f 2817 5118 5224
f 2813 700 2809
f 2816 5224 2813
f 5118 5225 697
f 5192 5225 5118
f 5225 5178 697
f 5225 5226 5178
f 5226 5225 5121
f 5225 5192 5177
f 5177 5121 5225
f 5179 5121 5176
f 5176 5121 5177
f 5193 5120 5125
f 5120 5138 5119
f 5190 5138 5120
f 5141 5124 2810
f 5192 5118 5138
f 5113 692 5194
f 692 5113 5141
f 2810 692 5141
f 692 2810 5212
f 5190 5192 5138
f 701 2791 2792
f 5197 5215 5214
f 5215 5197 5201
f 5121 5179 5227
f 5180 5175 2808
f 5175 5180 5227
f 5180 279 700
f 5180 5226 5227
f 5226 5121 5227
f 5226 5180 5178
f 5180 700 5178
f 5224 697 5178
f 2813 5224 5178
f 5178 700 2813
f 2792 5229 701
f 5229 696 5215
f 703 5230 2794
f 2794 5239 703
f 699 5230 5237
f 5230 5231 5237
f 699 2794 5230
f 699 5237 2795
f 2808 2770 698
f 2758 2796 2810
f 703 5231 5230
f 706 5234 5235
f 5235 5234 5233
f 5232 706 5251
f 5247 706 5246
f 5231 706 5232
f 5232 5251 5236
f 5236 5251 5250
f 2795 5236 2796
f 2795 5237 2797
f 5236 2795 2797
f 5237 5231 5232
f 5236 2797 5232
f 2797 5237 5232
f 706 5231 5234
f 703 5233 5231
f 5233 5234 5231
f 5239 2794 270
f 2791 701 2802
f 5201 5229 5215
f 701 2793 2802
f 701 5238 2793
f 5239 270 2793
f 5239 2793 5238
f 5217 702 5238
f 5238 701 5217
f 5229 5217 701
f 5217 5201 702
f 5229 5201 5217
f 702 5239 5238
f 703 5239 5233
f 5233 5239 704
f 5239 702 704
f 5244 705 704
f 705 5244 722
f 702 5241 704
f 704 5241 5244
f 5241 702 5201
f 5197 5243 5241
f 5201 5197 5241
f 5200 5242 5243
f 5335 5243 5242
f 5335 5240 5243
f 5243 5240 5241
f 5240 723 722
f 722 5244 5240
f 705 722 5245
f 5244 5241 5240
f 721 5247 5246
f 721 5246 5245
f 5246 706 5235
f 5246 5235 704
f 704 705 5246
f 5233 704 5235
f 5245 5246 705
f 5181 5248 2808
f 5249 5248 5181
f 5181 5182 5249
f 5250 5212 2810
f 5250 5187 5212
f 5187 5199 5212
f 2796 5250 2810
f 5250 2796 5236
f 5250 5251 5252
f 706 5247 5251
f 5247 707 5251
f 5247 721 707
f 5251 707 5252
f 5253 5250 5252
f 5250 5253 5187
f 5253 5188 5187
f 5253 5258 5188
f 721 5257 707
f 5257 721 5254
f 5259 5253 5252
f 5253 5259 5261
f 5260 5258 5261
f 708 5260 5255
f 5261 5255 5260
f 5261 5258 5253
f 5255 5259 707
f 5252 707 5259
f 5257 5255 707
f 5255 5257 708
f 5261 5259 5255
f 5256 5257 5262
f 708 5257 5256
f 5272 5265 5257
f 5265 5262 5257
f 5264 5262 5265
f 709 5262 5266
f 5264 5266 5262
f 708 709 5260
f 709 708 5256
f 5256 5262 709
f 5260 709 5267
f 5058 5160 5172
f 5266 5267 709
f 5264 5265 5266
f 5266 5265 5270
f 5266 5270 5279
f 5270 5275 5278
f 5270 5269 5275
f 5275 5269 5320
f 5272 5263 5269
f 5272 5269 5270
f 5272 5270 5265
f 5279 5267 5266
f 5267 5279 5276
f 5258 5274 5302
f 5274 5260 5267
f 5260 5274 5258
f 5267 5276 5268
f 5279 718 5276
f 5277 5268 5276
f 5276 718 5277
f 710 5279 5278
f 5270 5278 5279
f 5283 5278 5275
f 5286 718 710
f 5279 710 718
f 5286 710 5278
f 718 5284 5015
f 5015 5284 5022
f 5022 5284 5014
f 711 5014 5284
f 5284 718 5286
f 5283 5271 5280
f 5283 5280 5284
f 5283 5284 5286
f 5283 5286 5278
f 718 655 5277
f 655 718 5157
f 655 5297 5277
f 5057 5287 5058
f 5058 5287 5160
f 5172 5160 5170
f 5170 5168 5172
f 5170 5288 5186
f 5168 5171 5289
f 5289 713 5168
f 5293 713 5289
f 5290 5295 5184
f 5184 5292 5289
f 5184 5289 5290
f 5294 5292 5184
f 5122 5184 5295
f 5122 685 5184
f 5186 5182 5185
f 5122 5185 5182
f 5249 5288 5248
f 5160 5288 5170
f 5287 5288 5160
f 5288 5249 5186
f 5182 5186 5249
f 5170 5186 5296
f 5296 5186 5185
f 5122 5295 5185
f 5185 5290 5296
f 5185 5295 5290
f 5290 5289 5291
f 5291 5289 5171
f 5168 5170 5171
f 5290 5170 5296
f 5171 5170 5291
f 5290 5291 5170
f 5268 5274 5267
f 5268 5302 5274
f 5297 5268 5277
f 5271 5283 5285
f 5285 5275 5271
f 5283 5275 5285
f 5320 5271 5275
f 5188 5258 5302
f 5187 5188 686
f 5292 5294 5298
f 5188 5189 686
f 714 686 5189
f 5195 5298 5191
f 5298 5293 5292
f 5298 5299 5293
f 5195 5299 5298
f 5292 5293 5289
f 681 5299 5195
f 5189 5300 5195
f 5300 5189 5188
f 5188 5301 5300
f 5188 5302 5301
f 5301 5297 5161
f 5161 5158 5301
f 5164 5136 5093
f 5158 5093 681
f 5159 715 5297
f 5297 715 5161
f 5302 5297 5301
f 5268 5297 5302
f 5297 655 5159
f 716 5133 5139
f 5151 716 5139
f 716 5310 5306
f 5306 9 716
f 9 5140 716
f 5306 5305 9
f 5307 9 5305
f 5321 5310 716
f 5151 5321 716
f 5305 5306 5310
f 5308 5309 5304
f 5307 5308 5304
f 5307 5304 9
f 5303 5312 5311
f 688 5312 5303
f 5206 5309 5308
f 5308 5313 5206
f 5133 5140 5149
f 5304 5140 9
f 5314 5134 5148
f 5149 5309 687
f 5315 5206 5196
f 5206 687 5309
f 5135 677 689
f 5206 5315 687
f 689 677 5204
f 5204 677 5132
f 5204 5134 689
f 677 5135 5315
f 5315 5196 677
f 5135 687 5315
f 5135 5314 687
f 5314 5149 687
f 5152 5204 5202
f 5134 5204 5148
f 5204 5152 5148
f 688 5152 5341
f 5152 5303 5148
f 688 5303 5152
f 5304 5309 5149
f 5140 5304 5149
f 5140 5133 716
f 5303 5311 5358
f 5303 5358 5148
f 5358 5357 4997
f 5012 5014 711
f 5014 5012 5282
f 5280 5013 5012
f 5012 711 5280
f 779 5358 4997
f 4999 5013 5316
f 5013 5319 5316
f 717 5316 5319
f 5013 5280 5281
f 711 5284 5280
f 5281 5280 5271
f 5281 5319 5013
f 5319 5281 5271
f 5316 717 5151
f 5357 5311 5312
f 5151 717 5321
f 5324 5310 5321
f 726 5307 5305
f 5324 5305 5310
f 5324 726 5305
f 726 5326 5307
f 5257 5327 5272
f 5320 5318 5271
f 5318 717 5319
f 5271 5318 5319
f 5273 717 5320
f 717 5318 5320
f 5321 5325 5324
f 5321 5327 720
f 5321 720 5325
f 717 5327 5321
f 5327 717 5273
f 5273 5320 5269
f 5263 5273 5269
f 5263 5272 5327
f 5327 5273 5263
f 5257 5328 5327
f 720 5327 5332
f 5328 5332 5327
f 5326 726 5325
f 726 5324 5325
f 5325 720 5323
f 5325 5323 5326
f 5323 5330 5326
f 719 5308 5307
f 688 5322 5312
f 5331 5307 5326
f 5331 719 5307
f 5331 5326 5330
f 5323 720 5332
f 5257 5254 5328
f 723 5323 5332
f 723 5332 5333
f 5328 5254 5333
f 5332 5328 5333
f 721 5333 5254
f 723 5240 5335
f 723 5245 722
f 721 5245 723
f 5333 721 723
f 5323 723 5335
f 5330 5323 5335
f 5313 5308 5198
f 5330 719 5331
f 5308 5200 5198
f 719 5200 5308
f 719 5334 5200
f 5329 5335 5334
f 719 5330 5334
f 5334 5330 5329
f 5330 5335 5329
f 5335 5242 5334
f 5340 5339 5336
f 5203 5340 5209
f 5336 5443 5342
f 5343 5344 5342
f 5343 5342 5443
f 739 5344 740
f 5343 740 5344
f 731 5342 5344
f 5342 5348 5336
f 5342 724 5348
f 688 5209 5322
f 688 5341 5209
f 5322 5209 5340
f 5349 5322 5340
f 5340 5336 5349
f 5336 5348 5349
f 5322 5349 725
f 5312 5322 725
f 5349 5350 5356
f 5350 5349 5348
f 724 731 5348
f 731 724 5342
f 731 5351 5348
f 5353 5348 5351
f 5350 5348 5356
f 5356 5348 5353
f 5349 5356 725
f 5351 5354 5353
f 5354 5356 5353
f 5356 5354 725
f 5354 5352 725
f 5357 5312 725
f 725 5352 5357
f 5352 5354 5355
f 5355 5354 5359
f 5351 5359 5354
f 732 5378 5346
f 5344 732 731
f 5346 731 732
f 5351 5378 5377
f 5346 5378 5351
f 5351 731 5346
f 5375 5552 5361
f 5317 5361 5153
f 5360 5153 5361
f 5375 5361 5317
f 5552 5363 5361
f 5357 728 4997
f 5317 727 5355
f 5355 727 728
f 5153 727 5317
f 5362 5360 5361
f 728 727 730
f 728 730 4997
f 779 4997 729
f 730 5365 4997
f 4997 5365 729
f 730 5369 5365
f 730 727 5369
f 5371 5373 5552
f 5552 5375 5376
f 5363 5362 5361
f 5153 5360 5370
f 5153 5370 727
f 727 5368 5364
f 5369 727 5364
f 727 5370 5368
f 5362 5363 5368
f 5370 5360 5362
f 5359 5375 5317
f 5375 5377 5376
f 5209 5341 5203
f 5203 5341 5152
f 5359 5317 5355
f 5357 5358 5311
f 5352 5355 5357
f 5357 5355 728
f 5377 5375 5351
f 5375 5359 5351
f 5378 732 5376
f 739 5347 5411
f 5377 5378 5376
f 5379 5376 732
f 5376 5371 5552
f 5376 5379 5371
f 5371 5379 5372
f 732 5380 5379
f 5415 5516 734
f 5382 5415 734
f 5523 734 5516
f 5385 5414 5583
f 5372 5379 5380
f 5398 765 5397
f 5391 5392 5400
f 5398 5400 5392
f 5400 5397 5391
f 5397 5400 5398
f 5397 765 5401
f 5401 768 735
f 5387 5397 5401
f 5557 5393 5386
f 732 5395 5380
f 735 5394 5401
f 732 5393 5395
f 5394 5387 5401
f 5557 5403 5393
f 5557 5556 5403
f 5394 5583 5387
f 5395 5393 5403
f 5387 5345 5397
f 5389 5391 5397
f 5388 5391 5389
f 5410 5388 5389
f 5405 5410 5389
f 5414 5387 5583
f 5387 5414 742
f 5386 5393 736
f 736 5393 5409
f 732 5409 5393
f 5345 5389 5397
f 5389 5345 5405
f 5345 5387 5407
f 5387 738 5407
f 5408 5386 736
f 5409 732 5411
f 732 5344 5411
f 5411 5347 5409
f 736 5409 5408
f 5409 5347 5408
f 5411 5344 739
f 5347 739 761
f 5386 5408 761
f 5408 5347 761
f 5345 5407 738
f 763 5405 5345
f 763 5413 5405
f 763 5345 738
f 738 5412 763
f 738 5387 742
f 5419 738 742
f 5385 5520 5414
f 5386 761 5415
f 5415 5382 5386
f 740 761 739
f 761 741 5415
f 740 5343 744
f 744 761 740
f 5343 5417 744
f 743 5417 5343
f 741 761 5418
f 5414 5520 742
f 5419 5412 738
f 5416 763 5412
f 5421 5413 5416
f 763 5416 5413
f 5417 5433 761
f 5435 5427 5433
f 5427 223 5433
f 223 5427 5428
f 761 733 5424
f 5432 5423 5529
f 761 5433 733
f 5417 761 744
f 733 5433 223
f 5417 743 5433
f 5433 743 745
f 5437 5433 743
f 5437 743 5433
f 5435 745 5438
f 5435 5436 757
f 5438 5477 5435
f 5458 5426 5440
f 5440 5426 5438
f 5440 5438 745
f 745 5435 5433
f 743 5440 745
f 5440 743 5441
f 5443 743 5343
f 743 5443 5441
f 5336 5446 5443
f 5202 5203 5152
f 5203 5444 5340
f 5444 5203 5202
f 5339 5340 5444
f 5336 5339 5337
f 5336 5337 5446
f 5337 5338 5446
f 5452 5337 746
f 746 5339 5448
f 5442 5446 5338
f 5339 746 5337
f 5337 5452 5338
f 5450 5456 5442
f 5452 5442 5338
f 5452 5450 5442
f 5453 5451 5448
f 5448 5445 746
f 5444 5448 5339
f 5202 5448 5444
f 5448 5202 5453
f 5452 5447 5450
f 5448 5451 5445
f 5452 746 5445
f 5451 5452 5445
f 5454 5452 5450
f 5450 5452 5454
f 5440 5439 5458
f 5442 5443 5446
f 5442 5456 5439
f 5443 5442 5439
f 5458 5439 5456
f 5441 5443 5439
f 5439 5440 5441
f 5457 5456 5455
f 747 5455 5450
f 5455 5456 5450
f 5457 5458 5456
f 5216 5453 5207
f 5216 5460 5449
f 5451 5453 5449
f 5452 5449 5447
f 5461 5459 5449
f 5449 5453 5216
f 5452 5451 5449
f 5463 5447 5459
f 5459 5447 5449
f 5459 5461 5463
f 5461 5449 5460
f 5464 747 5450
f 5462 5450 5447
f 5450 5462 5464
f 5462 5447 5463
f 5462 5463 5461
f 5464 5462 5466
f 5466 5461 5460
f 5466 5462 5461
f 5464 5466 747
f 747 5465 750
f 5466 5460 5216
f 5216 2838 5466
f 5220 2839 2838
f 2838 5216 5220
f 5467 2838 2787
f 5465 747 5466
f 5466 5467 5465
f 2790 5465 2787
f 5467 5466 2838
f 5465 5467 2787
f 5425 5457 750
f 2597 5468 748
f 5425 750 5469
f 5468 5469 748
f 5455 750 5457
f 747 750 5455
f 748 750 2789
f 5469 750 748
f 2789 750 5465
f 5469 5468 5425
f 5425 5468 5474
f 2597 5474 5468
f 5470 2597 2598
f 5474 2597 5470
f 5457 5425 5474
f 5475 5470 5472
f 5475 757 5436
f 5475 5436 5470
f 5470 5436 751
f 5435 757 5427
f 5436 5476 751
f 752 5435 5477
f 752 5476 5436
f 5436 5435 752
f 5438 5458 752
f 5458 5438 5426
f 752 5458 5471
f 5457 5471 5458
f 5471 5457 5474
f 5476 5474 751
f 5476 5471 5474
f 5476 752 5471
f 5474 5470 751
f 5438 752 5477
f 5427 5479 5428
f 5479 5427 757
f 757 5475 5479
f 5430 5428 5479
f 5430 5473 5479
f 5431 5430 5479
f 5430 5479 5473
f 2589 5486 2586
f 5472 5470 5480
f 2593 5480 2599
f 5480 5470 2598
f 5472 756 5479
f 5475 5472 5479
f 2598 2599 5480
f 5484 5495 5486
f 2585 5486 2590
f 5484 5482 5488
f 5487 5484 5488
f 5482 5484 5486
f 2586 5486 2585
f 5485 5482 5486
f 754 753 5490
f 755 5488 5478
f 5485 5488 5482
f 755 753 5488
f 5490 753 755
f 895 755 5478
f 6314 755 895
f 755 6314 5489
f 755 5489 5490
f 5490 5489 5529
f 5484 5487 754
f 5487 5488 754
f 754 5488 753
f 754 5491 5484
f 5495 5484 5491
f 754 5530 5491
f 5491 5526 5495
f 5525 5526 5491
f 5488 5485 5478
f 5486 5495 5496
f 895 5478 5485
f 2589 895 5485
f 2587 895 2589
f 5486 2589 5485
f 5486 5496 2590
f 5496 5495 2590
f 5495 5498 2590
f 5498 5493 225
f 5579 225 5483
f 5493 5498 5495
f 5495 5492 5493
f 5483 5493 5492
f 5493 5483 225
f 5576 5577 5499
f 5577 5576 758
f 5576 5500 758
f 2591 2594 2615
f 758 5500 2591
f 2593 5501 756
f 5480 2593 756
f 2593 2594 5501
f 770 2839 5220
f 5500 2594 2591
f 5500 5501 2594
f 5501 5500 5502
f 756 5501 5502
f 5480 756 5472
f 756 5431 5479
f 5481 756 5502
f 5502 5503 5481
f 5431 756 5481
f 5503 5431 5481
f 5431 5503 5422
f 5500 5503 5502
f 5500 5505 5503
f 5506 5503 5505
f 5500 5576 5505
f 5505 5507 5508
f 5507 5505 5576
f 5508 5506 5505
f 5511 5506 5508
f 5422 5430 5431
f 5422 5428 5430
f 5428 733 223
f 5422 5429 5428
f 5429 5422 5512
f 733 5428 5429
f 5512 5422 5506
f 5506 5511 5512
f 5512 5513 5506
f 5506 5422 5503
f 5512 5506 5513
f 741 5418 5383
f 5429 5514 733
f 5512 5515 5514
f 5424 5418 761
f 5424 733 5514
f 5429 5512 5514
f 5418 5424 5514
f 741 5383 5415
f 5514 5515 5517
f 5418 5514 5383
f 5517 5518 5514
f 5514 5518 5383
f 5511 5517 5512
f 5512 5517 5515
f 5511 5518 5517
f 5383 5516 5415
f 5516 5383 5518
f 5519 5518 5511
f 5519 5516 5518
f 5519 5523 5516
f 5521 742 5520
f 742 5521 5419
f 5492 5504 5528
f 5524 5521 5384
f 5520 5384 5521
f 5519 5511 5508
f 5524 5384 5528
f 5385 5510 5520
f 5494 5528 5384
f 5528 5494 5483
f 5495 5504 5492
f 5528 5504 5524
f 5504 5526 5527
f 5522 5504 5527
f 5522 5524 5504
f 5495 5526 5504
f 5526 5525 5527
f 5525 5434 5522
f 5522 5527 5525
f 5434 5491 5530
f 5434 5525 5491
f 5412 5419 5423
f 5423 5521 5522
f 5419 5521 5423
f 5522 5521 5524
f 5416 762 5421
f 5423 5432 5416
f 5522 5434 5423
f 762 5420 764
f 5432 5529 762
f 6308 5529 5489
f 754 5490 5530
f 5490 5529 5530
f 5529 5434 5530
f 5423 5434 5529
f 5421 762 764
f 764 5420 5421
f 5416 5412 5423
f 5432 762 5416
f 5398 5532 5549
f 5391 5537 5392
f 5388 5537 5391
f 5392 5399 5398
f 5399 5392 5537
f 6402 5532 5535
f 5398 5399 5532
f 5532 5399 5535
f 5532 5538 5533
f 6402 5538 5532
f 5532 5540 5549
f 5541 5540 5539
f 5545 5540 5541
f 5543 5700 5542
f 5700 5543 5545
f 765 768 5401
f 5544 5394 735
f 5544 735 5548
f 768 765 767
f 768 5548 735
f 5402 5544 5548
f 5542 5548 5543
f 5402 5548 5542
f 767 765 5549
f 765 5398 5549
f 5548 5534 5543
f 5540 767 5549
f 5534 5545 5543
f 768 767 5534
f 5545 5534 767
f 5542 5700 5546
f 5534 5548 768
f 5540 5545 767
f 5542 5546 5547
f 5402 5547 5544
f 5402 5542 5547
f 5547 5546 784
f 790 5551 5553
f 5716 5554 5553
f 5707 787 5551
f 5374 5363 5552
f 5554 790 5553
f 5374 790 5554
f 5373 790 5552
f 5551 790 5380
f 769 5380 790
f 5373 769 790
f 769 5372 5380
f 5371 769 5373
f 5372 769 5371
f 790 5374 5552
f 5396 5380 5395
f 5395 5403 5555
f 5555 5403 5404
f 5395 5555 5396
f 5551 5380 786
f 5396 5550 5380
f 786 5380 5550
f 5561 5396 5555
f 5550 5396 5561
f 5559 5558 5605
f 5605 5558 5583
f 5544 5605 5583
f 5544 5547 5605
f 5556 5561 5555
f 5583 5394 5544
f 5556 5404 5403
f 5404 5556 5555
f 5561 5565 5381
f 5560 5583 5558
f 5565 5561 5556
f 5570 734 5523
f 5570 5562 734
f 774 5622 5562
f 5622 5564 5562
f 5382 734 5562
f 5564 5613 5381
f 5565 5556 5557
f 5386 5565 5557
f 5386 5382 5565
f 5565 5382 5381
f 5562 5564 5381
f 5381 5382 5562
f 5134 5135 689
f 5523 5519 5571
f 5523 5563 5611
f 5563 5523 5571
f 4797 4348 8862
f 5523 5611 5570
f 5600 5595 5567
f 5567 5611 5563
f 5574 5568 5569
f 5575 5566 5572
f 5573 5575 5572
f 5509 5508 5573
f 5574 5569 5571
f 5568 5572 5566
f 5509 5573 5572
f 5507 5575 5508
f 5573 5508 5575
f 5519 5574 5571
f 5519 5508 5509
f 5519 5509 5574
f 5574 5509 5568
f 5568 5509 5572
f 5507 5576 759
f 2503 5594 2572
f 5483 5494 5579
f 5528 5483 5492
f 5584 5510 5385
f 5494 5510 5604
f 5494 5384 5510
f 5520 5510 5384
f 5583 5560 5385
f 5581 5385 5591
f 5571 5567 5563
f 5385 5581 5584
f 5507 5566 5575
f 759 5566 5507
f 5571 5569 5567
f 5600 5567 5569
f 5566 5585 5568
f 759 5585 5566
f 5560 5591 5385
f 5591 5582 5581
f 5591 5560 5558
f 5581 5582 5584
f 5584 5582 5592
f 5584 5604 5510
f 5580 5494 5578
f 5579 5494 5580
f 2575 2573 225
f 5579 5580 225
f 5599 2574 5597
f 5580 5598 5597
f 5599 5580 5578
f 5597 2574 5596
f 2574 5499 5596
f 5599 5597 5580
f 5599 759 2574
f 5499 2574 759
f 5576 5499 759
f 5499 5594 5596
f 5499 5577 2572
f 5499 2572 5594
f 5599 5585 759
f 5585 5588 5568
f 5588 5600 5568
f 5568 5600 5569
f 5600 5588 771
f 5603 5588 5585
f 5593 5603 5585
f 5585 5599 5587
f 5578 5587 5599
f 5597 5598 5580
f 5580 5597 5596
f 5585 5587 5593
f 2503 2575 5594
f 2575 5596 5594
f 5580 5596 2575
f 5580 2575 225
f 5602 5587 5578
f 5584 5586 5604
f 5603 5586 5588
f 5593 5578 5604
f 5593 5602 5578
f 771 5588 5586
f 5494 5604 5578
f 5603 5593 5604
f 5586 5603 5604
f 5602 5593 5587
f 5591 5589 5582
f 771 5586 5592
f 5584 5592 5586
f 5592 5595 771
f 5595 5592 5590
f 5559 5607 5558
f 5591 5558 5607
f 5570 5629 5562
f 5611 5567 5595
f 5595 5590 5601
f 5595 5600 771
f 5608 772 5601
f 5611 5595 5601
f 5601 772 5610
f 5610 5611 5601
f 5611 772 5570
f 5629 5570 772
f 5582 5589 5608
f 5590 5582 5608
f 5607 5620 5591
f 5623 5619 5617
f 5620 5607 5559
f 5620 5559 5606
f 5620 5606 5671
f 5619 5620 5671
f 5620 5623 5615
f 5620 5619 5623
f 5592 5582 5590
f 5601 5590 5608
f 5609 772 5608
f 5609 5608 5589
f 5610 772 5611
f 5609 5589 5625
f 5591 5625 5589
f 772 5609 5629
f 5629 5625 774
f 5629 5609 5625
f 5615 5616 5625
f 5615 5625 5591
f 5623 5616 5615
f 5624 773 5616
f 773 5628 5616
f 5616 5626 5625
f 5626 774 5625
f 774 5562 5629
f 5615 5591 5620
f 5628 5622 5626
f 773 5622 5628
f 5626 5616 5628
f 5626 5622 774
f 5622 773 5564
f 773 5613 5564
f 5561 5381 5613
f 5612 5550 5613
f 5616 5623 565
f 773 5624 5630
f 5624 5616 565
f 5614 5624 565
f 5633 5613 5630
f 773 5630 5613
f 548 776 5662
f 5550 5612 5632
f 5631 5612 5614
f 5631 5634 5668
f 5614 5630 5624
f 5634 5631 5614
f 5638 5612 5631
f 5550 5561 5613
f 5612 5613 5614
f 5613 5633 5614
f 5633 5630 5614
f 5634 5614 5635
f 565 5618 5614
f 565 5623 5617
f 5617 5677 565
f 565 5677 5618
f 5618 5635 5614
f 5618 5627 5635
f 5666 5635 5627
f 548 4419 778
f 776 548 778
f 5655 5636 777
f 5632 5638 5640
f 786 5550 5632
f 5632 5640 5641
f 5644 5640 5638
f 5640 5642 5645
f 5643 5551 786
f 5641 5643 786
f 5641 786 5632
f 5551 5643 5645
f 5640 5643 5641
f 5645 5643 5640
f 5553 5551 787
f 5370 5362 5368
f 5642 5640 5654
f 5707 5551 5645
f 5648 5707 5645
f 5648 5651 5707
f 5642 5646 5648
f 5647 5655 5649
f 793 5651 5646
f 5654 5646 5642
f 5644 5654 5640
f 5646 5651 5648
f 5648 5645 5642
f 5654 5647 5646
f 5644 5655 5654
f 5654 5655 5647
f 5649 5655 5650
f 4419 5660 778
f 777 4478 5655
f 777 4421 4478
f 5650 4478 4421
f 4423 4432 4421
f 5657 4414 4416
f 5655 4478 5650
f 4421 5656 5650
f 4421 5665 5660
f 780 5662 4418
f 4416 4418 5662
f 4414 4418 5658
f 4418 4416 5658
f 5662 5669 4416
f 5669 5662 5661
f 777 5665 4421
f 4421 5660 4419
f 776 778 5662
f 5663 5661 5662
f 5663 778 5660
f 5665 5663 5660
f 5662 778 5663
f 5665 5661 5663
f 5664 5661 5665
f 5664 5665 5666
f 5669 5661 5664
f 5639 5664 5667
f 5666 5667 5664
f 5639 5627 5618
f 5627 5639 5666
f 5634 5635 5668
f 5667 5666 5639
f 5666 5665 5637
f 5639 5618 5677
f 5612 5638 5632
f 5637 5668 5635
f 5638 5631 5668
f 5644 5638 5668
f 5644 5636 5655
f 5664 5639 5669
f 5644 5668 5636
f 5636 5665 777
f 5668 5637 5636
f 5637 5635 5666
f 5665 5636 5637
f 5639 5677 5669
f 784 5703 5672
f 5538 5674 5673
f 784 5672 5675
f 5675 5547 784
f 5671 5606 5675
f 5675 5621 5671
f 5606 5559 5605
f 5675 5606 5547
f 5547 5606 5605
f 5677 5671 5675
f 5617 5671 5677
f 5671 5617 5619
f 5621 5675 5671
f 5675 5676 5677
f 5659 5669 5677
f 5659 5677 5676
f 5669 5657 4416
f 5675 5679 5676
f 5679 785 5676
f 5676 785 781
f 5669 5659 5657
f 4415 4414 5682
f 781 5657 5659
f 781 5659 5676
f 4416 4414 5658
f 5656 4421 4432
f 5682 5657 796
f 5682 4414 5657
f 5657 781 796
f 796 781 5680
f 783 5950 5678
f 5678 5950 5780
f 5685 5678 5780
f 5685 5687 5690
f 5646 5647 5730
f 5730 793 5646
f 5680 785 5679
f 781 785 5680
f 5680 5679 5652
f 5672 5679 5675
f 5672 5652 5679
f 5687 5685 5691
f 5780 5684 5685
f 5691 5684 5695
f 5684 5691 5685
f 5691 5690 5687
f 783 5678 832
f 832 5678 5685
f 832 5685 5690
f 5692 5690 766
f 8247 4348 4569
f 5690 5691 766
f 5695 5693 5691
f 5691 5693 766
f 4797 4899 4348
f 5695 5696 5693
f 5693 5697 766
f 5533 5540 5532
f 5538 5673 5533
f 766 5673 5692
f 5692 5673 5674
f 5673 5697 5533
f 5533 5697 5693
f 5697 5673 766
f 5698 5533 5693
f 5693 5696 5698
f 5540 5533 5698
f 5540 5698 5696
f 5540 5696 5539
f 5539 5696 5541
f 5700 5545 5541
f 5546 782 784
f 5703 784 782
f 5700 5701 5546
f 5546 5701 782
f 5541 5696 5702
f 5704 5701 5700
f 5699 5703 5701
f 805 5702 5696
f 5700 5541 5702
f 5701 5705 5699
f 5703 782 5701
f 805 5696 5695
f 805 5670 5705
f 5706 5652 5699
f 5701 5704 805
f 5704 5702 805
f 5694 805 5695
f 5702 5704 5700
f 5705 5701 805
f 5706 5699 5705
f 5672 5703 5652
f 5703 5699 5652
f 787 5707 5724
f 5724 5709 5711
f 795 5709 5724
f 5711 789 5708
f 789 5713 5714
f 5709 789 5711
f 789 5709 5713
f 5712 5711 5708
f 5712 5708 789
f 5714 5715 789
f 5716 5710 5554
f 5553 787 5716
f 5712 5710 5711
f 5711 5716 5724
f 5716 5711 5710
f 5724 5716 787
f 5712 5715 5554
f 5710 5712 5554
f 5374 5717 5368
f 789 5715 5712
f 5554 5715 5374
f 5374 5715 5717
f 5374 5368 5363
f 5717 5364 5368
f 5364 5717 5722
f 5715 5653 5717
f 5369 5367 5365
f 5369 5364 5367
f 5365 5367 729
f 5722 5723 5364
f 5719 5367 5723
f 729 5367 5720
f 4995 729 5720
f 5367 5364 5723
f 5720 5367 5366
f 5718 5366 5367
f 5366 5718 5720
f 5718 5721 4988
f 5718 4995 5720
f 5719 5723 5718
f 792 5722 5653
f 788 792 5713
f 792 5721 5722
f 788 5757 792
f 5713 792 5714
f 5714 792 5653
f 5714 5653 5715
f 5717 5653 5722
f 5367 5719 5718
f 5725 5724 5707
f 5724 5731 795
f 5707 5651 5725
f 5726 5724 5725
f 5724 5726 5731
f 5727 4422 4431
f 793 5725 5651
f 798 5729 5727
f 5656 4432 5727
f 5729 5656 5727
f 5729 5650 5656
f 5647 5649 5730
f 5726 5725 5728
f 5726 5725 793
f 5728 5725 5726
f 5730 5726 793
f 5726 5730 794
f 5730 5649 794
f 5649 5650 794
f 794 5650 5729
f 788 5709 5731
f 794 5731 5726
f 794 5729 798
f 5759 5731 794
f 5727 4431 798
f 5731 5759 788
f 5713 5709 788
f 5731 5709 795
f 801 5736 5735
f 797 5735 5736
f 5732 5737 797
f 5738 797 5736
f 797 5738 5732
f 4412 554 563
f 5732 4480 5740
f 5737 5732 5740
f 5738 5741 5732
f 798 4431 4481
f 5732 4431 4480
f 4481 4431 5732
f 5681 5682 796
f 5681 553 5682
f 4484 4482 5681
f 5681 796 4484
f 798 5734 794
f 5734 5741 5738
f 5734 798 4481
f 5741 5734 4481
f 5741 4481 5732
f 5734 5738 5733
f 5680 5743 796
f 5739 5735 797
f 797 5737 5739
f 801 5735 800
f 801 800 5747
f 800 5735 5739
f 5740 5739 5737
f 5740 4480 4479
f 5745 5740 4479
f 5745 4479 5746
f 5739 5740 5745
f 5745 5744 5739
f 5744 5746 800
f 800 5739 5744
f 5744 5745 5746
f 4947 4946 5746
f 5748 5747 5746
f 5746 5747 800
f 4946 5748 5746
f 4958 5747 5748
f 4958 5748 4946
f 4946 791 4939
f 4939 5756 4946
f 4946 5751 4958
f 4958 799 5747
f 4946 5756 5751
f 801 5747 799
f 4958 5751 5750
f 5751 5756 5749
f 5751 5749 5750
f 4933 4939 791
f 803 5721 5755
f 803 5753 5721
f 5753 4933 4932
f 5721 5718 5723
f 5721 5723 5722
f 5753 4988 5721
f 5718 5753 4995
f 5718 4988 5753
f 803 5755 5753
f 5755 4933 5753
f 4939 5755 5756
f 4933 5755 4939
f 5754 5756 5755
f 5721 5757 5754
f 5754 5755 5721
f 5756 5754 5757
f 5757 5721 792
f 5758 5757 788
f 5757 5749 5756
f 5749 5757 5758
f 5759 794 5734
f 5733 5759 5734
f 5736 5758 5733
f 5759 5758 788
f 5759 5733 5758
f 5733 5738 5736
f 5758 5736 5752
f 5752 5749 5758
f 5761 5749 5752
f 5761 5750 5749
f 5752 5736 5761
f 5761 801 799
f 5761 5736 801
f 5761 4958 5750
f 4958 5761 799
f 5760 5762 5765
f 5760 5765 5776
f 5768 5760 5776
f 5764 5706 5688
f 5743 5776 5766
f 5768 5776 5743
f 5680 5764 5743
f 5763 5773 5765
f 5763 5765 5762
f 5762 5760 5767
f 5743 5764 5768
f 5764 5769 5768
f 5764 5680 5706
f 5764 5688 5769
f 5688 5706 5705
f 5670 802 5705
f 5652 5706 5680
f 5705 5762 5760
f 5705 802 5762
f 5760 5769 5688
f 5769 5760 5768
f 5767 5760 5762
f 5763 5762 802
f 802 5772 5763
f 802 5670 5772
f 5705 5760 5688
f 5771 5686 5772
f 5694 804 5771
f 805 5694 5771
f 805 5771 5670
f 5684 804 5695
f 5694 5695 804
f 5686 5771 804
f 5771 5772 5670
f 5780 804 5684
f 5770 804 5780
f 5770 5686 804
f 5950 5774 5780
f 5774 5950 5947
f 5773 5763 5772
f 5772 4495 5773
f 4499 4498 4497
f 5775 5765 5773
f 5775 5776 5765
f 5766 5777 796
f 796 5743 5766
f 5779 5742 5777
f 5766 5776 5777
f 5742 5779 5776
f 5777 5776 5779
f 4494 5775 5773
f 5686 4498 5772
f 5686 5770 5780
f 4498 4495 5772
f 5686 5780 4498
f 4498 5780 4497
f 5777 4484 796
f 5783 5742 5778
f 5742 5783 5777
f 5775 5742 5776
f 5781 5778 5742
f 5773 4495 4494
f 5775 4494 5781
f 5775 5781 5742
f 4495 4492 4494
f 4492 4495 4496
f 4493 4494 4492
f 4494 4493 5782
f 4484 5777 5783
f 4494 5782 5781
f 806 560 4484
f 5783 5778 806
f 5783 806 4484
f 5778 5782 806
f 5778 5781 5782
f 5819 4497 5774
f 4497 5780 5774
f 4495 4499 4496
f 5819 4499 4497
f 4495 4498 4499
f 4500 4513 566
f 564 4503 5787
f 5787 5788 564
f 5792 5790 5793
f 5864 5789 5793
f 5789 5792 5793
f 5789 5864 5796
f 564 5788 5798
f 564 5798 5792
f 5790 5792 5798
f 5788 5790 5798
f 5789 5799 564
f 5792 5789 564
f 5800 5787 4503
f 5800 4503 4512
f 5803 4512 5786
f 4512 5804 5786
f 7485 4508 4513
f 4513 4508 4504
f 5785 5803 5786
f 5800 5801 5787
f 4513 4500 4510
f 5813 5812 5806
f 5836 5816 810
f 5816 5814 5815
f 5793 5815 5864
f 5815 5793 5791
f 5791 819 5815
f 5813 810 819
f 5815 810 5816
f 810 5815 819
f 808 810 5813
f 808 5826 810
f 5812 5813 5791
f 5801 5812 5787
f 5811 5805 5885
f 5811 5812 5801
f 819 5791 5813
f 5790 5791 5793
f 5791 5790 5788
f 5787 5812 5791
f 5787 5791 5788
f 809 4510 4500
f 4500 5808 809
f 4501 5784 4500
f 4500 5784 5808
f 4499 5818 5784
f 4499 5819 5818
f 5784 5818 5808
f 5819 5829 5818
f 5820 5822 5683
f 5683 5822 5821
f 5821 5947 5683
f 5819 5820 5829
f 5774 5822 5819
f 5821 5822 5774
f 5947 5821 5774
f 5819 5822 5820
f 5833 5818 5829
f 813 811 5830
f 813 5830 5831
f 811 812 5827
f 811 5828 5825
f 812 811 5825
f 813 5828 811
f 5833 5829 5823
f 5810 811 5827
f 5818 5954 809
f 5816 5836 5837
f 5827 5837 5836
f 811 5810 5826
f 5826 5830 811
f 5954 5818 5833
f 5830 5806 5817
f 809 5808 5818
f 5812 5811 5806
f 5880 5806 5811
f 5830 5826 5806
f 810 5826 5836
f 5813 5806 808
f 808 5806 5826
f 5810 5836 5826
f 5827 5836 5810
f 5842 817 5827
f 817 5837 5827
f 5827 812 814
f 815 814 5825
f 814 812 5825
f 814 815 5827
f 815 5842 5827
f 815 5870 5839
f 5904 828 5839
f 5839 5846 815
f 1060 815 5846
f 5842 1060 5844
f 1060 5846 1057
f 5842 815 1060
f 1060 5843 5844
f 1060 1057 5843
f 5843 1057 5845
f 5845 1055 5843
f 5839 828 5846
f 5843 1055 5851
f 817 5842 816
f 5842 5844 816
f 5850 5863 817
f 817 5863 5837
f 5844 817 816
f 5852 817 5851
f 5851 5844 5843
f 5844 5851 817
f 5850 817 5852
f 5850 5855 5794
f 5794 5863 5850
f 5855 5850 5854
f 5852 7066 5850
f 7066 5855 5850
f 5850 5855 5854
f 5794 5855 5857
f 5857 5856 1053
f 5855 5856 5857
f 1053 5853 1052
f 1053 1052 5857
f 818 1052 5860
f 5862 5795 5861
f 5862 5861 5864
f 5837 5814 5816
f 5863 5794 5837
f 5837 5794 820
f 5862 820 5860
f 5857 818 5794
f 5862 5814 820
f 5814 5837 820
f 5862 5864 5814
f 5815 5814 5864
f 820 5794 818
f 5860 820 818
f 5862 5860 5866
f 5861 5796 5864
f 5795 5796 5861
f 5857 1052 818
f 5865 5866 5853
f 5866 1052 5853
f 5860 1052 5866
f 5870 815 5825
f 5831 5830 5817
f 5874 821 5867
f 5875 821 5874
f 5874 5867 5870
f 5825 5874 5870
f 5828 5874 5825
f 5828 813 5874
f 5875 5874 813
f 5805 5811 5801
f 5801 5800 5805
f 5805 5797 5885
f 5800 4512 5876
f 5800 5797 5805
f 5876 4512 5803
f 5811 5885 840
f 5800 5876 5797
f 5878 5880 5811
f 5885 5878 840
f 5831 5832 813
f 5880 5817 5806
f 5882 5832 5831
f 5832 5875 813
f 5880 5881 5817
f 5881 5880 5878
f 5881 5831 5817
f 5883 5884 821
f 5811 840 5878
f 5887 5886 838
f 839 5928 5886
f 5877 823 5891
f 823 5877 5876
f 5803 823 5876
f 5797 5876 5968
f 5797 5968 5892
f 5882 5881 5879
f 5879 5903 5882
f 824 5879 5881
f 824 5893 5879
f 824 5881 5878
f 5892 5878 5885
f 5878 5892 824
f 5877 5968 5876
f 5885 5797 5892
f 5892 5893 824
f 5882 5831 5881
f 5875 5832 5882
f 5875 5882 5883
f 5882 5903 5883
f 5883 821 5875
f 5883 5897 5884
f 5897 5895 5884
f 5871 5902 5903
f 5884 5895 5896
f 821 5894 5867
f 821 5896 5894
f 5884 5896 821
f 5869 5872 5849
f 5905 5904 5839
f 828 5848 5846
f 5908 1057 5846
f 1057 5908 5869
f 5908 5846 5906
f 5869 5908 5872
f 5846 5848 5906
f 828 5838 5848
f 5838 828 5904
f 5838 5905 5847
f 5838 5904 5905
f 5838 5847 5848
f 5900 5906 5848
f 5906 5900 5908
f 5908 5900 7074
f 826 5900 5995
f 5848 5899 5900
f 5841 5840 5847
f 5847 5905 5841
f 5901 5848 5847
f 5899 5848 5901
f 5847 5909 5899
f 5847 5899 5901
f 5909 5911 5899
f 5911 5900 5899
f 5909 5847 870
f 5847 5840 870
f 5840 5841 5912
f 5840 5910 870
f 5912 6172 5910
f 5910 5840 5912
f 5914 873 825
f 5912 5841 5913
f 5841 5920 5913
f 5920 825 5913
f 829 5914 825
f 5920 829 825
f 5924 829 5907
f 5841 5905 5920
f 5905 5925 5920
f 5924 5907 5926
f 5920 5907 829
f 5867 5926 5870
f 5926 5907 5870
f 5907 5925 5839
f 5839 5925 5905
f 5925 5907 5920
f 5839 5870 5907
f 5897 5902 5895
f 5867 5924 5926
f 5902 5923 5895
f 5896 5895 5923
f 5902 5897 5903
f 5927 829 5894
f 5867 5894 5924
f 5924 5894 829
f 5894 5896 5927
f 871 5902 873
f 871 5927 5896
f 5896 5902 871
f 871 5914 5927
f 5927 5914 829
f 5888 5887 5922
f 5887 5835 5922
f 5928 5932 838
f 5932 5835 5887
f 838 5932 5887
f 831 830 5929
f 5932 5934 5835
f 5932 5833 5823
f 5934 5932 5823
f 831 5922 5835
f 831 5835 830
f 5930 5929 830
f 5934 830 5835
f 5949 5930 830
f 5937 5931 5916
f 5937 831 5929
f 5937 5930 5931
f 5916 5936 5942
f 5931 5936 5916
f 5930 5937 5929
f 5916 5942 5937
f 5942 6205 5941
f 6408 5689 832
f 5941 6205 5943
f 6205 5942 5939
f 5939 5942 5936
f 5939 6408 912
f 5939 5689 6408
f 783 832 5689
f 5939 5936 5945
f 5945 5689 5939
f 5933 5931 5949
f 5948 5820 5683
f 5829 5820 5934
f 5934 5823 5829
f 5950 5824 5947
f 5948 5683 5946
f 5931 5945 5936
f 5946 5683 5947
f 5934 5820 5935
f 5947 5824 5946
f 5948 5935 5820
f 5935 830 5934
f 5930 5949 5931
f 5945 5933 5689
f 5945 5931 5933
f 5933 5946 5689
f 5933 5948 5946
f 5948 5949 5935
f 5933 5949 5948
f 5935 5949 830
f 5950 783 5689
f 5689 5946 5950
f 5950 5946 5824
f 839 836 833
f 5963 833 836
f 5928 839 5952
f 5928 838 5886
f 839 833 5952
f 5959 833 5963
f 5932 5951 5833
f 5928 5951 5932
f 833 5954 5952
f 5954 833 5959
f 5928 5952 5953
f 5951 5928 5953
f 5954 5953 5952
f 809 5954 5959
f 5951 5954 5833
f 5951 5953 5954
f 4510 809 5807
f 5955 4513 4510
f 5959 5807 809
f 5807 5959 4510
f 5955 4510 834
f 5955 834 7504
f 5957 834 1120
f 4510 5959 834
f 1123 5957 1120
f 834 5959 1120
f 1120 1122 5961
f 6055 1122 5956
f 1120 5961 1123
f 5958 1123 5962
f 1123 5961 5965
f 5965 5962 1123
f 5962 835 7510
f 5966 835 5962
f 5966 6055 835
f 5967 1122 5966
f 1122 6055 5966
f 5961 5966 5962
f 5961 5967 5966
f 5967 5961 1122
f 5962 5965 5961
f 5973 5976 5834
f 5969 5968 5877
f 5922 5919 5888
f 839 837 836
f 5887 5888 5919
f 5922 6195 5919
f 5887 5919 5970
f 5887 5972 5886
f 5972 5981 5886
f 837 5886 5981
f 5964 5956 1120
f 5964 5974 5956
f 7515 5956 5974
f 5964 1120 5959
f 5973 5974 5964
f 5977 5973 5964
f 5971 5834 5976
f 5963 5964 5959
f 837 839 5886
f 5977 5976 5973
f 5977 5964 5963
f 837 5979 5971
f 5971 836 837
f 5971 5976 836
f 5963 836 5977
f 5977 836 5976
f 5971 5979 5978
f 849 5971 5978
f 5972 5887 5970
f 5981 5972 5979
f 5979 837 5981
f 5970 5983 5972
f 5883 5903 5897
f 6195 5984 5970
f 5970 5919 6195
f 5984 5983 5970
f 5898 873 5902
f 5871 5898 5902
f 5914 871 873
f 5923 5902 5896
f 5992 841 5879
f 5890 5968 5969
f 5969 5877 5891
f 5889 5969 5891
f 5893 5968 5992
f 5892 5968 5893
f 5992 5879 5893
f 5879 841 5903
f 5990 5903 841
f 849 5999 5834
f 5890 6051 5968
f 5992 5968 5994
f 10 841 5992
f 5903 5990 6003
f 5871 5903 6003
f 5982 5980 5983
f 5982 5984 5997
f 5983 5984 5982
f 5983 5980 5972
f 5971 849 5834
f 850 5978 5979
f 5972 5980 5979
f 5834 5999 5973
f 6051 5994 5968
f 5994 5993 5992
f 6047 849 5989
f 6062 6001 5890
f 5973 5999 5975
f 5973 5975 5974
f 10 6008 841
f 5990 841 6008
f 6002 10 5992
f 6008 10 6052
f 6052 6079 6008
f 6006 6008 6004
f 6006 6054 6005
f 6016 5987 5986
f 6010 6011 6013
f 6038 6018 6011
f 843 6011 6010
f 6005 6010 6013
f 6006 6005 6013
f 6054 6006 6004
f 6005 6054 6010
f 6019 6045 6016
f 166 5996 5871
f 5988 5996 5986
f 5996 6161 5871
f 166 5986 5996
f 5990 6007 6003
f 5990 6008 6007
f 6017 6007 6006
f 5871 6003 166
f 6006 6007 6008
f 5986 166 6017
f 6006 6013 6017
f 6017 166 6003
f 6003 6007 6017
f 6017 6015 5986
f 6013 6015 6017
f 6019 6013 6011
f 6015 6016 5986
f 6019 6016 6013
f 6013 6016 6015
f 397 2295 2147
f 2147 845 397
f 397 845 6020
f 6020 845 6021
f 2295 1025 2147
f 2292 2295 397
f 397 6020 2287
f 847 863 864
f 2291 397 2287
f 2323 842 2326
f 842 2294 2292
f 2291 842 2292
f 6020 6021 6029
f 2292 2294 2295
f 845 864 6021
f 397 2291 2292
f 2282 2294 842
f 2294 2293 2295
f 864 845 847
f 1025 845 2147
f 845 865 847
f 864 863 6029
f 6032 6041 855
f 6034 6018 6038
f 855 6041 856
f 6043 6044 6028
f 6037 6043 6028
f 6045 6014 6022
f 6032 6033 6046
f 6046 6041 6032
f 6022 6046 6033
f 6042 6048 6034
f 6041 6034 6048
f 6011 843 6038
f 6039 6011 6018
f 6019 6011 6039
f 6018 6034 6039
f 6045 6034 6046
f 6014 6045 6046
f 6019 6039 6045
f 6046 6034 6041
f 6045 6039 6034
f 6022 6014 6046
f 6050 6051 6001
f 10 6002 6052
f 1171 16 1126
f 6049 6063 6000
f 5975 5999 6000
f 6063 6057 6000
f 1127 1126 7528
f 16 7528 1126
f 5991 6058 6057
f 6055 5956 1127
f 6055 1127 835
f 6000 6057 5975
f 5975 6057 5974
f 6057 6063 5991
f 6058 5974 6057
f 7515 5974 6058
f 6049 6050 6001
f 5999 6047 6050
f 6050 6047 6051
f 5989 6061 6047
f 6001 6051 5890
f 5994 6051 6061
f 6061 6051 6047
f 849 6047 5999
f 5999 6049 6000
f 6049 6001 6062
f 6063 6049 6062
f 6049 5999 6050
f 6053 5993 6060
f 6061 5993 5994
f 6052 6002 6053
f 6053 6002 5992
f 6060 5993 6061
f 6053 5992 5993
f 6061 5989 6060
f 5989 822 6064
f 6060 5989 6064
f 5989 849 822
f 850 6067 6071
f 850 6071 5978
f 6053 6065 6052
f 6076 851 6071
f 5998 6009 6067
f 6060 6066 6053
f 6194 872 6068
f 5997 6070 5982
f 853 6073 6070
f 5997 6069 6070
f 6068 6069 5997
f 5980 5982 6070
f 5998 6067 850
f 850 5980 5998
f 5978 6071 822
f 849 5978 822
f 850 5979 5980
f 6064 6066 6060
f 6066 851 6065
f 6071 6064 822
f 6066 6064 6071
f 5980 6070 6073
f 6065 6053 6066
f 852 6073 853
f 6073 6081 5980
f 6073 852 6081
f 6071 851 6066
f 6067 6009 6071
f 853 6069 6068
f 853 6074 6069
f 6070 6074 853
f 6069 6074 6070
f 872 6080 853
f 872 853 6068
f 6075 851 6076
f 5998 5980 6081
f 6076 6077 6075
f 6076 6078 6077
f 6009 6078 6076
f 6076 6071 6009
f 852 853 6081
f 6080 872 6191
f 6080 6081 853
f 6072 5998 6081
f 5998 6078 6009
f 6072 6080 6054
f 6072 6081 6080
f 6004 6008 6082
f 6079 6075 6077
f 6072 6054 6004
f 6082 6077 6078
f 6010 6054 6080
f 6077 6082 6079
f 6082 6008 6079
f 6082 6078 6004
f 5998 6004 6078
f 6075 6065 851
f 6079 6052 6075
f 6075 6052 6065
f 6004 5998 6072
f 6010 6012 843
f 6012 6010 6080
f 6087 6095 6024
f 6111 854 6091
f 6094 6093 6031
f 6091 6128 6031
f 6031 6093 6091
f 6088 6093 6094
f 6095 6088 6024
f 6097 6035 6028
f 6036 6110 6101
f 6096 6084 6101
f 6101 6110 6096
f 6095 6084 6110
f 6096 6110 6084
f 6087 6084 6095
f 6044 6097 6028
f 6043 6103 6044
f 6028 6101 6037
f 6100 6097 6044
f 6035 6101 6028
f 6101 6035 6036
f 6044 6103 6100
f 6043 6104 6103
f 6105 856 857
f 6105 6037 856
f 6037 6105 6043
f 6104 6043 6105
f 6027 6107 6032
f 6101 855 6037
f 855 856 6037
f 855 6027 6032
f 6027 855 6101
f 6107 6033 6032
f 6027 6102 6106
f 6101 6102 6027
f 6107 6027 6106
f 6106 6101 6084
f 6102 6101 6106
f 6108 6084 6087
f 6109 866 6107
f 6109 6107 6106
f 6097 6099 6035
f 6104 6116 6103
f 6103 6116 6100
f 6097 6100 6099
f 6099 6036 6035
f 6083 846 6150
f 6108 6106 6084
f 6093 6088 6095
f 6112 6093 6095
f 6110 6036 6112
f 6099 6112 6036
f 6110 6112 6095
f 860 6112 6099
f 860 6099 6113
f 6114 6104 6105
f 6104 858 6116
f 6105 857 6114
f 858 6104 6114
f 6100 6116 6099
f 6115 6113 6099
f 6099 6116 6115
f 6113 6115 6118
f 6115 6116 858
f 6115 858 6118
f 6112 6119 6093
f 6266 6093 6120
f 6262 6120 6093
f 6091 6093 6266
f 6111 6091 6266
f 6111 6266 861
f 854 6111 861
f 861 886 6121
f 887 886 861
f 6127 861 6121
f 2284 6125 6122
f 6125 2284 2288
f 6092 2284 6122
f 6121 6092 6122
f 6121 886 6092
f 6121 6089 6127
f 6089 6121 6131
f 6131 6121 6122
f 6131 6122 6123
f 863 6123 6125
f 6125 6123 6122
f 6131 6123 6132
f 6089 6131 6145
f 863 6132 6123
f 6131 6130 6145
f 6132 6130 6131
f 863 847 6025
f 6029 863 6020
f 6129 1025 6133
f 6132 6025 6130
f 6025 6132 863
f 845 1025 6129
f 847 865 6025
f 6137 6133 6134
f 6130 6025 6133
f 6130 6133 6137
f 865 845 6129
f 6029 6021 864
f 6025 6129 6133
f 6129 6025 865
f 2295 2293 6135
f 6133 1025 6023
f 1025 2295 6135
f 6135 6023 1025
f 2293 6023 6135
f 2293 6136 6023
f 6137 6138 6130
f 6136 6134 6023
f 6023 6134 6133
f 6137 6134 6138
f 6030 6136 6126
f 6126 6270 6134
f 6126 6134 6030
f 6136 6030 6134
f 6134 6268 6138
f 6140 877 6124
f 884 6124 877
f 6150 6124 884
f 6113 6229 860
f 6139 6233 6090
f 6138 6140 6142
f 6109 6151 6230
f 6151 6150 6231
f 6139 6090 6231
f 6151 6231 6090
f 6230 6151 6090
f 6142 6130 6138
f 846 925 6124
f 854 861 6149
f 6031 6128 6083
f 6142 6145 6130
f 854 6128 6091
f 6094 6147 6088
f 6124 925 6140
f 6109 6143 6151
f 6085 6106 6108
f 925 6146 6152
f 925 846 6146
f 6108 6087 6086
f 6083 6146 846
f 6083 6094 6031
f 6083 6128 6146
f 6128 854 6148
f 6085 6143 6109
f 6106 6085 6109
f 6083 6150 6147
f 6085 6108 6143
f 6151 6108 6086
f 6151 6086 6087
f 846 6124 6150
f 6142 6140 6149
f 925 6152 6140
f 6149 6140 6152
f 6149 6145 6142
f 6148 6152 6146
f 6128 6148 6146
f 6149 6152 854
f 6127 6149 861
f 6144 6151 6087
f 6083 6147 6094
f 6144 6088 6147
f 6024 6088 6144
f 854 6152 6148
f 6089 6145 6149
f 6089 6149 6127
f 6024 6144 6087
f 6144 6147 6150
f 6151 6144 6150
f 6108 6151 6143
f 6114 6154 858
f 6114 6157 6154
f 867 6157 6185
f 6189 868 6158
f 6154 6157 867
f 6157 6158 868
f 868 6185 6157
f 6040 6157 6114
f 6040 6114 857
f 6042 6034 859
f 867 924 6184
f 859 6158 6157
f 6189 6158 6012
f 843 6012 6038
f 6158 6038 6012
f 6026 859 6098
f 6048 6040 857
f 6026 6040 6048
f 6048 857 856
f 6042 859 6026
f 6048 856 6041
f 6161 5996 946
f 6098 6040 6026
f 6040 6098 6157
f 6042 6026 6048
f 6157 6098 859
f 6038 6158 859
f 6038 859 6034
f 6109 6159 866
f 6045 6022 5987
f 6016 6045 5987
f 946 5988 5987
f 5996 5988 946
f 5988 5986 5987
f 6164 5987 6022
f 844 6022 6033
f 844 6033 6107
f 6022 844 6162
f 6162 844 6163
f 866 6163 6107
f 6107 6163 844
f 6164 6022 6162
f 6170 931 6165
f 6166 6161 946
f 6163 866 6159
f 6163 6159 6162
f 6169 6167 6159
f 6167 6162 6159
f 6162 6167 6164
f 5987 6167 6169
f 6167 5987 6164
f 6166 946 5987
f 5912 920 6172
f 869 928 921
f 5909 870 5911
f 5911 870 6533
f 870 869 921
f 5910 869 870
f 6172 928 5910
f 928 869 5910
f 825 6176 5913
f 6177 5915 6176
f 873 5898 5915
f 5917 6177 6176
f 6176 825 5917
f 5917 825 6177
f 6177 825 873
f 5898 5871 5915
f 6178 6161 6170
f 6178 5915 5871
f 6161 6178 5871
f 873 5915 6177
f 6176 6175 5913
f 6165 6178 6170
f 6176 6180 6175
f 6178 6176 5915
f 6176 6178 6165
f 6166 6170 6161
f 6179 6180 6165
f 5912 5913 6175
f 6175 6173 5912
f 6165 6180 6176
f 6181 5985 6200
f 6181 6183 5985
f 5985 6183 6160
f 6184 6187 926
f 867 6185 924
f 6184 924 6185
f 6187 6184 6185
f 926 929 6160
f 6187 6185 868
f 6080 6189 6012
f 926 6156 929
f 929 6192 6160
f 5985 6160 6192
f 926 6189 6156
f 6156 6192 929
f 868 926 6187
f 6189 926 868
f 6156 6189 6190
f 6191 6190 6189
f 6191 6189 6080
f 6156 6190 6192
f 6190 6191 6192
f 6192 6193 6194
f 6191 6193 6192
f 6191 872 6193
f 5985 6192 6194
f 872 6194 6193
f 5985 6194 6068
f 5997 5985 6068
f 6200 5997 5984
f 5997 6200 5985
f 8291 4348 4899
f 6195 5922 874
f 6195 874 6196
f 5944 5938 5940
f 5918 874 6198
f 5938 5918 6198
f 5937 5938 6197
f 5942 5940 5938
f 5942 5938 5937
f 5922 6198 874
f 5937 6197 831
f 6197 6198 831
f 831 6198 5922
f 6197 5938 6198
f 5984 6195 6200
f 6201 6195 6196
f 6181 6200 917
f 6195 6201 6200
f 6182 6201 6196
f 5944 874 5918
f 6201 6182 6200
f 917 6200 6182
f 6202 6182 6196
f 6182 917 916
f 6181 917 6438
f 916 917 6182
f 6439 6438 917
f 6404 6196 874
f 874 5944 6404
f 5918 5938 5944
f 5940 5942 5941
f 6205 5939 912
f 5940 5941 5943
f 5940 5943 6203
f 6203 5943 6205
f 908 6213 6207
f 879 6213 908
f 6217 6214 936
f 6214 6207 6213
f 6214 6209 6207
f 6209 6226 6207
f 6209 6219 6218
f 6220 6219 6221
f 6217 936 6221
f 6217 6221 6219
f 6219 6209 6217
f 6214 6217 6209
f 6220 6221 936
f 6220 6214 6211
f 6211 6214 881
f 881 6300 6211
f 6297 6263 6220
f 6220 936 6214
f 6211 892 6220
f 882 875 6219
f 6218 875 6209
f 875 6218 6219
f 6222 882 6219
f 6220 6263 6219
f 882 6226 875
f 6236 6226 882
f 6209 875 6226
f 6113 6118 6117
f 6117 6118 6153
f 6117 6229 6113
f 6117 6153 6229
f 6232 6229 6153
f 884 6231 6150
f 6139 6231 6233
f 6112 860 6119
f 884 6239 6231
f 6233 6246 6090
f 6229 6232 860
f 6231 6239 6233
f 6262 6119 860
f 6208 6237 6213
f 6246 6230 6090
f 6153 6236 6232
f 6226 6236 6153
f 6235 860 6232
f 6236 882 6222
f 6235 6232 6236
f 6236 6222 6235
f 6246 6241 6240
f 6233 6239 6246
f 6500 6250 6247
f 6250 6500 6240
f 6250 6249 6248
f 6242 6248 6249
f 6241 6246 6239
f 6249 6241 6239
f 6249 6240 6241
f 6250 6240 6249
f 6336 6242 6210
f 6242 6250 6248
f 6249 6251 6242
f 6251 6249 6239
f 6255 6251 6239
f 6251 6258 6242
f 6251 6255 885
f 885 6254 6251
f 885 6255 6253
f 6268 877 6140
f 6268 884 877
f 6271 6253 6268
f 6253 6257 885
f 6258 6251 6254
f 6253 6271 6257
f 6257 6254 885
f 6257 6258 6254
f 6242 900 6260
f 6258 900 6242
f 884 6253 6255
f 6239 884 6255
f 6263 6235 6222
f 6219 6263 6222
f 6235 6263 6234
f 6263 6297 6225
f 6225 6234 6263
f 6138 6268 6140
f 6264 6234 6225
f 6253 884 6268
f 6238 6235 6234
f 860 6238 6234
f 860 6235 6238
f 6235 6234 6265
f 6234 6235 6265
f 6234 6262 860
f 6119 6262 6093
f 6234 6141 6262
f 6120 6141 6264
f 6141 6234 6264
f 6120 6262 6141
f 6120 883 6266
f 861 883 887
f 883 861 6266
f 887 883 6269
f 6134 6270 6268
f 6268 6270 6271
f 883 891 6273
f 891 883 6120
f 6225 891 6264
f 6270 6126 6272
f 6272 6271 6270
f 891 6120 6264
f 6276 900 6258
f 6277 6276 6256
f 6223 6276 6277
f 6223 900 6276
f 6280 6279 6285
f 6285 6279 6277
f 6257 6261 6258
f 6276 6261 6256
f 977 888 2281
f 6283 6271 6275
f 6271 6283 6257
f 6261 6257 6283
f 6267 6275 6271
f 6271 6272 6267
f 6261 6276 6258
f 6261 6283 6282
f 6282 6283 888
f 6267 6283 6275
f 6261 6282 888
f 888 6283 6267
f 6261 888 977
f 6256 977 6285
f 6261 977 6256
f 6256 6285 6277
f 2283 6269 6289
f 6269 886 887
f 2281 888 2279
f 2279 6126 6136
f 890 2281 2279
f 6288 2281 890
f 890 2278 6288
f 6286 6280 6285
f 6287 6280 6286
f 6286 6285 6284
f 6288 6285 977
f 6288 977 2281
f 6284 6285 6288
f 6284 6288 2278
f 6272 6126 888
f 6272 888 6267
f 6269 6273 6289
f 6269 2283 2284
f 6269 2284 6092
f 2279 888 6126
f 883 6273 6269
f 886 6269 6092
f 2277 2280 6289
f 6273 6290 6289
f 6290 2277 6289
f 6291 2280 2277
f 6294 6291 2277
f 2277 6290 6294
f 6294 6290 6295
f 6220 6298 6297
f 6225 6273 891
f 6225 6274 6273
f 6295 6290 6274
f 6274 6290 6273
f 6274 6296 6295
f 893 6296 6298
f 6274 6225 6296
f 6296 6297 6298
f 6225 6297 6296
f 6296 893 6295
f 6298 6220 892
f 6299 893 6298
f 6300 6299 892
f 6298 892 6299
f 6300 892 6211
f 6279 6223 6277
f 6293 6291 6294
f 893 6294 6295
f 6299 6294 893
f 6300 6294 6299
f 6294 6300 6293
f 6291 6293 6292
f 6292 6300 6303
f 6292 6293 6300
f 2581 2583 2577
f 2583 2581 6313
f 6310 6309 909
f 6308 6314 6309
f 6310 909 6316
f 6310 6311 6352
f 6312 6324 6310
f 6310 6324 6311
f 909 6309 6314
f 909 6314 6316
f 6315 6314 895
f 6315 5497 6316
f 6315 895 5497
f 6315 6316 6314
f 895 2587 5497
f 896 6313 2581
f 6317 5497 6307
f 6317 6312 6310
f 6317 896 6312
f 6312 896 2581
f 6307 6313 6317
f 6317 6313 896
f 6316 5497 6317
f 6316 6317 6310
f 2587 2588 6313
f 2588 2583 6313
f 5497 6313 6307
f 2578 2581 2577
f 6318 6312 2581
f 6328 6312 6318
f 6319 898 2582
f 6318 2581 897
f 6318 897 898
f 2578 2577 897
f 2578 897 2581
f 2577 898 897
f 2582 898 227
f 898 6319 6318
f 6306 2582 2579
f 6306 6320 2582
f 6318 6319 6320
f 2582 6320 6319
f 6320 899 6318
f 6322 2579 6303
f 6300 6302 6303
f 6305 6302 6300
f 6302 6322 6303
f 6302 6321 6322
f 6303 2579 227
f 6306 6322 6320
f 2579 6322 6306
f 6321 6304 6322
f 899 6327 6318
f 6318 6327 6301
f 899 6320 6322
f 899 6304 6327
f 6304 6325 6327
f 6322 6304 899
f 6304 6321 6325
f 6326 6325 6305
f 6325 6321 6305
f 6302 6305 6321
f 974 6279 6252
f 6279 974 6223
f 6280 6662 6279
f 6279 6662 6252
f 6301 6328 6318
f 6329 6330 6328
f 6329 6328 6301
f 6329 6327 6325
f 6301 6327 6329
f 6328 6324 6312
f 6324 6328 6330
f 6324 6330 6323
f 6311 6324 6331
f 6325 6323 6329
f 6330 6329 6323
f 6323 6331 6324
f 6331 876 6340
f 876 6331 6323
f 6323 6325 901
f 6325 6326 901
f 6323 901 876
f 881 6305 6300
f 6326 6305 881
f 6214 6212 6326
f 6224 6215 6244
f 881 6214 6326
f 6252 6259 974
f 974 6259 6260
f 974 6260 6223
f 6260 900 6223
f 6260 6259 6332
f 6339 6654 6224
f 6245 6247 971
f 6224 6335 971
f 6335 6245 971
f 6335 6224 6243
f 6332 6224 6244
f 6332 6339 6224
f 6260 6332 6244
f 971 6336 6215
f 6210 6242 6215
f 6215 6242 6244
f 6244 6242 6260
f 6247 6336 971
f 6336 6210 6215
f 879 6208 6213
f 6212 6237 901
f 901 6237 6208
f 6212 6214 6213
f 6212 901 6326
f 6213 6237 6212
f 6224 971 6215
f 6250 6336 6247
f 6336 6250 6242
f 6208 902 894
f 6208 6333 902
f 6208 894 901
f 894 902 876
f 894 876 901
f 6340 876 902
f 6343 6340 902
f 6345 6340 6343
f 6356 903 6342
f 6341 6342 907
f 6331 6341 6311
f 6352 6311 6341
f 6342 6341 6331
f 6345 6342 6340
f 6331 6340 6342
f 6344 6345 6343
f 6356 6342 6345
f 6360 6356 6345
f 6346 903 6356
f 907 6352 6341
f 6346 906 905
f 907 6342 903
f 907 903 6348
f 6309 6352 905
f 6310 6352 6309
f 5529 6309 905
f 6309 5529 6308
f 6350 762 906
f 6314 6308 5489
f 5529 905 906
f 905 907 6346
f 6346 6347 906
f 6352 907 905
f 6350 906 6347
f 5529 906 762
f 907 903 6346
f 6348 903 907
f 6349 6347 6346
f 6351 6353 6349
f 6349 6346 6351
f 6347 6349 6350
f 5413 5421 6354
f 6349 5421 5531
f 5531 6350 6349
f 5531 762 6350
f 762 5531 5420
f 904 6351 6346
f 5421 5420 5531
f 5421 6349 6353
f 6353 6354 5421
f 6351 904 6353
f 904 6355 6353
f 6357 6356 6360
f 6355 904 6356
f 904 6346 6356
f 6362 6359 6333
f 6333 6358 902
f 6358 6343 902
f 6358 6344 6343
f 6358 6361 6344
f 6345 6344 6360
f 6361 6357 6344
f 6357 6360 6344
f 6361 6358 6359
f 6357 6369 6356
f 6361 6366 6357
f 6361 6359 6366
f 6357 6366 6369
f 911 6369 6366
f 910 6366 6359
f 911 6366 910
f 6362 6365 6359
f 6359 6365 6368
f 6376 911 910
f 910 6359 6368
f 6357 6369 6364
f 6364 6369 6357
f 737 6355 6356
f 6354 6353 6355
f 6356 6369 737
f 6355 5405 6354
f 6355 737 5405
f 5405 5413 6354
f 737 5410 5405
f 5410 737 6374
f 6373 6374 737
f 6370 6372 6374
f 6370 6371 6372
f 5410 6374 5388
f 6369 6370 737
f 737 6370 6373
f 6373 6370 6374
f 6368 6376 910
f 6369 911 6370
f 911 6377 6370
f 911 6379 6377
f 6381 911 6367
f 6377 6378 6370
f 5406 6383 5388
f 6372 5406 5388
f 6374 6372 5388
f 6370 6378 6371
f 6383 5390 5388
f 5536 5390 6388
f 5537 5390 5536
f 5537 5388 5390
f 5390 6383 6388
f 5536 6386 5537
f 6391 6388 6387
f 6379 6381 6382
f 6380 6379 6382
f 6367 6376 6375
f 6381 6375 6334
f 6382 6381 6389
f 6376 6334 6375
f 6381 6334 6397
f 6381 6397 6389
f 6397 6399 6431
f 6399 6368 6430
f 6334 6376 6399
f 6334 6399 6397
f 6431 6399 6430
f 6399 6376 6368
f 6377 6379 6390
f 6379 911 6381
f 6375 6381 6367
f 6367 911 6376
f 6387 6390 6379
f 6388 6390 6387
f 6378 6390 6371
f 6383 5406 6384
f 6383 6384 6388
f 6390 6384 6371
f 6390 6388 6384
f 6384 5406 6371
f 6390 6378 6377
f 5406 6372 6371
f 6423 5535 5399
f 6401 6402 6423
f 6401 6419 913
f 6401 6406 6402
f 5538 6402 5674
f 6407 5674 6402
f 5674 6206 5692
f 6206 6407 6406
f 5674 6407 6206
f 6206 912 6408
f 5692 6206 5690
f 5690 6206 6408
f 6408 832 5690
f 6205 6410 6409
f 6409 6204 6205
f 6410 6205 912
f 6205 6204 6203
f 6203 6204 5940
f 6409 6401 913
f 912 6206 6410
f 6416 6404 5944
f 6196 6404 6202
f 6202 6404 6413
f 6413 6182 6202
f 6182 6413 917
f 6403 6411 913
f 6415 6405 915
f 6405 6415 6417
f 6417 6415 6413
f 6417 6413 6405
f 6404 6416 6413
f 6413 6416 6405
f 5940 6204 6199
f 5944 6405 6416
f 5944 5940 6199
f 6405 5944 6199
f 915 6412 6405
f 6412 915 6405
f 6411 6403 6405
f 915 6405 6403
f 6405 6199 6411
f 6418 913 6199
f 6199 913 6411
f 6401 6409 6406
f 6418 6409 913
f 6402 6406 6407
f 6206 6406 6410
f 6406 6409 6410
f 6204 6409 6418
f 6199 6204 6418
f 6423 6400 6401
f 5399 5537 914
f 6419 6403 913
f 915 6403 6415
f 6419 6401 6400
f 6419 6400 6421
f 6400 6393 6421
f 6394 6422 6396
f 6421 6396 6419
f 6396 6421 6425
f 6422 6419 6396
f 6385 6425 6424
f 6387 6379 6392
f 6395 6385 6380
f 6380 6382 6395
f 6396 6425 6385
f 6396 6385 6394
f 6425 6392 6379
f 6388 6391 5536
f 6380 6425 6379
f 6380 6424 6425
f 6380 6385 6424
f 5536 6393 914
f 6420 6392 6393
f 6420 6393 6391
f 6391 6393 5536
f 6420 6391 6387
f 6392 6420 6387
f 5536 914 5537
f 5536 5537 6386
f 5535 6423 6402
f 6423 5399 914
f 6423 914 6393
f 6393 6400 6423
f 6392 6421 6393
f 6392 6425 6421
f 6394 6385 6395
f 6395 6389 6433
f 6431 6430 6426
f 6389 6395 6382
f 6389 6397 6431
f 6429 6433 6426
f 6398 6429 6426
f 6431 6426 6389
f 6433 6389 6426
f 930 6395 6427
f 6427 6395 6433
f 930 6394 6395
f 6433 6429 6436
f 6394 930 6422
f 6437 6438 6432
f 6437 930 6427
f 6428 6419 930
f 930 6419 6422
f 6428 6415 6403
f 930 6437 6432
f 930 6415 6428
f 6413 6415 6432
f 6403 6419 6428
f 930 6432 6415
f 6430 6485 6426
f 6438 6413 6432
f 6160 6188 926
f 6188 6160 6414
f 6188 6440 926
f 926 6440 6184
f 6414 6440 6188
f 867 6184 6155
f 6155 6184 6440
f 6440 6442 6155
f 6440 6186 918
f 6442 6440 918
f 6414 6186 6440
f 6444 6443 6186
f 918 6186 6443
f 919 6441 6442
f 6441 6226 6228
f 6153 6118 923
f 919 6226 6441
f 6499 6226 919
f 6499 919 878
f 6453 6437 6444
f 6186 6414 6444
f 6442 918 919
f 919 918 6443
f 919 6443 878
f 6453 6444 6414
f 878 6445 6443
f 6443 6445 878
f 933 6168 922
f 6246 6240 6447
f 6228 6226 6153
f 6118 858 923
f 6442 6441 6227
f 6228 6227 6441
f 6153 923 6228
f 6230 6447 6109
f 6447 6230 6246
f 6448 923 858
f 6228 923 6448
f 6447 6159 6109
f 6168 6169 6159
f 6447 6168 6159
f 6227 6448 858
f 6448 6227 6228
f 6442 6227 6155
f 6227 867 6155
f 867 6227 6154
f 6227 858 6154
f 6449 6169 933
f 6449 6454 6169
f 6454 6166 6169
f 6166 5987 6169
f 933 6169 6168
f 6449 933 922
f 6160 6453 6414
f 6450 6449 922
f 6170 6166 6455
f 6170 6455 931
f 6454 6455 6166
f 6183 6453 6160
f 6183 6438 6453
f 6438 6439 6413
f 6183 6181 6438
f 6413 6439 917
f 920 827 6174
f 6456 927 931
f 6179 6165 931
f 931 927 6179
f 6456 827 927
f 932 931 6455
f 6179 927 6180
f 6173 6175 927
f 6173 927 5912
f 6174 6172 920
f 6180 927 6175
f 920 927 827
f 5912 927 920
f 6532 921 948
f 948 921 6171
f 928 6171 921
f 6459 948 6171
f 6457 6171 928
f 928 6174 6457
f 6171 6457 6174
f 6174 6458 6171
f 6174 928 6172
f 6459 6171 6458
f 947 6464 6459
f 827 6458 6174
f 6456 931 932
f 6452 827 6456
f 6458 6452 6460
f 6458 827 6452
f 6459 6458 947
f 947 6458 6460
f 6454 932 6455
f 932 6454 6461
f 6437 6453 6438
f 6450 6454 6449
f 6461 6454 6450
f 6452 6462 6460
f 6456 6462 6452
f 6435 6462 6461
f 6462 6456 932
f 932 6461 6462
f 6464 6446 6459
f 6168 6467 6484
f 6433 6437 6427
f 6484 922 6168
f 6443 6469 878
f 6429 6398 6436
f 6473 6398 6434
f 6485 6469 6434
f 6434 6443 6473
f 6469 6443 6434
f 6443 6444 6473
f 6433 6436 6473
f 6437 6473 6444
f 6436 6398 6473
f 6461 6450 6484
f 6433 6473 6437
f 6461 6472 6435
f 6471 6472 6461
f 6472 6471 5921
f 6435 6472 5921
f 6460 934 947
f 6435 934 6462
f 6462 934 6460
f 6435 5921 934
f 6476 6475 934
f 934 6475 947
f 947 6475 6464
f 6446 6464 6475
f 6463 6459 6446
f 6466 6475 6474
f 6475 6466 6446
f 6476 6474 6475
f 6479 934 5921
f 6474 6476 6479
f 6479 6477 6474
f 6479 6476 934
f 6474 6477 6466
f 6488 967 6487
f 6466 6481 6468
f 6483 6481 6477
f 6466 6477 6481
f 6477 6479 6483
f 6485 6398 6426
f 6479 6470 6482
f 6470 5921 6471
f 6479 5921 6470
f 6471 6482 6470
f 6471 6484 6482
f 6461 6484 6471
f 6434 6398 6485
f 6430 6368 6485
f 922 6484 6450
f 6483 6479 6482
f 6465 6483 6482
f 6483 6494 6481
f 6465 6482 6484
f 6465 6484 6467
f 6487 6494 6486
f 6487 6486 6488
f 6487 967 6481
f 6481 6494 6487
f 6494 6483 6465
f 6466 6468 6478
f 967 6468 6481
f 967 6488 6468
f 6480 6488 6491
f 937 6491 6488
f 937 6488 6492
f 6492 6488 6486
f 6465 6490 6486
f 6488 6480 6468
f 6490 6492 6486
f 6465 6486 6494
f 6500 6492 6465
f 6465 6492 6490
f 6465 6467 6500
f 6500 6467 6493
f 6493 6467 6447
f 6447 6467 6168
f 6498 6499 6469
f 6499 878 6469
f 6485 6365 6497
f 6485 6497 6469
f 6485 6368 6365
f 6496 6469 6497
f 6469 935 6498
f 6496 6497 935
f 935 6497 6365
f 6469 6496 935
f 6216 908 935
f 908 6216 879
f 6365 6216 935
f 6365 6362 6363
f 6362 6333 6363
f 6363 6216 6365
f 6358 6333 6359
f 908 6495 6498
f 879 6363 6208
f 6333 6208 6363
f 908 6207 6495
f 6363 879 6216
f 908 6498 935
f 6499 6498 6495
f 6207 6499 6495
f 6207 6226 6499
f 6489 6500 6247
f 6240 6500 6493
f 6493 6447 6240
f 6489 6492 6500
f 6489 6337 6492
f 6335 6505 939
f 6247 6245 6489
f 6492 6491 937
f 6480 6338 939
f 6491 6338 6480
f 6337 6491 6492
f 6501 6245 6337
f 6337 6245 6501
f 6338 6491 6337
f 6245 6335 6337
f 6489 6245 6337
f 6338 6335 939
f 6337 6335 6338
f 6243 6505 6335
f 6480 6505 6502
f 938 6502 6503
f 6505 6480 939
f 6502 6505 6503
f 6502 6478 6480
f 6502 938 6512
f 6478 6502 6512
f 938 6506 6512
f 2356 2350 6837
f 6506 6508 940
f 940 6512 6506
f 6506 6507 6508
f 6508 941 940
f 941 6508 996
f 6508 6511 996
f 6648 6511 6508
f 941 6512 940
f 996 6511 6518
f 6511 6509 964
f 6518 6511 964
f 6516 6512 941
f 6478 6512 6516
f 6478 6468 6480
f 6504 6478 6516
f 996 6518 941
f 942 941 6518
f 941 942 6516
f 6516 942 6504
f 942 6517 6504
f 6466 6478 6504
f 6466 6463 6446
f 6519 6466 6522
f 6519 6463 6466
f 6518 6620 6604
f 6518 964 6620
f 6550 6522 6517
f 6550 6517 6518
f 6504 6522 6466
f 6517 6523 6518
f 6518 6523 942
f 942 6523 6517
f 6517 6522 6504
f 945 6529 6542
f 6527 6603 1044
f 6529 945 943
f 6530 943 6537
f 6525 6524 6528
f 6525 6528 956
f 949 6528 6524
f 6531 6529 943
f 6532 6533 921
f 6542 6529 6533
f 870 921 6533
f 6533 6532 6542
f 6533 6529 6531
f 6535 5995 6533
f 6533 5995 5911
f 5995 5900 5911
f 6535 6533 6531
f 6531 6536 6535
f 7077 6536 7026
f 6537 6541 6530
f 7027 7030 955
f 7027 955 6538
f 955 6525 6527
f 6527 6525 956
f 6536 6530 7026
f 7026 6541 6525
f 6524 6525 6541
f 6537 6524 6541
f 6541 7026 6530
f 6530 6534 943
f 943 6536 6531
f 6530 6536 6534
f 6534 6536 943
f 943 6526 6537
f 945 6547 943
f 945 6542 6547
f 6547 6543 943
f 948 6459 6520
f 6532 948 6451
f 6532 944 6542
f 944 6532 6451
f 6542 944 6547
f 944 6451 948
f 6518 6553 6550
f 6519 6522 6549
f 6522 6545 6549
f 6463 6519 6548
f 6548 6520 6463
f 6463 6520 6459
f 948 6520 944
f 6547 6549 6545
f 6548 944 6520
f 944 6548 6547
f 6548 6519 6547
f 6547 6545 6544
f 6549 6546 6519
f 6519 6546 6547
f 6546 6549 6547
f 6550 6544 6545
f 6550 6552 6544
f 6553 6551 6552
f 6521 6553 6518
f 6521 6518 6604
f 6545 6522 6550
f 6553 6521 6551
f 6552 6550 6553
f 6551 6521 6555
f 6551 954 6552
f 6556 954 6551
f 6556 6551 6555
f 954 6544 6552
f 6528 949 956
f 6537 6526 6524
f 6526 6557 6524
f 6524 6557 949
f 6547 6544 6543
f 954 6543 6544
f 954 6526 6543
f 6543 6526 943
f 6527 956 949
f 6527 949 6556
f 6557 6526 954
f 6557 954 6556
f 949 6557 6556
f 951 6558 6591
f 1039 6591 6558
f 6559 6558 951
f 953 6561 1004
f 6563 6567 6558
f 1004 6563 953
f 6568 1004 6561
f 6568 6567 1004
f 6561 6564 6568
f 6561 953 963
f 6606 6607 6573
f 6565 959 6571
f 6559 6565 6558
f 6558 6565 6560
f 6563 6558 6560
f 6571 959 6560
f 6606 6573 6559
f 6559 6573 6565
f 959 6565 6573
f 6571 6560 6565
f 6568 6578 6567
f 6567 6563 1004
f 6574 6568 6564
f 1039 6567 6578
f 6558 6567 1039
f 6581 952 6576
f 6578 6568 6574
f 6578 6574 6577
f 952 6577 6574
f 952 6578 6577
f 6570 963 953
f 6574 6576 952
f 952 6581 6579
f 6576 6574 6569
f 6583 6576 6569
f 6576 998 6581
f 6581 952 6579
f 952 6581 6580
f 998 6585 6580
f 6586 6580 6562
f 6562 6580 6586
f 6586 6779 6575
f 6578 952 6575
f 6575 6580 6586
f 6580 6575 952
f 6587 1040 1039
f 1039 6578 6575
f 6575 6587 1039
f 6575 1040 6587
f 6572 950 1042
f 951 950 6572
f 6591 950 951
f 6595 6592 6572
f 6594 6572 1042
f 1042 6593 6594
f 1042 1045 6593
f 6593 6595 6594
f 6594 6595 6572
f 6601 958 6595
f 6595 6593 6597
f 6601 6595 6597
f 1044 6538 955
f 6527 1044 955
f 6540 6598 6538
f 7027 6538 6598
f 6538 7016 6540
f 1044 6603 6538
f 6599 6538 1046
f 6600 1046 6597
f 6538 6601 1046
f 6596 958 6601
f 6601 6597 1046
f 6596 6601 6538
f 960 957 6596
f 958 6606 6595
f 6556 6603 6527
f 6605 6603 6556
f 6603 6605 960
f 6603 6596 6538
f 960 6596 6603
f 960 6605 957
f 6596 957 958
f 6554 6619 6555
f 6606 958 957
f 6605 6606 957
f 6592 951 6572
f 6606 6559 6595
f 6592 6559 951
f 6592 6595 6559
f 6564 6561 963
f 6563 6560 953
f 6566 6570 963
f 953 6560 6570
f 6560 959 6570
f 6566 963 6570
f 6610 6570 959
f 6613 961 6618
f 6573 6607 959
f 6607 6610 959
f 6618 6610 6607
f 6615 6612 6616
f 6555 6521 6554
f 6619 6556 6555
f 6611 6615 6616
f 6611 6619 6615
f 6619 6611 6556
f 6556 6611 6605
f 6612 6605 6611
f 6614 6606 6605
f 6605 6612 6614
f 6616 6612 6611
f 6607 6606 6614
f 6614 6612 6613
f 6618 6607 6613
f 6607 6614 6613
f 962 6613 6612
f 961 6613 962
f 961 6610 6618
f 962 6615 6619
f 6615 962 6612
f 6554 6617 6619
f 6604 6617 6554
f 6617 962 6619
f 6521 6604 6554
f 6620 6617 6604
f 962 6617 961
f 961 6617 6627
f 6620 964 6627
f 6620 6627 6617
f 6509 6515 964
f 961 6608 6610
f 6627 964 6514
f 6570 6608 6609
f 6608 6570 6610
f 6622 6608 961
f 6608 6622 6626
f 6622 961 6627
f 6623 6608 6626
f 6609 6623 6625
f 6623 6609 6608
f 6564 6569 6574
f 6564 963 6625
f 6625 6570 6609
f 6625 963 6570
f 6622 6627 6626
f 6514 6513 6627
f 6627 6513 6621
f 6513 6514 964
f 6513 964 6515
f 6621 6626 6627
f 6513 6628 6621
f 6511 6515 6509
f 6628 6513 6510
f 6515 6511 6648
f 6742 6626 6621
f 6742 6621 6629
f 6629 6628 6510
f 6510 6513 6515
f 6742 6629 6648
f 6648 6510 6515
f 6621 6628 6629
f 6510 6648 6629
f 6624 6569 6564
f 6632 6624 6564
f 6582 6583 6569
f 6582 6569 6624
f 6624 6632 6750
f 6625 6632 6564
f 6623 6626 6742
f 6625 6623 6635
f 6623 6742 6635
f 6630 6638 6637
f 6637 985 6639
f 985 6637 6638
f 6643 6637 6639
f 986 6641 6639
f 6692 6641 986
f 6637 6643 6640
f 6643 6631 6640
f 6648 6630 6640
f 985 6638 6685
f 6647 6649 6638
f 6647 6636 6649
f 6636 6647 972
f 972 6647 6646
f 6646 6638 6645
f 6638 6646 6647
f 6630 6645 6638
f 6648 6646 6645
f 6645 6630 6648
f 749 6506 938
f 6651 880 6655
f 968 6651 6655
f 749 970 6506
f 6648 969 6646
f 6507 968 969
f 968 972 969
f 6507 6648 6508
f 972 6646 969
f 6507 969 6648
f 6506 6651 6507
f 6506 880 6651
f 968 6507 6651
f 6506 970 880
f 970 749 880
f 749 938 880
f 6259 6252 6332
f 6652 938 6503
f 6224 6654 6243
f 6505 6243 6503
f 6652 6243 6654
f 6652 6503 6243
f 938 6652 880
f 6652 6656 6655
f 6652 6655 880
f 6339 6657 6654
f 6654 6656 6652
f 6657 6656 6654
f 6657 6658 6656
f 6661 6659 6658
f 6660 6661 6657
f 6657 6339 6332
f 6658 6657 6661
f 6660 6657 6252
f 6332 6252 6657
f 6655 6656 6658
f 6658 6659 6664
f 6665 972 968
f 972 6650 6636
f 6665 968 6655
f 6665 6663 6666
f 6665 6666 6650
f 6655 6663 6665
f 6655 6658 6663
f 972 6665 6650
f 6658 6664 6663
f 6663 6664 6666
f 6666 973 966
f 6650 6666 966
f 975 6669 6668
f 6666 6669 973
f 973 6653 966
f 975 6653 973
f 975 973 6669
f 976 6669 6666
f 6666 6664 976
f 6653 975 966
f 966 975 6691
f 976 6281 6669
f 6668 6691 975
f 6669 6281 6668
f 889 6281 976
f 6662 6660 6252
f 6662 6661 6660
f 6664 6659 976
f 889 6676 6281
f 6659 6661 976
f 976 6661 889
f 6661 6671 889
f 6280 6671 6662
f 6661 6662 6671
f 6671 6280 6278
f 6278 6280 6287
f 6287 6671 6278
f 6671 6287 2275
f 2275 889 6671
f 6284 2278 6287
f 6287 965 2275
f 6287 6286 6284
f 2278 2276 6287
f 2276 965 6287
f 6672 965 2276
f 965 6672 2275
f 980 2265 2271
f 2270 979 2271
f 170 980 981
f 981 980 979
f 981 979 6674
f 2275 6672 6675
f 6674 979 6678
f 6678 6691 6674
f 2271 979 980
f 6674 6675 981
f 6691 6668 6674
f 6668 6675 6674
f 6676 2275 6675
f 6281 6676 6675
f 6281 6675 6668
f 6676 889 2275
f 981 6672 170
f 6672 981 6675
f 2273 6678 979
f 6691 6678 982
f 2270 2273 979
f 982 6678 6677
f 2272 6677 6683
f 2266 2268 989
f 6688 2272 6683
f 6688 6680 6690
f 6688 6690 2272
f 6690 6680 6685
f 6681 6684 6680
f 6680 6684 6685
f 6681 987 6684
f 6684 6642 6685
f 6690 6685 6649
f 6684 6685 6689
f 6684 6689 6685
f 6685 6638 6649
f 6670 966 6691
f 6670 982 6677
f 2272 6690 983
f 6691 982 6670
f 6677 983 6670
f 6636 983 6649
f 2272 983 6677
f 6650 966 6670
f 6670 983 6650
f 6636 6650 983
f 6690 6649 983
f 6684 987 6642
f 6681 989 987
f 6681 6680 6688
f 989 2136 6725
f 6692 985 6642
f 6685 6642 985
f 984 6694 6642
f 6642 6694 6692
f 6694 6641 6692
f 984 6696 991
f 6695 984 991
f 984 6687 6696
f 6687 984 6642
f 6725 990 6687
f 987 989 6687
f 6681 6688 989
f 989 6688 2266
f 989 6725 6687
f 987 6687 6642
f 2266 6688 6682
f 2266 6682 2268
f 6683 6679 6688
f 6677 6678 6683
f 2267 6688 6679
f 2267 6682 6688
f 2267 6679 6683
f 2267 6683 2265
f 2270 2271 2265
f 2270 2265 2273
f 2273 2265 6683
f 2267 2265 978
f 6710 144 6707
f 144 2125 6707
f 2125 6697 6707
f 144 993 2125
f 2125 993 6698
f 2125 6698 6697
f 6706 6705 6701
f 6701 6707 6697
f 6703 6701 6697
f 6697 6699 6703
f 6701 6703 6700
f 6699 6700 6703
f 6712 6753 6701
f 6709 6708 6707
f 6709 6702 992
f 6707 6701 6705
f 6705 6709 6707
f 6705 6702 6709
f 6700 6712 6701
f 6707 6723 6710
f 6712 6700 6704
f 6713 6704 2108
f 6704 6700 2108
f 6704 6754 6712
f 2109 6754 6704
f 6704 6714 6713
f 6704 6713 6714
f 6713 2109 6704
f 6719 6716 2109
f 6715 6718 2109
f 6721 2109 6718
f 6719 2109 6721
f 2109 6713 6715
f 6718 6715 6720
f 6722 6700 2120
f 6718 6720 6721
f 6721 6720 2122
f 6698 993 6697
f 6699 6697 993
f 6722 6715 6713
f 993 2120 6700
f 6700 6699 993
f 6700 6722 2108
f 6720 6715 6722
f 2108 6722 6713
f 6722 2120 6720
f 6720 2120 2122
f 2122 2120 993
f 6724 2131 6723
f 2131 2126 6723
f 2129 2126 2131
f 2126 6710 6723
f 6710 2126 144
f 2127 2141 2133
f 2127 2133 2129
f 2129 2130 2128
f 2128 2127 2129
f 2129 6727 2130
f 6727 2129 2131
f 2128 2130 2127
f 2127 2130 6686
f 6695 991 994
f 2130 6727 994
f 2127 6686 2136
f 6686 991 990
f 990 6725 6686
f 6686 994 991
f 6725 2136 6686
f 989 2268 2136
f 2268 6682 2267
f 6678 2273 6683
f 994 6686 2130
f 991 6696 6687
f 991 6687 990
f 6692 986 985
f 6694 984 6695
f 6695 994 6693
f 994 6728 988
f 6728 6693 988
f 6693 994 988
f 6728 6730 6693
f 6693 6730 6738
f 6727 6728 994
f 6726 6728 6727
f 6732 6728 6726
f 6730 6728 6732
f 6726 6729 6732
f 6729 995 6732
f 6727 6729 6726
f 2131 6724 6727
f 6727 6724 6729
f 995 6729 6724
f 992 6731 6709
f 6732 995 6709
f 6724 6709 995
f 6708 6724 6723
f 6724 6708 6709
f 6707 6708 6723
f 6731 6732 6709
f 6732 6731 6751
f 6739 6738 6737
f 6738 6730 6732
f 6734 6738 6743
f 6693 6738 6734
f 6695 6641 6694
f 6734 6741 6693
f 6641 6695 6693
f 986 6639 985
f 6740 6643 6639
f 6641 6740 6639
f 6741 6641 6693
f 6734 6743 6740
f 6740 6741 6734
f 6641 6741 6740
f 6637 6640 6630
f 6640 6742 6648
f 6742 6640 6631
f 6625 6745 997
f 6631 6643 6740
f 6740 6743 6631
f 6625 6635 6745
f 6743 6744 6631
f 6635 6742 6631
f 6745 6631 6743
f 6743 6631 6744
f 6743 6738 6745
f 6739 6745 6738
f 6745 6635 6631
f 6625 183 6632
f 6644 6625 997
f 6644 183 6625
f 6644 997 183
f 997 6745 183
f 6745 6739 183
f 6632 6634 183
f 183 6634 6632
f 6633 6583 6582
f 6750 6633 6624
f 6633 6582 6624
f 6576 6583 998
f 6633 998 6583
f 998 6633 6747
f 6736 6737 999
f 6733 999 6737
f 1001 6702 6749
f 6738 6751 6733
f 992 6702 6752
f 6749 6702 6711
f 6749 6747 1001
f 6747 6749 6748
f 6702 6749 6711
f 6752 6702 1001
f 992 6752 6731
f 6731 6733 6751
f 6738 6732 6751
f 1001 999 6733
f 6752 1001 6733
f 6752 6733 6731
f 6737 6738 6733
f 6737 6736 6739
f 6739 6736 183
f 6750 6632 183
f 6746 6750 183
f 6633 6746 6736
f 1001 6747 999
f 6747 6633 999
f 6746 6633 6750
f 6736 999 6633
f 6736 6746 183
f 6581 998 6580
f 6701 6753 6706
f 6748 6753 6717
f 998 6747 6717
f 6717 6747 6748
f 6705 6749 6702
f 6706 6749 6705
f 6748 6749 6706
f 6753 6748 6706
f 6712 1000 6753
f 6712 6754 1000
f 6717 6753 6735
f 6754 6735 6753
f 6753 1000 6754
f 11 6755 6754
f 6735 6754 6755
f 6755 6717 6735
f 6756 6585 998
f 6717 6756 998
f 6755 6756 6717
f 6755 1032 1002
f 6854 1032 11
f 11 6754 6854
f 6807 6808 6759
f 6759 6761 6807
f 2116 6761 6759
f 1032 6761 6762
f 6762 1002 1032
f 6776 6762 1006
f 6776 1002 6762
f 6766 6762 1006
f 6762 6766 1006
f 6762 6761 1006
f 6776 1006 1009
f 6771 1007 6805
f 1007 6771 2116
f 2116 6772 1007
f 2116 2095 6772
f 2095 1007 6772
f 6795 2095 6759
f 6795 6759 6808
f 2095 2116 6759
f 1006 6761 2116
f 6771 1006 2116
f 1009 1006 6773
f 6771 6773 1006
f 6757 6755 1002
f 6757 1002 6776
f 11 1032 6755
f 6755 6758 6756
f 6757 6758 6755
f 6776 6758 6757
f 6585 6758 6777
f 1009 6767 6776
f 6776 6767 6758
f 6777 6767 1005
f 6585 6777 6778
f 6758 6585 6756
f 6585 6586 6580
f 6778 6586 6585
f 6767 6777 6758
f 6995 1005 6767
f 6780 1037 1009
f 6806 6805 6782
f 1037 6781 6768
f 1009 6773 6780
f 6781 12 6768
f 6781 6780 12
f 12 6782 6768
f 12 6780 6773
f 1037 6780 6781
f 6995 1003 1005
f 1009 6995 6767
f 6782 6804 6783
f 1026 1035 6785
f 6783 6796 1035
f 1035 1026 6791
f 6792 6791 6788
f 1026 6788 6791
f 6994 6792 6788
f 6994 6793 6792
f 6804 6782 6769
f 6791 6792 6793
f 6779 6777 6998
f 6768 1035 6979
f 6782 6783 6768
f 6796 6783 6804
f 1035 6768 6783
f 6801 6802 6933
f 6790 6801 6933
f 6799 6796 6790
f 6800 6821 6802
f 6801 6790 6796
f 6796 6799 6785
f 6810 6824 6800
f 6796 6785 1035
f 6800 6802 6784
f 6810 6800 6784
f 6801 6784 6802
f 6775 6810 6784
f 6769 6782 6805
f 6796 6804 6801
f 6769 6803 6804
f 6774 6801 6803
f 6774 6784 6801
f 6801 6804 6803
f 6769 6805 6803
f 6803 6805 6770
f 6795 6818 2095
f 1007 2095 6794
f 12 6773 6806
f 6775 1007 6794
f 6784 6774 6775
f 6794 6810 6775
f 6794 2095 6810
f 6818 6810 2095
f 6795 6809 6818
f 6773 6771 6806
f 1007 6770 6805
f 6805 6806 6771
f 1007 6774 6770
f 6770 6774 6803
f 1007 6775 6774
f 6806 6782 12
f 6857 6807 1012
f 6831 6846 6845
f 6795 6812 6809
f 6808 6812 6795
f 6808 6807 6812
f 2070 6814 6815
f 6814 6817 6815
f 6809 6812 6817
f 6814 1013 6809
f 6814 6809 6817
f 6797 6821 6800
f 6818 6819 6820
f 6814 1011 1013
f 6809 1013 1011
f 6820 6819 6822
f 6822 6813 6820
f 6818 6809 1011
f 1011 6819 6818
f 6830 6824 1008
f 6811 6820 6813
f 6813 6832 6811
f 2110 6811 6832
f 6811 2110 1008
f 6810 6820 6811
f 6820 6810 6818
f 6811 6824 6810
f 6830 6829 6797
f 6824 6797 6800
f 6840 6822 1011
f 6797 6823 6821
f 6825 6823 6797
f 6829 6830 1008
f 6830 6797 6824
f 6824 6811 1008
f 1008 6831 6829
f 6846 1008 2110
f 6831 6845 6829
f 2110 6832 6846
f 6831 1008 6846
f 6829 6825 6797
f 2346 6835 2350
f 6836 2343 2344
f 2346 6836 6833
f 2346 6833 6835
f 6835 1021 2350
f 6836 6835 6833
f 2349 2352 2354
f 1019 1021 6835
f 6837 2350 1021
f 6898 2356 6837
f 2349 6902 2352
f 2356 6898 2349
f 2073 2072 6839
f 2073 2074 2072
f 2069 2077 2066
f 2033 2074 2081
f 2074 2066 2081
f 6822 6819 1011
f 2069 2066 6840
f 6844 2068 2069
f 6832 6813 6840
f 1010 6840 1011
f 2070 6842 6814
f 6814 6842 6844
f 2069 1010 6844
f 6840 1010 2069
f 1010 6843 6844
f 2068 6844 6842
f 6814 6843 1010
f 6844 6843 6814
f 6829 6845 6825
f 2074 6846 2066
f 6840 2066 6846
f 6832 6840 6846
f 6839 6845 2073
f 2073 6845 6846
f 2073 6846 2074
f 6825 6845 6839
f 140 6716 6719
f 6847 6848 2113
f 6847 2113 6866
f 6719 6848 140
f 140 6848 6847
f 1032 6852 6847
f 2109 6854 6754
f 6854 6850 6852
f 2109 6850 6854
f 2109 6716 6850
f 6854 6852 6853
f 6850 140 6852
f 140 6850 6716
f 140 6847 6852
f 1032 6854 6852
f 6852 6854 6853
f 1032 6847 6851
f 1032 6760 6807
f 6760 1032 6851
f 6807 6761 1032
f 6807 6760 1012
f 6816 6817 6855
f 6858 6855 1189
f 6817 1189 6855
f 6812 1189 6817
f 1012 1189 6857
f 6857 1189 6812
f 6807 6857 6812
f 6849 1189 1012
f 1189 6849 6859
f 6849 1012 6760
f 6851 6847 2107
f 6859 6849 6867
f 6849 6760 6851
f 2070 6865 6842
f 6847 6866 2107
f 6859 6858 1189
f 6849 6851 2107
f 6861 6864 6841
f 6864 2063 6841
f 6864 6861 2063
f 2113 6867 6866
f 2063 6861 6867
f 6841 6863 6861
f 6863 6859 6861
f 6858 6859 6855
f 4736 8872 8862
f 6866 6862 2107
f 6867 2107 6866
f 6867 6861 6859
f 2107 6862 6866
f 6867 6849 2107
f 6855 6863 6816
f 6855 6859 6863
f 2067 2068 6842
f 6856 6868 6887
f 6972 6875 79
f 6879 6856 6872
f 6872 6882 6879
f 6877 6870 1201
f 6919 6917 6868
f 6868 6879 6919
f 6877 6880 6870
f 6870 6880 6882
f 6882 1022 6879
f 1022 6882 6880
f 6879 6881 6919
f 6887 6868 6888
f 6868 6856 6879
f 6882 6871 6870
f 6871 6882 6872
f 1200 6873 1201
f 6877 1201 6875
f 79 6875 6873
f 2054 1016 1200
f 6972 6877 6875
f 6970 6972 79
f 6883 6970 79
f 6886 6885 79
f 79 2041 6886
f 1201 6873 6875
f 6885 6883 79
f 6885 6886 6883
f 6884 6886 2041
f 6884 2041 2054
f 79 6873 2041
f 6873 1016 2054
f 2054 2041 6873
f 2053 6871 2050
f 6870 6871 1201
f 6871 1200 1201
f 1200 1016 6873
f 2054 1200 2053
f 2053 1200 6871
f 6856 6887 2050
f 6871 6856 2050
f 6856 6871 6872
f 6888 1014 6887
f 2052 2050 6887
f 6887 2049 2052
f 6892 7868 1018
f 1018 1794 6892
f 6842 6865 2067
f 2049 6887 1014
f 6841 6891 6890
f 2072 2074 2033
f 2051 6893 2036
f 6896 2034 2027
f 2072 2033 2034
f 1015 2067 6865
f 6890 6891 7869
f 6841 2063 6891
f 2067 1015 2036
f 2036 1015 6865
f 2051 2036 6865
f 6891 2063 7868
f 2077 2081 2066
f 6896 6895 2072
f 6838 6895 6896
f 6896 2072 2034
f 6909 6902 6898
f 6898 6902 2349
f 1019 6836 6900
f 6835 6836 1019
f 6834 6836 2344
f 6834 2344 6900
f 6836 6834 6900
f 1180 6900 2344
f 2337 1180 2344
f 2027 6897 6896
f 2352 6902 6828
f 6897 2352 6838
f 6896 6897 6838
f 6897 2027 2352
f 6902 6907 6828
f 6828 6908 2352
f 6908 6838 2352
f 6905 6900 1180
f 6905 1019 6900
f 1172 6903 6904
f 6928 6899 7866
f 6905 6904 1019
f 6903 7866 6899
f 6906 6899 6928
f 6898 6901 6903
f 6899 6898 6903
f 6901 6904 6903
f 6899 6906 6898
f 1019 6904 1021
f 1021 6901 6837
f 1021 6904 6901
f 6898 6837 6901
f 6908 6828 6907
f 6907 6906 6928
f 6906 6907 6909
f 6898 6906 6909
f 6907 6902 6909
f 6908 6826 6838
f 6908 6907 6826
f 6823 6825 6924
f 6924 2072 6895
f 6839 2072 6825
f 6825 2072 6924
f 6840 6813 6822
f 6817 2060 6815
f 6863 6894 6816
f 2060 6816 6894
f 2060 6817 6816
f 6917 6878 6868
f 2051 6865 6911
f 6863 6841 6890
f 7869 6894 6863
f 6863 6890 7869
f 2070 1024 6865
f 2070 6815 1024
f 6878 6888 6868
f 1024 6911 6865
f 6826 6895 6838
f 2060 6911 1024
f 6910 6878 6917
f 6894 7869 6911
f 6911 2060 6894
f 6919 1031 6860
f 6922 6913 6923
f 6913 6920 6923
f 6918 6920 6916
f 6918 6923 6920
f 6918 6919 1022
f 1022 6919 6881
f 6881 6879 1022
f 6916 6915 1031
f 6913 6916 6920
f 1031 6764 6860
f 6764 1031 6942
f 6942 1031 6827
f 6915 6916 6913
f 6918 6916 6919
f 6919 6916 1031
f 6925 6860 6764
f 6919 1023 6917
f 6860 1023 6919
f 1023 6860 6925
f 6764 6942 6925
f 2060 1024 6815
f 6821 6823 6924
f 6924 6926 6821
f 6895 6926 6924
f 1209 6821 6926
f 6940 7892 7649
f 6934 6940 7649
f 6788 1026 6935
f 6937 6789 6799
f 1140 5890 5889
f 6938 6802 6821
f 6937 1026 6789
f 6785 6799 6789
f 6785 6789 1026
f 6790 6933 6799
f 6802 6938 6933
f 6942 6827 6925
f 6946 6947 6921
f 6941 6939 6945
f 6584 6915 6913
f 6913 6945 6584
f 6939 6946 6921
f 6914 6945 6913
f 6584 6939 6921
f 6946 6939 6941
f 6945 6939 6584
f 6915 6584 1031
f 6921 6947 6950
f 6947 6955 6950
f 6584 6921 1031
f 6921 6949 1031
f 6943 6940 6934
f 6946 1029 6947
f 1029 6946 6941
f 6876 6877 6958
f 6880 6877 6869
f 6763 6958 6960
f 6869 6918 1022
f 6914 6913 6922
f 6877 6876 6869
f 6880 6869 1022
f 6918 6869 6876
f 6958 6763 6923
f 6960 6959 6763
f 6923 6918 6876
f 6876 6958 6923
f 6923 6763 6922
f 6947 6963 6964
f 6947 1029 6963
f 6957 6963 1029
f 6963 6957 6964
f 6944 6964 6954
f 6964 6944 6947
f 6962 1029 6941
f 6922 6945 6914
f 6962 6941 6945
f 6763 6962 6945
f 6945 6922 6763
f 6962 1033 1029
f 6763 1033 6962
f 1033 6959 6960
f 6957 6965 6964
f 6959 1033 6763
f 6957 6956 6965
f 6965 6956 6964
f 6964 6956 7948
f 6964 7948 6954
f 6960 6966 1033
f 1204 6972 6970
f 6966 6969 1033
f 6966 6960 6971
f 6960 6958 6971
f 6958 6877 6971
f 1199 6971 6877
f 1204 6877 6972
f 6874 1034 6970
f 6970 1034 6975
f 6877 1204 1199
f 6975 6973 6970
f 1204 6970 6973
f 1204 6973 6967
f 1199 1204 6967
f 1199 6966 6971
f 1029 1033 6957
f 6957 1033 6969
f 6967 6977 6969
f 6967 6978 6977
f 6979 1035 6791
f 6768 6979 1037
f 6981 6992 6980
f 6787 6979 6791
f 6979 6787 6981
f 6787 6793 6981
f 6787 6791 6793
f 6788 6935 6786
f 6937 6935 1026
f 6982 6984 6786
f 6983 6982 6786
f 6786 6984 6994
f 6980 1036 6985
f 6980 6984 1036
f 6991 6989 6985
f 6991 6986 6989
f 1036 6986 6991
f 7008 6985 6989
f 6985 1036 6991
f 7048 7008 6989
f 6985 6993 6980
f 6980 6798 6981
f 6985 6798 6993
f 7008 6798 6985
f 6995 1041 1003
f 6994 6992 6793
f 6786 6994 6788
f 6984 6992 6994
f 6984 6980 6992
f 1041 6798 7008
f 6995 6981 6798
f 6798 6980 6993
f 6793 6992 6981
f 6995 6979 6981
f 6995 1037 6979
f 6995 1009 1037
f 1005 1003 6777
f 6997 1003 1038
f 6997 6998 1003
f 1041 6995 6798
f 1041 1038 1003
f 6999 1038 1041
f 6588 1038 6999
f 7005 6588 6999
f 1039 1040 6588
f 6575 6779 1040
f 6779 6586 6778
f 6779 6778 6777
f 6998 6777 1003
f 6997 1038 6588
f 6588 6998 6997
f 6998 1040 6779
f 6998 6588 1040
f 6588 7005 1039
f 1039 7005 6591
f 950 6591 7005
f 6996 7002 6999
f 6999 6590 7005
f 1041 6996 6999
f 6590 6999 7002
f 950 6590 1042
f 7005 6590 950
f 6589 1042 7003
f 7003 1042 6590
f 6590 7004 7003
f 6593 1045 6597
f 7002 7007 6590
f 6996 7007 7002
f 7006 7007 7008
f 6590 7007 7004
f 7006 7003 7004
f 7004 7007 7006
f 6589 1045 1042
f 7006 7009 7010
f 7009 7006 7008
f 7008 7047 7009
f 7007 6996 7008
f 7008 6996 1041
f 1048 7010 7009
f 7010 7000 7015
f 7010 1048 7000
f 7013 7015 7001
f 7015 7000 7001
f 7011 7010 7015
f 7014 7012 7015
f 7011 7015 7012
f 7014 1049 7012
f 7018 7012 1049
f 7018 1049 1043
f 1043 6602 7018
f 6600 7018 6602
f 6589 7003 1045
f 7003 7022 1045
f 7006 7020 7003
f 7012 7021 7020
f 7011 7020 7010
f 7006 7010 7020
f 7011 7012 7020
f 6602 1043 7024
f 7012 7018 7021
f 7018 6600 7021
f 7022 7020 7021
f 7020 7022 7003
f 6600 6597 7021
f 6600 6602 1046
f 7022 7021 6597
f 1045 7022 6597
f 6599 7024 7016
f 7017 7016 7024
f 6599 7016 6538
f 7024 6599 1046
f 6602 7024 1046
f 7017 7024 7019
f 1043 7019 7024
f 7017 6539 6598
f 7016 7023 6540
f 7023 7017 6598
f 7023 6598 6540
f 7017 7023 7016
f 7030 6525 955
f 6525 7030 7026
f 7017 7019 6539
f 1049 7019 1043
f 7032 7026 7025
f 7026 7030 7025
f 7027 7025 7030
f 7027 7099 7025
f 1059 1047 7032
f 1063 7031 7028
f 7099 7027 7028
f 7028 7027 7035
f 7033 7028 7035
f 1063 7013 7034
f 7029 1063 7028
f 7033 7029 7028
f 1063 7029 7014
f 1063 7015 7013
f 1063 7014 7015
f 7014 7029 1049
f 7019 1049 7029
f 7027 6598 7035
f 6539 7033 7035
f 7019 7033 6539
f 6598 6539 7035
f 7033 7019 7029
f 7036 7053 7001
f 6987 6983 6786
f 7038 6986 6988
f 6986 1036 7046
f 6988 6986 7046
f 6984 7041 7046
f 6982 7041 6984
f 7041 6982 6987
f 6986 7038 6989
f 6988 7046 1108
f 1108 7046 7041
f 6989 7038 1054
f 1054 7039 6989
f 1036 6984 7046
f 7047 1048 7009
f 7036 7000 1048
f 7053 7036 1048
f 7000 7036 7001
f 7047 7053 1048
f 7117 7116 7008
f 7039 7048 6989
f 7047 7008 7116
f 7001 7053 7013
f 7047 7116 7053
f 7048 7039 7037
f 7048 7117 7008
f 7037 7117 7048
f 1054 1110 7049
f 7039 1054 7049
f 7039 7049 7037
f 7043 7050 1110
f 1110 7050 7049
f 7013 7053 7102
f 7102 7034 7013
f 7034 7102 7101
f 5859 7409 5853
f 5900 826 7074
f 7091 7059 7058
f 1050 7060 7062
f 7062 7057 7059
f 5858 7057 7062
f 7063 5858 7060
f 1050 1069 7060
f 1051 1069 7114
f 7114 1069 1050
f 1069 7064 7054
f 1093 7055 7064
f 7055 7407 7064
f 7054 7060 1069
f 7114 1068 1069
f 7057 7061 7059
f 7063 7060 7067
f 7054 7067 7060
f 7067 5856 7063
f 7409 7054 7064
f 7054 7409 5859
f 7067 7054 5859
f 1053 5859 5853
f 5865 5853 7409
f 5855 7066 5856
f 5856 7066 7063
f 5859 1053 5856
f 5856 7067 5859
f 7063 7068 5858
f 7063 7066 7068
f 7068 7069 5858
f 7062 7060 5858
f 7068 7070 7069
f 7068 7066 7070
f 7066 5852 7070
f 7069 7057 5858
f 7057 5851 1055
f 7057 1055 7061
f 7057 7069 5851
f 7070 5851 7069
f 7070 5852 5851
f 7071 7061 1055
f 5869 5845 1057
f 5849 5845 5869
f 1058 1055 7073
f 7075 1058 5873
f 5845 7073 1055
f 7073 5849 5873
f 7073 5845 5849
f 7074 826 1056
f 5995 6535 1056
f 1056 826 5995
f 1056 6535 7082
f 5868 5908 7074
f 5873 1058 7073
f 5849 5872 5873
f 5873 5872 5868
f 5908 5868 5872
f 5868 7074 5873
f 5873 7082 7075
f 1056 5873 7074
f 7082 7076 7075
f 5873 1056 7082
f 7082 7080 7076
f 7085 7076 7080
f 7097 7085 7080
f 6535 6536 7082
f 7080 7082 6536
f 6536 7077 7080
f 7079 7077 7026
f 7079 7080 7077
f 7085 7081 7084
f 7076 7072 7075
f 7085 7084 7076
f 7072 7076 7084
f 7086 7072 7084
f 7058 7059 7087
f 7087 7086 7094
f 7071 7087 7059
f 1058 7086 7071
f 7087 7071 7086
f 7072 7086 1058
f 7072 1058 7075
f 7061 7071 7059
f 7071 1055 1058
f 7094 7058 7087
f 7091 7058 7056
f 7090 7089 7056
f 7083 7090 7056
f 7083 7056 7058
f 7058 7094 7083
f 7089 7091 7056
f 7093 7090 7083
f 7093 7092 7090
f 7081 7088 7083
f 7084 7081 7094
f 1047 7098 7078
f 1047 7026 7032
f 1047 1062 7098
f 1047 7078 7026
f 7078 7079 7026
f 7079 7097 7080
f 7079 7078 7097
f 7081 7085 7088
f 7097 7088 7085
f 7094 7081 7083
f 7086 7084 7094
f 7097 7078 7098
f 7093 7083 7088
f 7088 7096 7093
f 1062 1047 1059
f 7098 7088 7097
f 7088 7098 7096
f 7099 1062 7025
f 7093 7096 7092
f 1061 7028 7031
f 1062 7032 7025
f 7098 1062 1061
f 1061 1062 7099
f 1061 7096 7098
f 7032 1062 1059
f 1061 7099 7028
f 7034 7101 1063
f 7101 7031 1063
f 7031 7096 1061
f 7100 7096 7101
f 7031 7101 7096
f 7101 7095 7100
f 7100 1065 7096
f 7103 1065 7100
f 7101 7102 7095
f 7053 7116 7040
f 7053 7040 7102
f 7052 7102 7040
f 7052 7095 7102
f 7095 7052 7110
f 7103 7100 7095
f 7104 7105 1065
f 7096 1065 7092
f 7105 7090 7092
f 7090 7105 7089
f 7105 7091 7089
f 7105 7092 1065
f 7104 7103 7095
f 1065 7103 7104
f 7105 1066 7111
f 7104 7095 7110
f 1066 7105 7104
f 7105 7111 7091
f 7108 7123 7109
f 7108 7106 7123
f 7106 7108 1066
f 7111 1066 7108
f 1067 7114 1050
f 7062 7107 1050
f 7107 7062 7059
f 7091 7107 7059
f 1067 1050 7107
f 1067 7108 7109
f 1067 7107 7108
f 7111 7108 7107
f 7111 7107 7091
f 7106 1066 7104
f 7110 7106 7104
f 7106 7124 7123
f 7124 7106 1064
f 7106 7110 1064
f 1064 7110 7052
f 7117 7040 7116
f 7117 7115 7040
f 7115 7052 7040
f 1064 7115 7124
f 7115 1064 7052
f 7049 7115 7037
f 7115 7049 7124
f 7117 7037 7115
f 7050 7051 7127
f 7049 7050 7127
f 7127 7051 7392
f 7114 1067 7109
f 1069 1068 7064
f 1093 1068 7121
f 7064 1068 1093
f 7114 1069 1051
f 7114 7121 1068
f 7109 7121 7114
f 1070 7121 7109
f 1070 7119 7121
f 7113 7121 7119
f 7112 7055 1093
f 7121 7112 1093
f 7121 7113 7112
f 7119 7126 7395
f 7118 7119 1070
f 7119 7393 7126
f 7118 7393 7119
f 7118 1070 7122
f 7109 7123 7122
f 1070 7109 7122
f 7123 7124 7127
f 7127 7124 7049
f 7122 7123 7127
f 7118 7392 7393
f 7127 7392 7118
f 7127 7118 7122
f 7129 1077 1072
f 7129 1071 1077
f 7129 1073 7131
f 1072 1092 7129
f 1092 1073 7129
f 7143 1073 7142
f 1073 1092 1074
f 1075 6990 7143
f 7142 1075 7143
f 1085 1075 7142
f 7142 7260 1085
f 7146 7259 7144
f 6990 7167 7150
f 7144 7259 7152
f 6990 1075 7144
f 7144 1085 7146
f 7143 7131 1073
f 7129 7131 1071
f 7131 7143 7167
f 7131 7167 1071
f 7167 7143 6990
f 7130 1071 7151
f 1071 7167 7151
f 6990 7150 7167
f 7149 6990 7144
f 7133 7132 7154
f 7133 1071 7130
f 7157 7156 7153
f 7154 7132 7153
f 7155 7133 7163
f 7155 7132 7133
f 7179 7132 7155
f 7163 7165 7155
f 7161 7149 7160
f 7144 7152 7149
f 7149 7152 7160
f 7160 14 7162
f 7160 7152 14
f 6990 7149 7167
f 7151 7133 7130
f 1071 7170 1077
f 7151 7167 7133
f 7154 1071 7133
f 1071 7154 7170
f 7167 7163 7133
f 7149 7163 7167
f 7165 7163 7161
f 7153 7132 7179
f 7163 7168 7161
f 7161 7168 7149
f 7149 7168 7163
f 7165 7161 7181
f 7128 1083 7138
f 7215 1083 7128
f 1083 7139 7138
f 7139 1083 7174
f 7215 1072 1081
f 7171 1081 1072
f 1077 7170 1072
f 7154 7171 7170
f 7215 1081 1083
f 1083 1081 1078
f 7171 1072 7170
f 7153 7171 7154
f 1080 7171 7153
f 7171 1080 1206
f 1206 1079 7178
f 7173 7193 1080
f 1081 7171 7178
f 7156 7180 7172
f 7190 7159 7183
f 7171 1206 7178
f 7172 7173 7153
f 7172 7153 7156
f 7153 7173 1080
f 7157 7180 7156
f 7166 7179 7155
f 7159 7180 7166
f 7153 7179 7157
f 7157 7179 7180
f 7180 7179 7166
f 7165 7158 7155
f 7155 7158 7166
f 7166 7158 7165
f 7159 7166 7184
f 7166 7165 7181
f 7166 7181 7184
f 7190 7180 7159
f 7183 7184 7182
f 7159 7184 7183
f 7184 7181 7182
f 7180 7186 7172
f 7181 7977 7182
f 7172 7186 7949
f 7190 7186 7180
f 7183 7186 7190
f 7177 7980 7194
f 7195 7175 1079
f 7192 1080 7193
f 7195 7177 7175
f 7193 7195 7192
f 7949 7193 7173
f 7949 7173 7172
f 1079 7175 7178
f 7195 1079 7192
f 7192 1206 1080
f 7178 7175 7176
f 7176 7175 7944
f 7185 7176 7197
f 7197 7176 7944
f 1206 7192 1079
f 7198 7202 7196
f 7202 7203 7196
f 1082 7207 7185
f 7203 1082 7197
f 1082 7185 7197
f 7189 7977 7161
f 7204 7205 7189
f 7178 7176 1081
f 7181 7161 7977
f 7185 7207 7176
f 7204 7189 7160
f 7189 7161 7160
f 7160 1076 7204
f 7162 1076 7160
f 1081 7176 7207
f 7207 1078 1081
f 1083 1078 7174
f 7207 7174 1078
f 1082 7174 7207
f 7174 1082 7169
f 7203 7211 7169
f 7169 1082 7203
f 7203 7199 7211
f 7202 7199 7203
f 7202 13 7199
f 13 7208 7199
f 7210 7134 1087
f 7134 7209 7138
f 7210 7209 7134
f 7134 7169 7213
f 7139 7169 7134
f 7134 7138 7139
f 7212 7138 7209
f 7214 7128 7138
f 7212 7214 7138
f 7210 7229 7209
f 7139 7174 7169
f 7128 7257 7215
f 1085 7144 1075
f 7152 7147 14
f 7259 7147 7152
f 7148 14 7147
f 7147 7259 7164
f 1097 7147 7164
f 7148 7147 1097
f 7218 14 7148
f 7162 7206 7204
f 7162 7204 1076
f 7200 7225 7208
f 7223 13 7202
f 13 7223 7200
f 13 7200 7208
f 7208 7225 7228
f 7226 7208 1087
f 7226 7199 7208
f 7211 1088 7169
f 7199 7226 7211
f 1087 1088 7226
f 7169 1088 7213
f 7208 7210 1087
f 7226 1088 7211
f 7134 7213 1088
f 1088 1087 7134
f 7228 7210 7208
f 7223 7225 7200
f 7224 7228 7225
f 7225 7223 7224
f 7228 7224 1398
f 7210 7228 7229
f 7217 1103 7222
f 1103 7231 7222
f 7231 7218 7148
f 7231 7148 7222
f 7206 7220 8000
f 7321 7220 7231
f 7231 8914 7321
f 7222 7219 7217
f 7148 7219 7222
f 7148 1097 7219
f 7219 1097 1094
f 1382 7217 7219
f 7219 1094 1382
f 7164 7233 1097
f 1094 1097 7233
f 7214 7257 7128
f 7214 7212 7216
f 7229 7212 7209
f 8982 7212 7229
f 7229 7228 8982
f 7235 7212 8982
f 7235 7238 7216
f 7212 7235 7216
f 7241 7240 7141
f 7214 7216 7257
f 7238 7243 7216
f 7237 7239 7243
f 7238 7237 7243
f 7239 7241 7242
f 7240 7245 7254
f 8966 1091 1388
f 1091 7244 7245
f 7242 7241 7243
f 1091 8966 7244
f 7239 7242 7243
f 7246 7245 7244
f 1091 7245 1395
f 7248 1089 7253
f 1089 7248 7247
f 7248 7250 7247
f 7250 7245 8977
f 7245 7250 7254
f 7216 7243 7251
f 1091 7241 1388
f 7239 1388 7241
f 1395 7245 1091
f 7240 1091 7245
f 7250 7252 7254
f 7254 7141 7240
f 7248 7252 7250
f 7140 7135 1092
f 1072 7140 1092
f 7140 7137 7135
f 7135 7256 1092
f 7256 1074 1092
f 7254 7137 7140
f 7140 7136 7254
f 7137 7252 7135
f 7254 7252 7137
f 7141 7136 7241
f 7241 7136 7251
f 7136 1072 7215
f 7140 1072 7136
f 7215 7257 7136
f 7241 7251 7243
f 7216 7251 7257
f 7257 7251 7136
f 7141 7254 7136
f 1074 7142 1073
f 7164 7259 7258
f 7164 7258 7234
f 7259 1085 7258
f 1085 7259 7146
f 7260 7142 1074
f 1085 7260 7266
f 7135 7252 7256
f 7252 7261 7256
f 1074 7256 7145
f 7256 7261 7145
f 7145 7260 1074
f 7262 7260 7145
f 7261 7262 7145
f 7262 7265 7260
f 7265 7262 7264
f 7252 7248 7261
f 7262 7261 7248
f 7265 7266 7260
f 7258 1085 7266
f 7258 7266 1096
f 7265 7264 7120
f 7266 7265 1096
f 7262 7255 7264
f 7255 7262 7248
f 7255 7249 7268
f 7249 7255 7253
f 1089 8943 7249
f 7248 7253 7255
f 7265 7120 1096
f 7255 7267 7264
f 7264 7267 7120
f 7120 7267 1096
f 7255 7268 7267
f 7253 1089 7249
f 7263 1096 7267
f 7263 1095 1096
f 7164 1095 7233
f 1096 1095 7234
f 7258 1096 7234
f 7234 1095 7164
f 1095 7232 7233
f 7233 7232 1094
f 7263 7232 1095
f 7293 7280 7294
f 7415 7421 1114
f 7288 7287 7280
f 7281 1104 7273
f 7339 7291 1104
f 7280 7273 7294
f 7280 7287 7273
f 7293 7288 7280
f 7293 7296 7288
f 7293 7292 7296
f 7297 7296 7292
f 7282 7288 7296
f 7297 7282 7296
f 7297 7298 7286
f 7297 7286 7282
f 7292 7298 7297
f 8278 4736 4348
f 7288 7289 7287
f 7294 7295 7293
f 7293 7300 7279
f 7304 7277 7294
f 7277 7293 7295
f 7295 7294 7277
f 7293 7277 7300
f 7279 7300 7303
f 7304 19 7277
f 7303 7277 19
f 7300 7277 7303
f 7305 7279 7303
f 7301 7305 7303
f 19 7301 7303
f 8911 1383 7308
f 1384 7278 1098
f 7278 7301 19
f 7278 1384 7301
f 19 7304 7275
f 19 7307 7278
f 7275 7307 19
f 7309 7307 7311
f 8911 7308 7327
f 1098 7308 1383
f 7307 1098 7278
f 7308 1098 7307
f 7311 7307 7275
f 7310 7304 7273
f 7311 7310 7312
f 7275 7310 7311
f 7309 7311 7312
f 7314 7309 7312
f 7309 7314 1099
f 1099 7308 7309
f 7308 7307 7309
f 7220 7162 7231
f 7333 7323 7317
f 7315 7323 7330
f 7324 7328 7316
f 7328 7324 7326
f 8911 7325 7326
f 1099 7317 7315
f 7325 7329 7328
f 7326 7325 7328
f 7327 7308 7315
f 7308 1099 7315
f 8911 7327 7329
f 7329 7325 8911
f 7327 7315 7329
f 7328 7330 7316
f 7329 7330 7328
f 7315 7317 7323
f 7315 7330 7329
f 7317 7318 7333
f 7333 7332 7322
f 1099 7318 7317
f 7318 7332 7333
f 7318 7338 7332
f 1100 7338 7335
f 1151 7322 7332
f 7332 1100 1086
f 7332 1086 1151
f 7204 7206 8000
f 7206 7162 7220
f 7231 7162 7218
f 7218 7162 14
f 7348 1100 7335
f 7335 7337 7348
f 7337 7335 7338
f 7290 7281 1104
f 7337 7274 7291
f 7291 7274 1104
f 7287 7289 7341
f 7314 7274 7338
f 8870 4897 8278
f 1104 7276 7273
f 7314 7318 1099
f 7304 7310 7275
f 7314 7312 7276
f 7276 7310 7273
f 7310 7276 7312
f 7314 7338 7318
f 7276 7274 7314
f 1104 7274 7276
f 7304 7294 7273
f 7281 7290 1104
f 7341 7281 7273
f 7342 7341 7375
f 15 7375 7341
f 7287 7341 7273
f 7281 7341 7342
f 7339 1104 7281
f 7371 1105 7375
f 7291 7339 7334
f 7337 7291 7334
f 7339 7342 1105
f 7281 7342 7339
f 7342 7375 1105
f 7334 7339 1105
f 7371 7334 1105
f 7346 7347 1100
f 7353 1100 7348
f 7348 7351 7353
f 7346 1100 7353
f 7349 7351 7348
f 7348 7337 7349
f 7334 7343 7350
f 7350 7343 7358
f 7358 7343 7371
f 7371 7343 7334
f 7349 7334 7350
f 7337 7334 7349
f 7350 7351 7349
f 7350 7358 7353
f 7658 7353 7361
f 7353 7358 7361
f 7350 7353 7351
f 7346 7353 7347
f 7353 7658 7347
f 7355 1107 7358
f 7344 7359 6987
f 6987 7359 7041
f 7359 1108 7041
f 1106 7359 1107
f 7344 1107 7359
f 1107 7344 7358
f 7344 7361 7358
f 7361 7344 6987
f 6987 6786 7362
f 6786 6935 7362
f 7640 7361 7362
f 6937 7637 7362
f 7637 7640 7362
f 6982 6983 6987
f 6937 7362 6935
f 7362 7361 6987
f 7359 1106 1108
f 7360 7356 1108
f 1108 7368 7357
f 1108 1106 7360
f 1108 7357 6988
f 7038 7042 1054
f 7364 7367 7363
f 6988 7357 7038
f 7043 7042 7364
f 7038 7357 7367
f 7042 7367 7364
f 7367 7042 7038
f 7043 7364 7363
f 7363 7367 7369
f 1054 7043 1110
f 1108 7356 7368
f 7357 7368 7367
f 7366 7367 7368
f 7366 7368 7356
f 7044 7367 7366
f 7044 7369 7367
f 7355 1106 1107
f 7371 7355 7358
f 7370 7356 7360
f 1106 7355 7360
f 7370 7360 7355
f 7370 7366 7356
f 7363 7369 7365
f 7371 7370 7355
f 7371 7044 7366
f 7370 7371 7366
f 7371 7374 7365
f 7371 7375 7374
f 7044 7365 7369
f 7374 7363 7365
f 7371 7365 7044
f 7382 7378 7376
f 1109 7378 7382
f 7285 2146 7289
f 7283 7376 7378
f 7378 7380 7283
f 7383 7298 7415
f 7378 1109 7383
f 7383 1109 7286
f 7286 7298 7383
f 1109 7282 7286
f 1109 7288 7282
f 15 7341 7285
f 7385 7376 7384
f 7376 7283 7384
f 7385 7382 7376
f 1109 7289 7288
f 7385 7289 1109
f 1109 7382 7385
f 7285 7289 7385
f 2146 7341 7289
f 2146 7285 7341
f 7284 7384 7386
f 7386 7384 7283
f 7384 7388 7385
f 7385 7388 7285
f 7284 7388 7384
f 7389 7388 7284
f 7390 7375 15
f 7388 15 7285
f 15 7388 7379
f 7284 7386 7389
f 7389 15 7379
f 7389 7379 7388
f 7389 7386 7387
f 7386 7396 7387
f 7396 7391 7387
f 7387 15 7389
f 15 7387 7372
f 7373 7372 7363
f 7390 7373 7363
f 7372 7390 15
f 7372 7387 7391
f 7372 7373 7390
f 7374 7390 7363
f 7375 7390 7374
f 7363 7372 7043
f 7042 7043 1054
f 7050 7372 7391
f 7050 7043 7372
f 7391 7396 7051
f 7391 7051 7050
f 7394 7051 7396
f 7051 7394 7392
f 7395 7126 7398
f 7395 7112 7113
f 7113 7119 7395
f 7394 7393 7392
f 7393 7394 7126
f 7126 7394 7396
f 7377 7396 7386
f 7386 7283 7377
f 7381 7398 7377
f 7126 7396 7377
f 7398 7126 7377
f 7380 7378 7381
f 7400 7381 7378
f 7380 7377 7283
f 7401 7400 7383
f 7378 7383 7400
f 7380 7381 7377
f 7401 7381 7400
f 7381 7401 7399
f 7401 7414 7402
f 7403 7401 1114
f 7383 1114 7401
f 7401 7403 7414
f 7402 7397 7401
f 7397 7402 7405
f 7409 1111 5865
f 7381 7399 7398
f 7405 7125 7397
f 7112 7125 7055
f 7397 7395 7398
f 7397 7398 7401
f 7401 7398 7399
f 7125 7395 7397
f 7395 7125 7112
f 7407 7055 7125
f 7406 7125 7405
f 7125 7406 7407
f 7409 7064 7407
f 5796 5795 7411
f 5795 5862 5866
f 7411 5795 7413
f 5866 7413 5795
f 7409 7408 1111
f 5866 5865 1111
f 7409 7407 7408
f 7406 7408 7407
f 7406 7410 7408
f 7408 7410 7404
f 1111 7404 7413
f 1111 7408 7404
f 7410 7405 7402
f 7410 7406 7405
f 7404 7410 7402
f 7065 7402 7414
f 7065 7404 7402
f 7383 7415 1114
f 7414 7403 7065
f 7415 7292 7416
f 7298 7292 7415
f 7438 7495 7418
f 7418 7413 7065
f 7403 7418 7065
f 1111 7413 5866
f 7404 7065 7413
f 7428 7426 7439
f 7415 7416 7421
f 7418 7403 7423
f 1112 7419 7420
f 7423 1112 7418
f 7422 7403 1114
f 1114 7421 7422
f 1112 7423 7419
f 7419 7424 7420
f 7423 7617 7419
f 7423 7421 7617
f 7423 7422 7421
f 7422 7423 7403
f 7420 7418 1112
f 7420 7424 7431
f 7427 7437 7420
f 7432 7420 7431
f 7432 7427 7420
f 7440 7427 7430
f 7420 7437 7418
f 7430 7427 7432
f 7430 7432 7433
f 7428 7439 7436
f 7436 7439 7434
f 7431 7433 7432
f 7439 7440 7434
f 7440 7430 7434
f 7428 7436 7438
f 7426 7418 7440
f 7438 7426 7428
f 7418 7437 7440
f 7440 7439 7426
f 7440 7437 7427
f 7418 7426 7438
f 7418 7495 7413
f 7480 7495 7447
f 7441 7447 7495
f 7441 7495 7438
f 7447 7441 7443
f 7444 7442 7445
f 7448 7479 7447
f 7438 7436 7449
f 7449 7441 7438
f 7449 7443 7441
f 7442 7451 7445
f 7434 7453 7452
f 7442 7453 7451
f 7453 7442 7452
f 7453 7434 7450
f 7448 7455 7459
f 7452 7436 7434
f 7443 7455 7447
f 7452 7449 7436
f 7444 7445 7446
f 7452 7455 7449
f 7449 7455 7443
f 7446 7455 7444
f 7452 7442 7455
f 7444 7455 7442
f 7459 7455 7446
f 7448 7447 7455
f 7456 7458 7466
f 7448 7458 7462
f 7458 7448 7459
f 7466 7458 7459
f 7462 7458 7456
f 7470 7472 7461
f 7478 7456 7470
f 7457 7470 7456
f 7459 7446 7466
f 7457 7464 7470
f 7585 7464 7469
f 1141 7471 7468
f 7469 7464 7467
f 7454 7467 7466
f 7466 7467 7456
f 7457 7467 7464
f 7467 7457 7456
f 7465 7472 7468
f 7470 7468 7472
f 7471 7465 7468
f 7465 7471 7472
f 7461 7478 7470
f 7461 7472 7471
f 7477 7471 1141
f 7476 7461 7471
f 7483 7478 7477
f 7471 7477 7478
f 7478 7461 7476
f 7471 7478 7476
f 7479 7480 7447
f 7479 1116 7480
f 1116 7460 7480
f 7479 7448 1116
f 1116 7462 7460
f 7448 7462 1116
f 7478 7462 7456
f 7462 7481 7460
f 7481 7462 7478
f 7481 7482 7484
f 7460 7481 1117
f 7481 7484 1117
f 7482 7478 7483
f 7482 7481 7478
f 1117 7484 7486
f 7486 7491 1117
f 7491 7460 1117
f 7490 7482 7473
f 7490 7473 5785
f 5785 7473 7487
f 7487 5803 5785
f 4520 7485 4513
f 7491 7489 7492
f 5804 5785 5786
f 4503 5804 4512
f 7490 5785 5804
f 7490 5804 4503
f 7482 7490 7484
f 7486 7490 7489
f 7486 7484 7490
f 7489 7490 4503
f 5796 7493 7492
f 7486 7489 7491
f 4503 564 7489
f 7492 7489 564
f 5796 5799 5789
f 7492 564 5799
f 5796 7492 5799
f 7492 7493 7494
f 5796 7411 7493
f 7493 7411 7413
f 7492 7494 7491
f 7460 7494 7480
f 7491 7494 7460
f 7494 7495 7480
f 7493 7413 7495
f 7495 7494 7493
f 7483 7463 7482
f 7496 7483 7477
f 7496 7463 7483
f 7473 7482 7463
f 5890 5969 5889
f 7502 5889 7487
f 5891 823 7487
f 5891 7487 5889
f 5803 7487 823
f 7487 7473 7463
f 7463 7501 7487
f 7502 7487 7501
f 7622 7498 7500
f 7496 7497 7463
f 7463 7497 7501
f 7501 1140 7502
f 1123 1118 5957
f 5957 1118 7504
f 5958 5802 567
f 5955 7504 4513
f 1121 567 7504
f 5960 7507 7505
f 7503 7507 5960
f 5957 5809 834
f 7504 5809 5957
f 834 5809 7504
f 1118 1121 7504
f 5958 1121 1118
f 7503 5960 5802
f 1118 1123 5958
f 7503 5802 5958
f 567 1121 5958
f 7505 7488 567
f 7505 567 5802
f 4537 7507 7506
f 5960 7505 5802
f 7503 7506 7507
f 7504 4533 4513
f 4545 4515 4533
f 7506 4545 4537
f 7506 4536 4545
f 4537 4545 4533
f 1140 7501 7627
f 7504 567 7488
f 7507 7488 7505
f 7488 7507 4537
f 4537 4533 7488
f 7504 7488 4533
f 4533 4515 4520
f 4533 4520 4513
f 7501 7497 7627
f 7499 7497 7496
f 7499 7627 7497
f 7499 7500 7412
f 7506 7540 4547
f 4547 4546 4535
f 7506 4547 4536
f 1132 7509 1130
f 7509 7540 7506
f 7540 7509 1132
f 7503 7509 7506
f 5962 7510 5958
f 7510 7503 5958
f 5956 1122 1120
f 1127 7510 835
f 1127 5956 7515
f 7513 7511 7510
f 7503 7510 7509
f 7511 7509 7510
f 1130 7511 7508
f 7511 1130 7509
f 7513 7508 7511
f 6058 5991 7628
f 7525 7516 7572
f 1136 7522 1170
f 1138 7517 1136
f 1138 1165 7517
f 1136 7517 7522
f 7527 1138 1136
f 6059 7528 1125
f 1136 1170 7525
f 7529 7516 7523
f 7523 7515 7630
f 7523 1125 16
f 1125 7525 1162
f 1125 7516 7525
f 1125 7523 7516
f 6059 7525 1170
f 7515 16 1171
f 16 7515 7523
f 7528 16 1125
f 7515 1126 1127
f 1126 7515 1171
f 6059 1162 7525
f 6059 1125 1162
f 7521 7513 7510
f 1127 7528 7530
f 7532 7519 6059
f 6059 7519 7528
f 7519 7521 7530
f 7519 7530 7528
f 7522 6059 1170
f 7532 6059 7522
f 7532 7522 7519
f 7519 7517 7524
f 7519 7522 7517
f 7531 7524 7512
f 7531 7534 7521
f 7530 7510 1127
f 7530 7521 7510
f 7531 7521 7535
f 7524 7531 7535
f 7519 7524 7535
f 7535 7521 7519
f 7513 7521 7534
f 7508 7513 7534
f 1129 7508 7534
f 1129 7534 7531
f 1129 7531 7512
f 7517 1165 7524
f 7524 1165 7512
f 7533 7512 1165
f 7533 1165 7537
f 1132 7539 7540
f 7539 7508 7512
f 7508 1129 7512
f 7539 1130 7508
f 7533 7539 7512
f 7541 7539 7533
f 1132 1130 7539
f 7536 7533 7537
f 7539 7538 7540
f 1138 7518 1165
f 7543 7544 1157
f 7543 4375 7475
f 7475 7544 7543
f 4539 4551 7546
f 7538 4551 7540
f 4551 4539 7540
f 7538 7475 4556
f 4555 7546 4551
f 7538 4556 4551
f 7541 7475 7538
f 7539 7541 7538
f 4561 4555 7545
f 7474 4561 7545
f 7475 7474 4556
f 4375 7474 7475
f 4555 7474 7545
f 4555 4551 4556
f 7474 4555 4556
f 4562 7543 1157
f 4562 4375 7543
f 7474 4375 4373
f 7474 4373 4561
f 4375 4562 4373
f 4374 7547 4372
f 4562 7547 4373
f 7547 1128 4372
f 1124 1131 7549
f 1131 1124 4562
f 1128 4562 1124
f 1128 7547 4562
f 1157 7556 1131
f 7552 1137 7551
f 7549 1131 7556
f 1137 1133 7551
f 1133 7565 7551
f 7551 7679 7552
f 7679 7551 1168
f 1133 7560 7565
f 7565 1168 7551
f 1101 7560 7558
f 1133 7559 7560
f 7560 7520 7558
f 4562 1157 1131
f 1144 7558 7520
f 7569 1133 1137
f 1133 7569 7559
f 7527 7570 7520
f 7560 7559 7520
f 7526 1164 1138
f 1138 1164 7518
f 1157 7573 7556
f 7573 1157 7544
f 7542 7536 7537
f 7475 7573 7544
f 7541 7573 7475
f 7536 7541 7533
f 7536 7573 7541
f 7536 7542 7573
f 7571 7542 7537
f 1165 7571 7537
f 7518 1164 1165
f 1165 1164 7571
f 7633 7632 7572
f 7520 7572 7632
f 7526 1138 7527
f 7572 7570 1136
f 7557 1137 7574
f 7526 7571 1164
f 7556 7542 7571
f 7556 7573 7542
f 7574 7575 7571
f 7520 7559 7569
f 7526 7574 7571
f 7555 7556 7571
f 7549 7555 7577
f 7526 7569 7557
f 7571 7575 7555
f 7575 7574 7555
f 7555 7574 1137
f 1137 7552 7555
f 7520 7569 7527
f 7526 7557 7574
f 7527 7569 7526
f 1134 1135 7561
f 7569 1137 7557
f 7568 1134 7550
f 7550 1134 7561
f 7555 7578 7576
f 1144 7613 7568
f 7466 7446 7454
f 7464 7581 7470
f 7469 7584 7585
f 1351 7584 7469
f 7454 1351 7469
f 7581 1341 7586
f 7451 1351 7454
f 8757 7584 1351
f 8760 7451 1115
f 8760 1351 7451
f 8742 1348 8752
f 8742 7567 1348
f 1134 1348 7567
f 7548 7567 7589
f 7567 7548 1134
f 1348 1349 7587
f 7587 8752 1348
f 1347 7586 8755
f 8754 17 1347
f 8745 17 8754
f 7600 1354 7591
f 7593 7595 7591
f 7595 7601 7591
f 7596 1353 7600
f 7599 7602 7588
f 7430 7603 7601
f 7601 7602 7430
f 7595 7602 7601
f 7599 8760 1115
f 7603 7604 7591
f 7591 7601 7603
f 7605 7600 7604
f 7302 7279 7605
f 7600 7605 1358
f 7301 7605 7279
f 7305 7301 7279
f 1358 7596 7600
f 7306 7605 7301
f 7477 7499 7496
f 7605 7606 7306
f 7605 7306 1139
f 7306 7301 1384
f 7606 7605 7306
f 7604 7607 7605
f 7607 7302 7605
f 7604 1113 7607
f 1113 7618 7607
f 1113 7416 7618
f 7302 7293 7279
f 7608 7293 7302
f 7607 7608 7302
f 7608 7607 7618
f 7568 7613 1349
f 7561 7579 7558
f 7561 7558 1144
f 7579 1101 7558
f 7568 1349 1348
f 1328 1135 7548
f 7568 7550 1144
f 1144 7550 7561
f 1134 7568 1348
f 7561 1135 7579
f 7579 1135 1101
f 7613 7609 1141
f 17 1141 1347
f 1141 17 7613
f 1349 7613 17
f 1347 7581 7586
f 7469 7467 7454
f 7468 7470 1347
f 1141 7468 1347
f 7470 7581 1347
f 7499 7477 1142
f 7430 7450 7434
f 7429 7433 7431
f 7433 7429 7430
f 1115 7615 7450
f 7429 7431 7435
f 7582 7603 7429
f 7603 7430 7429
f 7450 7451 7453
f 7603 7582 7429
f 7451 7450 1115
f 1115 7450 7615
f 7454 7446 7445
f 7445 7451 7454
f 1115 7450 7599
f 7450 7430 7602
f 7602 7599 7450
f 7616 7604 7603
f 7429 7616 7603
f 7616 7429 7435
f 7604 7616 7619
f 7604 7600 7591
f 7604 7617 1113
f 7293 7608 7292
f 7608 7618 7292
f 7292 7618 7620
f 7619 7617 7604
f 1113 7617 7425
f 7619 7419 7617
f 7618 7416 7620
f 7425 7421 7416
f 7416 1113 7425
f 7617 7421 7425
f 7477 1141 1142
f 7419 7435 7424
f 7424 7435 7431
f 7619 7435 7419
f 7619 7616 7435
f 7416 7292 7620
f 7623 1140 7627
f 5889 7502 1140
f 7500 7498 7412
f 7412 7627 7499
f 7614 7412 7622
f 7623 7412 7624
f 7623 7627 7412
f 7500 1142 7622
f 1142 7500 7499
f 7412 7498 7622
f 5890 1140 6062
f 7614 7626 7412
f 7412 7626 7624
f 7626 7614 7514
f 6063 6062 5991
f 7625 7515 6058
f 7610 7613 1144
f 7566 7613 7610
f 7614 7622 7621
f 1142 1141 7622
f 1141 7609 7622
f 7622 7609 7621
f 7623 7624 7626
f 7626 7514 7623
f 1140 7623 7514
f 7514 5991 1140
f 7633 7516 7529
f 7570 7527 1136
f 7516 7633 7572
f 7625 6058 7630
f 7630 7529 7523
f 7515 7625 7630
f 7628 7630 6058
f 7630 7628 7529
f 7529 1020 7633
f 7572 7520 7570
f 7631 7632 7633
f 7566 7610 7632
f 7632 7610 7520
f 1020 7529 7628
f 7632 7631 7566
f 1020 7631 7633
f 7628 5991 7629
f 7628 7629 1020
f 7609 7613 7566
f 7612 7631 7634
f 7631 7612 7566
f 1143 7634 7631
f 7631 1020 1143
f 7520 7610 1144
f 7621 7609 7566
f 7621 7566 7612
f 1020 7629 1143
f 7621 7514 7614
f 7612 7514 7621
f 7337 7338 7274
f 7634 7514 7612
f 7514 7634 1143
f 7514 7629 5991
f 6062 1140 5991
f 1143 7629 7514
f 7638 7640 7637
f 6933 1027 6799
f 6799 7636 6937
f 1028 7636 6936
f 6938 6821 7635
f 1027 6933 6938
f 6936 6799 1027
f 6936 7636 6799
f 1027 1148 1028
f 7636 7637 6937
f 7638 7637 7636
f 7636 7639 7045
f 7636 7045 7638
f 7641 7045 7639
f 7045 7640 7638
f 7641 7640 7045
f 1147 7645 7642
f 7643 1027 7645
f 1147 7642 7644
f 6931 7654 7646
f 7646 7642 6932
f 7646 6932 6931
f 1209 7635 6821
f 7642 7645 7647
f 1027 6938 7635
f 1027 7635 7645
f 1209 7645 7635
f 7645 1209 7647
f 7642 7647 6932
f 6932 7647 1209
f 7646 7654 1146
f 7650 7646 1146
f 1028 6936 1027
f 7646 7650 7642
f 7650 1146 7652
f 1146 7655 7652
f 1017 1146 7864
f 1017 7684 1146
f 1146 7684 7655
f 1146 7654 7864
f 7641 7662 7658
f 7650 7652 7651
f 7361 7641 7658
f 7640 7641 7361
f 7662 7657 7658
f 7336 7663 7651
f 1027 7643 7653
f 7644 7642 7650
f 7651 7644 7650
f 7336 7662 7641
f 7636 1028 7639
f 1148 7639 1028
f 7643 7645 1147
f 7663 7653 7651
f 7643 7651 7653
f 7644 7643 1147
f 1148 1027 7653
f 7643 7644 7651
f 7641 1148 7336
f 1148 7653 7663
f 7663 7336 1148
f 1148 7641 7639
f 7660 1102 7352
f 7657 7660 7658
f 7656 7652 7655
f 7660 7336 1102
f 7657 7336 7660
f 7651 1102 7336
f 7336 7657 7662
f 7652 1102 7651
f 1102 7652 7656
f 7656 7661 1102
f 7661 1152 1102
f 7668 7841 7850
f 7850 7675 7668
f 7668 7675 7670
f 7675 7850 7671
f 8278 8871 8872
f 7332 7338 1100
f 7678 1102 7677
f 1102 7678 1173
f 1173 7689 1151
f 1151 1086 1173
f 7689 1173 7678
f 1159 7677 1102
f 1152 1159 1102
f 1159 1152 7674
f 1188 7674 7683
f 7683 7674 7664
f 1152 7664 7674
f 1149 7661 7655
f 7685 1149 7684
f 7664 7685 7683
f 7683 1178 1188
f 7685 7684 7683
f 1178 7683 7684
f 7684 7686 1178
f 7684 1149 7655
f 7655 7661 7656
f 7664 1152 7685
f 7685 1152 1149
f 7661 1149 1152
f 7347 7658 7659
f 7352 1102 1173
f 1173 7676 7352
f 7352 7687 7660
f 7659 7687 7347
f 1100 7347 1086
f 7347 7688 1086
f 7687 7676 7688
f 1173 7688 7676
f 7659 7658 7660
f 7659 7660 7687
f 7352 7676 7687
f 7687 7688 7347
f 1156 1154 7681
f 1156 7681 7682
f 7681 7689 7682
f 1154 7598 7323
f 4612 4569 8174
f 7323 7681 1154
f 7682 7678 7691
f 7691 7678 7677
f 7694 1188 1175
f 7695 7694 7697
f 1159 7692 7677
f 7692 7695 7691
f 7692 7691 7677
f 7691 7695 1158
f 1158 7713 7691
f 1154 7701 7598
f 7330 7323 7598
f 1154 1156 7701
f 7682 7691 1156
f 1156 7691 7713
f 7703 7598 7701
f 7330 7598 7703
f 7704 7699 7701
f 7699 7703 7701
f 7701 7713 7704
f 1156 7713 7701
f 7699 7700 7703
f 7331 7330 7700
f 7700 7698 1155
f 7700 7316 7331
f 7704 7705 7700
f 7704 7700 7699
f 7316 7700 1155
f 7316 1155 7324
f 7331 7316 7330
f 7705 7704 7702
f 7702 1310 7698
f 7702 7698 7705
f 7698 7700 7705
f 7709 7563 8680
f 7563 523 8680
f 7563 1328 7548
f 7589 1346 7548
f 7548 1346 7563
f 7563 1346 523
f 7697 1158 7695
f 1312 1296 7707
f 7716 1176 7709
f 7716 7709 4394
f 1166 4380 7764
f 7716 1312 1176
f 7763 4380 1145
f 1286 1158 7697
f 7696 1312 7716
f 7694 7695 7693
f 7707 7792 1312
f 7792 7717 1312
f 1176 1312 7746
f 545 4378 7728
f 8680 4394 7709
f 1176 7724 7709
f 1135 7611 1101
f 7703 7700 7330
f 7709 1328 7563
f 1328 7611 1135
f 1328 7724 7611
f 1328 7709 7724
f 7611 7680 7741
f 7724 7680 7611
f 4377 7727 4379
f 7723 4378 7727
f 7728 4378 7726
f 7728 7729 545
f 545 7729 1145
f 7731 7728 7726
f 7723 7730 7726
f 7726 4378 7723
f 4378 4379 7727
f 4376 7727 1124
f 7727 1128 1124
f 1128 7727 4377
f 7727 4376 7723
f 7730 7723 7734
f 7708 7734 4376
f 4376 7734 7723
f 1124 7554 4376
f 1124 7549 7554
f 7708 4376 7554
f 7708 7549 6056
f 7549 7556 7555
f 7554 7549 7708
f 7577 6056 7549
f 7735 7708 6056
f 7735 7732 7708
f 7730 1169 7731
f 7734 7708 7732
f 7731 1169 848
f 7730 7731 7726
f 7734 7733 7730
f 7732 7733 7734
f 7577 7576 6056
f 7555 7740 7578
f 7732 7735 1167
f 7732 1167 7722
f 7735 6056 7737
f 1167 7735 7737
f 7576 7577 7555
f 7552 7740 7555
f 7576 7578 6056
f 7737 6056 7578
f 7737 7738 1167
f 7562 7738 7740
f 7738 7737 7578
f 7738 7736 1167
f 7562 7720 7738
f 7740 7738 7578
f 7722 1167 7736
f 7720 7736 7738
f 7736 7743 7721
f 7333 7681 7323
f 7562 7742 7720
f 7553 7742 7562
f 7553 7740 7679
f 7562 7740 7553
f 7552 7679 7740
f 1173 1086 7688
f 7681 7322 7689
f 7689 7322 1151
f 7689 7678 7682
f 1101 7611 7741
f 7679 1168 7565
f 1101 7741 7560
f 7565 7560 7679
f 7681 7333 7322
f 7679 7742 7553
f 7742 7679 7680
f 7560 7741 7680
f 7680 7679 7560
f 7742 7680 7744
f 7732 7730 7733
f 1188 7693 7674
f 7760 1169 7732
f 7732 7722 7760
f 7722 7736 7721
f 7722 7721 7760
f 1176 7743 7724
f 7747 7760 7721
f 7747 7721 7743
f 7730 7732 1169
f 7720 7744 7736
f 7744 7743 7736
f 7724 7744 7680
f 7744 7720 7742
f 1312 7717 7746
f 7744 7724 7743
f 7692 7674 7695
f 1159 7674 7692
f 7693 7695 7674
f 7719 7746 7717
f 7719 7739 7746
f 1176 7747 7743
f 7746 7747 1176
f 7750 7739 7719
f 1177 1160 7717
f 7719 7717 1160
f 1188 1178 1175
f 1175 7745 7694
f 7697 7694 7745
f 7693 1188 7694
f 1175 1178 7749
f 7749 1193 1175
f 1178 1193 7749
f 7771 1193 7686
f 1193 1178 7686
f 7684 7771 7686
f 1177 7751 1160
f 7751 7757 7750
f 7760 7747 7739
f 7739 7747 7746
f 7750 7757 7739
f 7750 1160 7751
f 7719 1160 7750
f 7755 7760 7757
f 1185 7754 7755
f 7755 7754 7756
f 7754 1185 7748
f 7751 7755 7757
f 7748 1185 7767
f 1185 7751 1177
f 7759 1184 1179
f 7748 7759 4264
f 7753 7759 7748
f 7762 7755 7756
f 7755 7751 1185
f 7757 7760 7739
f 7756 7748 1161
f 7756 7754 7748
f 7762 848 7755
f 1161 7762 7756
f 7760 848 1169
f 7758 7729 848
f 7761 7762 848
f 848 7762 7761
f 7758 848 1161
f 848 7762 1161
f 7758 7763 1145
f 7758 1161 7763
f 7758 1145 7729
f 7729 7728 7731
f 7729 7731 848
f 848 7760 7755
f 7764 4264 1166
f 7748 7764 1161
f 7763 1161 7764
f 7764 7748 4264
f 7763 7764 4380
f 7753 7765 7788
f 7767 7753 7748
f 7753 7767 7765
f 7770 7866 1172
f 7771 7769 1193
f 7769 1172 7775
f 7769 7772 1193
f 7752 1193 7772
f 7814 7772 7775
f 7769 7775 7772
f 7775 7779 7814
f 3477 3485 1183
f 7775 1190 7774
f 7779 7775 7774
f 7776 7774 1190
f 6903 1172 7866
f 7777 6905 2347
f 6904 6905 7777
f 1172 6904 7777
f 1180 2347 6905
f 1172 7776 7775
f 7776 1190 7775
f 7776 1172 7777
f 7776 7778 7774
f 7778 7777 2347
f 7777 7778 7776
f 7774 1181 7779
f 1181 7774 1822
f 2347 1180 2337
f 7780 2337 2345
f 7778 1822 7774
f 2337 7780 2347
f 7778 2347 1822
f 2347 7780 1822
f 1822 7780 2345
f 1822 2345 1181
f 3486 1182 1183
f 1281 7814 7779
f 4273 1182 4272
f 1183 1182 4273
f 7782 7785 7786
f 4275 4274 3477
f 3477 1183 4275
f 4273 7782 4275
f 4275 1183 4273
f 401 7781 7789
f 4274 4275 7782
f 3477 7781 401
f 4274 7781 3477
f 7782 7786 4274
f 7783 7781 4274
f 4270 7768 4273
f 7768 7782 4273
f 7768 7785 7782
f 4269 7768 4270
f 4274 7786 7783
f 7785 7788 7786
f 7717 7792 1177
f 1185 1177 7767
f 7767 1177 7765
f 7766 1184 7753
f 7785 7768 7788
f 4269 1184 7768
f 7768 1184 7766
f 7753 1184 7759
f 7766 7753 7788
f 7788 7765 1177
f 7784 7783 7787
f 7788 7784 7787
f 7783 7786 7787
f 7786 7788 7787
f 7788 7768 7766
f 7783 1187 7781
f 7784 7798 1187
f 7783 7784 1187
f 1177 7784 7788
f 7792 7784 1177
f 7707 7793 7792
f 7792 7793 7784
f 7798 7784 7793
f 3522 401 7799
f 7789 7781 1187
f 1572 7813 1281
f 1572 1571 7801
f 7801 7806 1572
f 7801 1573 7806
f 7790 7801 1571
f 1573 7801 7790
f 7790 7803 7800
f 7800 1573 7790
f 7804 7800 7803
f 7813 7806 1573
f 7805 1573 7800
f 7804 7805 7800
f 7807 7812 7791
f 7808 7802 7805
f 1153 7697 7812
f 7805 7802 1573
f 1281 7802 7791
f 7807 7808 7805
f 7807 7805 7804
f 7791 7808 7807
f 7804 7809 7807
f 7697 1153 7810
f 7812 7807 1153
f 1153 7807 7810
f 7812 7772 7791
f 7697 7752 7812
f 1175 7752 7745
f 7697 7745 7752
f 1175 1193 7752
f 7772 7812 7752
f 7814 7791 7772
f 7791 7802 7808
f 7813 1572 7806
f 7813 1573 7802
f 7813 7802 1281
f 7791 7814 1281
f 7817 7820 1697
f 1728 1699 7817
f 7815 1728 7854
f 1699 1728 7815
f 1699 7820 7817
f 7815 7818 1699
f 1191 7820 1699
f 1586 81 7830
f 7821 1710 7825
f 7819 7832 1710
f 7824 7821 7825
f 7827 7822 7826
f 7819 1710 7822
f 7822 1710 7826
f 7822 7827 8398
f 7828 7830 1811
f 1811 1711 7822
f 7828 1811 1280
f 1707 1711 1811
f 1811 7822 8398
f 1593 1590 1587
f 1587 1581 48
f 1704 1711 1707
f 1593 1599 1590
f 1593 1587 7829
f 7830 7831 7829
f 1587 1586 7829
f 1696 7822 1711
f 7825 1710 7820
f 7820 1710 7832
f 7832 1697 7820
f 1697 7832 7819
f 7818 1191 1699
f 1191 7825 7820
f 1696 1697 7819
f 1696 7819 7822
f 66 1191 1729
f 7837 7825 66
f 66 7825 1191
f 7824 7825 7837
f 7837 66 1695
f 66 1729 7849
f 7833 1695 7836
f 7837 1695 7835
f 1695 7833 7835
f 7833 7847 7835
f 7668 7846 7841
f 7841 7844 7850
f 7824 7838 7841
f 7835 7847 7837
f 7837 7847 7824
f 7849 1695 66
f 7847 7848 1192
f 7848 7847 7833
f 7843 7840 1192
f 1192 7840 7847
f 7838 7840 7844
f 7843 7844 7840
f 7824 7847 7840
f 7838 7824 7840
f 7838 7844 7841
f 7844 7843 7850
f 7843 7845 7850
f 1731 7857 60
f 7853 7861 8082
f 7852 1695 7849
f 7839 1695 7852
f 7856 7852 7849
f 7818 7855 1729
f 1727 1726 7857
f 7854 7855 7815
f 7857 7855 7854
f 7815 7855 7818
f 7855 7856 7849
f 1191 7818 1729
f 1729 7855 7849
f 7858 7852 7856
f 7856 7855 7857
f 7858 7856 7857
f 7816 7857 7854
f 1731 7858 7857
f 7852 7858 7851
f 7858 1731 7851
f 7816 1727 7857
f 1728 7816 7854
f 1728 1727 7816
f 7769 7863 1172
f 7773 1172 7863
f 7771 7684 7769
f 1017 7867 7863
f 7684 1017 7863
f 7684 7863 7769
f 7864 6931 1194
f 6931 7864 7654
f 6931 6765 1194
f 6765 6895 6826
f 6926 6895 6765
f 6765 6931 6926
f 6765 6826 7865
f 6931 6932 6926
f 6926 6932 1209
f 6765 7865 1194
f 7773 7867 7770
f 1194 6927 7864
f 1017 7864 7867
f 7863 7867 7773
f 7773 7770 1172
f 7864 6927 7867
f 6927 7865 7867
f 7865 6927 1194
f 6907 7865 6826
f 6928 7865 6907
f 7865 6928 7867
f 7867 7866 7770
f 7867 6928 7866
f 6893 2071 2036
f 6893 2051 2071
f 7870 7869 1793
f 1793 7869 1794
f 7862 7869 7870
f 6911 7869 7862
f 2071 2051 6911
f 6892 7869 6891
f 7869 6892 1794
f 6891 7868 6892
f 7862 2071 6911
f 1197 1780 132
f 7874 1780 1197
f 7871 7873 7878
f 7871 7878 7874
f 1030 1213 1225
f 1213 7873 1225
f 7878 7873 7883
f 7882 7883 7873
f 1780 7874 1789
f 1780 7885 1720
f 8080 8077 1198
f 8080 1198 1730
f 1789 7874 7878
f 7888 7875 7886
f 7885 1780 1789
f 1789 7886 7885
f 8074 7884 7882
f 7878 8075 1789
f 8075 7878 7883
f 1789 7888 7886
f 8075 7888 1789
f 7873 7871 7877
f 6912 2049 1014
f 1197 6889 7874
f 6889 7876 7874
f 7872 7877 7871
f 7872 6930 7877
f 7872 7871 7876
f 7876 7871 7874
f 6912 2038 2049
f 6929 1225 7873
f 7877 6929 7873
f 1030 1225 7889
f 1030 7889 1225
f 7892 7967 1030
f 1225 7893 1030
f 6930 6929 7877
f 6929 6930 1225
f 6930 7872 6910
f 1208 6949 1210
f 6930 7893 1225
f 7890 7893 6930
f 1199 6967 6966
f 6925 6827 7893
f 6925 7893 7890
f 6925 7890 1023
f 6917 6930 6910
f 1023 6930 6917
f 7890 6930 1023
f 6878 1014 6888
f 6878 6910 7872
f 7872 7876 6878
f 2038 6912 6889
f 6878 7876 1014
f 132 6889 1197
f 132 2038 6889
f 6912 7876 6889
f 1014 7876 6912
f 6884 7895 6886
f 6886 6874 6970
f 6874 7896 1777
f 6874 1777 1034
f 6886 6970 6883
f 6886 7896 6874
f 6886 7895 7896
f 7900 7896 7895
f 7908 7900 7895
f 2043 7908 7895
f 1232 7897 7904
f 7904 7901 1735
f 7897 1202 7904
f 1232 7907 7897
f 2042 7908 2043
f 7909 7896 7900
f 2042 7907 7908
f 2042 2043 7897
f 7907 2042 7897
f 7909 7908 7907
f 7900 7908 7909
f 7909 7907 1232
f 1232 7910 7909
f 7909 7899 7896
f 7899 1777 7896
f 7910 7913 7912
f 1034 1777 6975
f 1777 7899 7922
f 7912 7909 7910
f 7909 7912 7899
f 7904 7910 1232
f 2044 7914 7906
f 2044 7915 7914
f 7915 2044 7913
f 7915 7913 7910
f 2044 7906 7913
f 7906 7912 7913
f 6961 7914 7905
f 7914 7915 7916
f 7916 7905 7914
f 1735 7901 7903
f 1735 7903 7902
f 7936 7918 7916
f 7916 1735 7936
f 7918 7936 7917
f 7919 7911 7920
f 1735 7916 7915
f 1735 7915 7910
f 7910 7904 1735
f 7905 7916 7918
f 6961 7911 1203
f 7905 7918 7920
f 7920 7918 7917
f 7911 7905 7920
f 7911 6961 7905
f 7919 1203 7911
f 7921 7919 7920
f 1777 7922 7924
f 7921 6974 7919
f 7922 7919 6974
f 7922 6974 7924
f 6973 6975 6976
f 7925 6975 6974
f 7922 1203 7919
f 7899 1203 7922
f 7912 1203 7899
f 7912 7906 6961
f 1203 7912 6961
f 6974 6975 7924
f 6961 7906 7914
f 6975 1777 7924
f 6973 6976 6967
f 7925 6976 6975
f 6969 6966 6967
f 6967 6976 6978
f 6976 7925 6978
f 7925 7926 6978
f 6977 7927 7926
f 7927 6977 6978
f 7928 6977 7926
f 6977 7928 6969
f 7927 6978 7926
f 7926 6968 7928
f 7929 7925 6974
f 6974 7930 7929
f 6974 7923 7930
f 7929 6968 7926
f 7929 7926 7925
f 7929 7938 6968
f 7929 7937 7938
f 7937 7932 7938
f 7923 6974 7921
f 7921 7930 7923
f 7920 7930 7921
f 7937 7929 7930
f 7917 7937 7920
f 7917 7934 7937
f 7930 7920 7937
f 7933 7932 7937
f 7934 7933 7937
f 7932 7933 7940
f 7940 7938 7932
f 7940 7933 1224
f 7947 7943 7942
f 7944 7942 7981
f 7175 7194 7944
f 7946 7194 7980
f 7944 7947 7942
f 7944 7946 7947
f 7928 7945 6969
f 6969 7945 6957
f 6957 7948 6956
f 6957 7945 7962
f 6968 7938 7943
f 7943 7947 6968
f 7947 7928 6968
f 7928 7947 7945
f 7947 7946 7945
f 7946 7980 7962
f 6944 6954 7345
f 6957 7980 7948
f 7948 7980 7177
f 6954 7191 7951
f 7951 6952 7345
f 7191 6952 7951
f 6954 7951 7345
f 1211 7186 7974
f 6953 7956 7953
f 6949 6827 1031
f 7964 7956 6953
f 7953 7950 6953
f 6953 7950 7964
f 7187 7954 7957
f 7187 6952 7954
f 7187 7345 6952
f 7957 7950 7953
f 7953 7187 7957
f 6951 6949 1208
f 6951 1208 1207
f 7892 7648 7649
f 6943 7892 6940
f 7893 7894 7648
f 1207 6943 6951
f 7894 7959 7648
f 6949 6948 1210
f 7649 7648 6934
f 7648 6943 6934
f 7959 6949 6951
f 6943 7959 6951
f 7893 6827 7894
f 6949 7959 6827
f 6943 7648 7959
f 7959 7894 6827
f 1210 6948 6950
f 6955 1210 6950
f 6948 6949 6950
f 6921 6950 6949
f 7946 7962 7945
f 1210 6955 7953
f 7953 7956 1210
f 6947 7345 6955
f 6955 7345 7187
f 6955 7961 7953
f 7187 7953 7961
f 6947 6944 7345
f 6955 7187 7961
f 6957 7962 7980
f 7956 1208 1210
f 7892 1030 7648
f 7891 7648 1030
f 7891 1030 7893
f 1207 7958 6943
f 6943 7958 7892
f 7893 7648 7891
f 1030 7967 1213
f 1207 1208 7960
f 7956 7960 1208
f 1207 7960 7958
f 7965 7973 7976
f 7960 7956 7965
f 7964 7965 7956
f 1213 7967 7969
f 7958 7960 7971
f 7967 7892 7958
f 7969 7967 7955
f 7955 7967 7958
f 7971 7955 7958
f 7955 7971 7991
f 8280 8283 8288
f 7976 7968 7966
f 7964 7952 1212
f 7965 1205 7973
f 7965 7964 1205
f 1212 7186 1211
f 7976 7188 7983
f 1214 7188 7973
f 7971 7968 7991
f 7976 7973 7188
f 7182 1214 7975
f 7973 7975 1214
f 7973 1205 7975
f 1212 7952 7978
f 7978 7952 7186
f 7978 7186 1212
f 1211 7975 1212
f 7183 7974 7186
f 7975 7183 7182
f 7183 7975 7974
f 7974 7975 1211
f 7981 7197 7944
f 7954 6952 7949
f 7950 7952 7964
f 1212 1205 7964
f 1205 1212 7975
f 7952 1084 7979
f 7952 7979 1084
f 1084 7186 7952
f 7952 7950 7954
f 7954 1084 7952
f 7950 7957 7954
f 7949 7186 1084
f 7949 1084 7954
f 7191 7949 6952
f 7949 7191 7193
f 7193 7948 7177
f 6954 7193 7191
f 7948 7193 6954
f 7946 7944 7194
f 7193 7177 7195
f 7194 7175 7177
f 7196 7942 7943
f 7196 7203 7981
f 7981 7203 7197
f 7196 7981 7942
f 7182 7977 1214
f 7977 7188 1214
f 7189 7205 7982
f 7982 7977 7189
f 7982 7983 7188
f 7188 7977 7982
f 8280 8312 8283
f 7982 1215 7983
f 7972 1215 7982
f 7982 1216 7972
f 8247 4612 8283
f 7976 7983 1215
f 7968 7976 1215
f 7972 8002 1217
f 7984 7972 1217
f 7988 1215 7972
f 1217 7987 1233
f 7987 1217 8002
f 7665 8083 7989
f 7999 7989 7970
f 7999 7969 1233
f 7970 7969 7999
f 7969 2135 1233
f 7965 7966 7971
f 7943 7938 7939
f 7991 7968 7955
f 7971 7960 7965
f 7968 7971 7966
f 7966 7965 7976
f 7972 7984 7988
f 1215 7988 7984
f 7984 2135 1215
f 1217 2135 7984
f 2135 7968 1215
f 1217 1233 2135
f 7955 2135 7969
f 2135 7955 7968
f 1233 8002 7999
f 8002 1233 7987
f 7990 7989 7999
f 7667 8090 7860
f 7666 7995 7672
f 7672 7670 7675
f 1235 7996 7995
f 7666 7997 7995
f 7998 7667 7999
f 7990 7999 7667
f 7666 7667 7998
f 7995 7997 7998
f 7666 7998 7997
f 7995 7320 1235
f 8002 7972 7992
f 7998 7999 8002
f 7320 7995 7998
f 7221 8000 7220
f 7220 7321 7221
f 7320 7985 7221
f 7320 7221 7321
f 7985 7320 7998
f 7204 8000 8003
f 7998 8002 7985
f 1216 7992 7972
f 8002 7992 7985
f 8003 7982 7205
f 7221 8001 8003
f 7204 8003 7205
f 7992 8001 7985
f 7221 7985 8001
f 8000 7221 8003
f 7992 8003 8001
f 7982 8003 1216
f 7992 1216 8003
f 7202 8008 7223
f 8005 7223 7227
f 7223 8005 7224
f 7223 8008 7227
f 8008 8006 7227
f 8007 8008 7202
f 8008 7201 8006
f 8004 8008 8007
f 8004 7201 8008
f 7202 8010 8007
f 7198 8010 7202
f 8004 8007 8010
f 8010 7939 8004
f 7939 8010 7198
f 7938 7940 7939
f 7943 7939 7198
f 7943 7198 7196
f 7939 8012 8009
f 7941 8012 7940
f 1218 7939 7940
f 7939 1218 8012
f 7941 7931 8011
f 7941 8011 8012
f 8012 1218 7940
f 8012 8011 8009
f 7201 8004 1219
f 8009 8011 8004
f 8004 7939 8009
f 8004 8011 1219
f 7931 7941 1219
f 7201 1219 1223
f 7940 1224 7941
f 7931 1219 8011
f 8030 8014 1219
f 8015 1220 1398
f 1223 1220 8015
f 8006 8015 8005
f 8015 1398 7224
f 8015 7224 8005
f 8005 7227 8006
f 8006 1223 8015
f 1223 8006 7201
f 8016 1223 1219
f 1219 8014 8016
f 1221 1220 1223
f 1223 8016 8014
f 1223 8014 8013
f 1220 8017 8022
f 1221 1223 8013
f 8013 8021 8025
f 1221 1226 8017
f 8017 1220 1221
f 8019 1226 1221
f 1226 8019 8025
f 8020 8017 1226
f 8021 8013 8024
f 1221 8013 8019
f 1226 8025 1227
f 1227 8020 1226
f 1222 8021 8052
f 8025 8021 1222
f 1227 8025 1222
f 8024 8052 8021
f 8025 8019 8013
f 8024 8013 8023
f 8018 8024 8023
f 7917 7936 7935
f 7917 7935 7934
f 1224 7933 7934
f 8032 1219 7941
f 7941 1224 8032
f 8031 1224 7934
f 1224 8031 8032
f 8028 8026 8031
f 7934 8028 8031
f 8028 7934 7935
f 8023 8028 8018
f 8023 8026 8028
f 8031 8030 8032
f 1219 8032 8030
f 8031 8026 8030
f 8014 8030 8023
f 8030 8026 8023
f 8023 8013 8014
f 7901 7902 7903
f 158 4611 8328
f 4695 8998 8194
f 7936 8036 7935
f 7902 7936 1735
f 8038 7936 7902
f 8038 8036 7936
f 8063 8044 8035
f 8042 8041 8055
f 8018 8028 8053
f 8038 8045 8036
f 8028 7935 8036
f 8045 8038 8040
f 8045 8046 8036
f 8036 8046 8049
f 8033 8051 8034
f 8036 8053 8028
f 8049 8053 8036
f 8034 8046 8045
f 8040 8034 8045
f 8033 8034 8040
f 8040 8035 8033
f 8035 8044 8033
f 8039 8033 8044
f 8039 8051 8033
f 8034 8051 8046
f 1228 1247 1222
f 1247 8042 1227
f 1222 1247 1227
f 8018 8053 8052
f 8048 1247 1228
f 8050 8053 8049
f 8048 1228 8049
f 8052 8050 1228
f 8050 8052 8053
f 8018 8052 8024
f 8049 1228 8050
f 8052 1228 1222
f 8049 8046 8048
f 1229 8039 8044
f 8048 8041 8042
f 8042 1247 8048
f 8041 8048 8051
f 8048 8046 8051
f 8039 8047 8054
f 8039 8056 8047
f 1229 8056 8039
f 8056 8058 8064
f 8057 8064 1684
f 8064 8057 8056
f 8043 8055 8054
f 8043 8054 8057
f 1230 8057 8054
f 8057 1230 8056
f 8047 8056 8054
f 1230 8054 8056
f 8054 8055 8039
f 8038 7902 8059
f 8039 1231 8051
f 8043 8057 1684
f 1231 8039 8055
f 8035 8040 8038
f 8055 8041 8051
f 8055 8051 1231
f 8055 8043 8042
f 8058 8056 8060
f 8061 8059 7901
f 8038 8059 8035
f 8035 8059 8063
f 1202 7901 7904
f 8061 7901 1202
f 7901 8059 7902
f 1202 1685 8061
f 1685 8065 8061
f 8060 8044 8063
f 8058 8060 8062
f 8059 8061 8060
f 8059 8060 8063
f 8060 8061 8062
f 1229 8060 8056
f 8044 8060 1229
f 8064 8065 1685
f 8062 8061 8065
f 8058 8065 8064
f 8058 8062 8065
f 7875 7887 7885
f 8067 1234 69
f 7671 7666 7672
f 8073 7969 7970
f 7873 7880 7882
f 8074 7882 7879
f 7882 7880 7879
f 7969 8073 7881
f 7881 1213 7969
f 1213 7881 7873
f 7873 7881 7880
f 7963 7884 8071
f 7884 8074 8071
f 7879 8076 7898
f 7880 8076 7879
f 7879 7898 8074
f 7843 7993 7845
f 7898 8071 8074
f 8067 8071 7898
f 69 8080 8079
f 8071 69 8079
f 8071 8075 7963
f 8075 8071 8079
f 7887 8078 8079
f 7887 8079 8080
f 7888 7887 7875
f 7887 8075 8078
f 8078 8075 8079
f 8075 7887 7888
f 8075 7883 7963
f 7963 7883 7884
f 7884 7883 7882
f 7885 7886 7875
f 8080 1234 8068
f 8077 1731 60
f 8080 1730 7887
f 1234 8067 8066
f 8071 8067 69
f 8066 8067 7898
f 8068 1234 8066
f 7989 8073 7970
f 8081 8082 8066
f 8082 8068 8066
f 8068 8082 8077
f 8081 7853 8082
f 7851 8077 8082
f 8077 7851 1731
f 1198 8077 60
f 1732 1720 1733
f 1730 1733 7885
f 8080 8068 8077
f 1730 1198 7859
f 1730 7859 1733
f 1732 1733 7859
f 7885 1733 1720
f 7885 7887 1730
f 8083 7665 8086
f 7881 8083 8086
f 7898 8076 8066
f 8070 8076 8086
f 8086 8076 7881
f 7880 7881 8076
f 8083 7881 8073
f 8073 7989 8083
f 7990 7665 7989
f 7665 7860 7845
f 7860 8084 7667
f 7860 7665 8084
f 7667 8084 7990
f 7671 7672 7675
f 7990 8084 7665
f 7665 7845 8086
f 8089 8086 7845
f 8066 8076 8070
f 8066 8070 8081
f 7995 7670 7672
f 8070 8085 8081
f 8088 8086 8089
f 8087 7853 7993
f 8086 8088 8070
f 7845 7993 8089
f 8088 8089 7993
f 8090 7845 7860
f 8090 7671 7850
f 8090 7667 7666
f 8090 7666 7671
f 8087 7993 7843
f 7845 8090 7850
f 7996 8091 7995
f 8091 7670 7995
f 8087 7843 1192
f 1192 7848 8087
f 7848 8069 8087
f 7836 1695 7833
f 7833 1695 8069
f 7833 8069 7848
f 8081 8088 7993
f 7853 8087 8069
f 8088 8085 8070
f 8069 7861 7853
f 8081 8085 8088
f 7853 8081 7993
f 8082 7861 7851
f 7851 7861 7852
f 7839 7852 7861
f 7839 7861 1695
f 7861 8069 1695
f 1605 1236 1690
f 7842 8096 7834
f 8095 8100 8093
f 8100 1236 8093
f 8096 8101 8095
f 8096 8095 8093
f 7842 8101 8096
f 8100 8101 8099
f 8103 8100 8099
f 8095 8101 8100
f 1236 8106 8109
f 1236 8100 8106
f 1690 1613 1605
f 1613 1690 1236
f 1613 1236 8109
f 8103 8106 8100
f 8106 8103 8104
f 1604 8110 8109
f 8110 1604 1237
f 1604 8111 1273
f 1604 8109 8107
f 8327 51 1634
f 8118 8104 8234
f 8107 8118 1270
f 8105 8107 8109
f 8105 8118 8107
f 8109 8106 8105
f 8106 8118 8105
f 8106 8104 8118
f 50 1270 8108
f 1692 8119 8102
f 8158 8102 8159
f 1692 8102 1689
f 1237 8123 8110
f 1689 1693 1694
f 1692 8114 8119
f 1689 8102 8158
f 1689 8158 8122
f 8114 1635 51
f 8109 8110 1613
f 8327 8119 8114
f 8110 8123 1613
f 1694 1635 8114
f 1694 8124 1635
f 8124 1694 1238
f 1693 1238 1694
f 1693 1689 1238
f 8126 1245 8127
f 1238 8131 8124
f 8131 8130 8124
f 8126 8127 1688
f 1688 1675 8129
f 1675 8113 8129
f 1635 1239 8125
f 8124 1239 1635
f 1239 8124 8113
f 8125 8113 1675
f 8129 8113 8124
f 8125 1239 8113
f 8124 8130 8129
f 8129 8126 1688
f 1687 1688 8127
f 8135 8127 1245
f 8133 8135 1245
f 8135 1687 8127
f 1683 8043 1684
f 1688 1676 1678
f 1686 61 1688
f 8138 61 1686
f 1688 61 1676
f 8137 1240 8138
f 8138 1687 8137
f 1686 1687 8138
f 8043 1736 8042
f 8043 1676 61
f 1676 8043 1682
f 1683 1682 8043
f 1736 8043 61
f 8143 8137 8142
f 8143 8144 8147
f 8137 8143 1240
f 8339 1240 8147
f 8147 1240 8143
f 8135 8139 1687
f 8139 8136 8140
f 8139 8142 8137
f 8137 1687 8139
f 8139 8140 8142
f 8140 1248 8142
f 8129 8130 8132
f 8134 8140 1241
f 8121 8132 8131
f 8130 8131 8132
f 8132 8119 1244
f 8162 8115 8116
f 8128 8151 8134
f 1241 8140 8136
f 8152 8134 1241
f 8136 8128 8152
f 8136 8135 8133
f 8128 8136 8133
f 8126 8133 1245
f 8136 8152 1241
f 8126 8129 8153
f 8152 8128 8134
f 8153 8132 8128
f 8128 8133 8153
f 8129 8132 8153
f 8153 8133 8126
f 8155 8154 1238
f 1238 8154 8131
f 8155 1238 8122
f 1689 8122 1238
f 8122 8156 8155
f 8135 8136 8139
f 8120 8157 8154
f 8158 8156 8122
f 8155 8156 8120
f 8121 8131 8154
f 8155 8120 8154
f 8120 8156 8158
f 8158 8159 8120
f 8119 8121 8102
f 8115 1244 8119
f 8119 8160 8115
f 1244 8115 8132
f 8115 8160 1409
f 8160 8327 1409
f 8119 8327 8160
f 8121 8119 8132
f 8115 8162 8167
f 8115 8167 8132
f 8167 1150 8151
f 8173 8150 8097
f 8140 8134 8173
f 1150 8097 8151
f 1150 8301 1249
f 8115 1409 8116
f 1150 8162 8301
f 8167 8162 1150
f 8166 8175 8144
f 8169 8171 8184
f 8184 8172 1243
f 8175 8148 8144
f 8175 8166 8165
f 8169 1243 8168
f 8169 8184 1243
f 8171 8168 8166
f 8169 8168 8171
f 8168 1243 8166
f 8166 1243 8172
f 8143 8142 1248
f 8097 8176 8173
f 8176 8097 8171
f 8143 8166 8144
f 8166 8176 8171
f 8166 8143 1248
f 8166 8177 8176
f 8166 1248 8177
f 8140 8177 1248
f 8121 8154 8157
f 8157 8120 8159
f 8132 8151 8128
f 8177 8173 8176
f 8167 8151 8132
f 8102 8121 8157
f 8140 8173 8177
f 8173 8134 8150
f 8102 8157 8159
f 8150 8134 8151
f 8150 8151 8097
f 8020 8029 8178
f 8185 8171 8097
f 8165 8190 8141
f 8181 8022 8180
f 8180 8029 8191
f 8182 8181 8191
f 8170 8184 8171
f 8184 8170 8185
f 8171 8185 8170
f 1404 8197 1410
f 8180 8191 8181
f 8182 8191 8027
f 8022 8017 8178
f 8020 8178 8017
f 8022 8178 8180
f 1398 8022 7230
f 8178 8029 8180
f 8179 8190 8182
f 8179 8027 8141
f 8191 8141 8027
f 8029 8141 8191
f 8182 8027 8179
f 8029 8020 8141
f 8190 8996 8182
f 8190 8165 8194
f 8179 8141 8190
f 8185 8097 8187
f 8192 8194 8172
f 8185 8161 8195
f 8172 8165 8166
f 8194 8165 8172
f 8183 8172 8184
f 8183 8184 8185
f 8183 8185 8195
f 8161 8198 8195
f 8172 8183 8192
f 1404 8188 8197
f 8183 8195 8192
f 8198 8199 8192
f 8097 1150 8187
f 8144 8146 8147
f 8188 1150 1249
f 8187 1150 8188
f 1249 1262 8197
f 8161 8185 8187
f 8196 8200 1411
f 8196 8161 8187
f 8186 8196 8187
f 8196 8186 8200
f 8188 8186 8187
f 8186 8188 1404
f 8193 8186 1404
f 8197 1262 8164
f 8163 1261 8164
f 8299 1261 8163
f 8164 1410 8197
f 4703 8164 1261
f 8227 8203 8208
f 8206 8209 8203
f 8208 8203 1251
f 8207 8900 8209
f 8880 8204 8879
f 8209 8206 8207
f 8906 7996 1235
f 7996 8906 8212
f 8210 8207 8214
f 8212 8216 7996
f 8213 8210 8072
f 8208 8219 8227
f 8215 8221 8220
f 8215 8226 8219
f 8220 7669 8215
f 8215 7669 8226
f 8072 8212 8213
f 8226 8210 8219
f 8215 8219 8211
f 8211 8219 8208
f 8216 8091 7996
f 7846 8216 8212
f 1314 8222 8072
f 1308 8229 8221
f 8221 1598 8220
f 8203 8214 8206
f 8226 7669 8072
f 1598 8221 8229
f 7669 1314 8072
f 8558 8222 1314
f 7846 8225 7841
f 8224 8225 8222
f 7670 8091 7668
f 7668 8091 7846
f 7846 8091 8216
f 8214 8219 8210
f 8072 7846 8212
f 8206 8214 8207
f 8210 8226 8072
f 8219 8214 8227
f 8203 8227 8214
f 8357 8108 1270
f 1270 8118 8357
f 8231 8228 8232
f 8118 8228 8357
f 8118 8234 8228
f 8103 8099 8104
f 8104 8099 1319
f 8230 8234 8104
f 8234 8230 8228
f 8230 1319 8229
f 8235 1252 1253
f 1319 8230 8104
f 1319 1598 8229
f 8235 8228 8230
f 1308 8236 8229
f 8236 1308 1252
f 8230 8229 8235
f 8235 8236 1252
f 8229 8236 8235
f 8218 1252 8221
f 1253 1252 8218
f 1308 8221 1252
f 8877 8237 8218
f 8237 1253 8218
f 1255 8241 8232
f 8228 1255 8232
f 1255 8235 1254
f 1254 8237 8242
f 1255 8228 8235
f 8235 1253 1254
f 8238 8237 8243
f 8242 8237 8238
f 8237 1254 1253
f 8242 1259 1254
f 8875 8208 8878
f 1259 1255 1254
f 1255 1259 8241
f 8246 1259 8242
f 8239 1258 1377
f 1377 1259 8246
f 8240 8858 8868
f 8240 1258 8239
f 8233 8241 1259
f 8239 8245 8240
f 8252 1258 8240
f 8245 8858 8240
f 8252 8240 1260
f 8249 8868 8858
f 8254 8275 8252
f 8254 8252 1260
f 1381 8255 8252
f 8252 8275 1381
f 8255 1258 8252
f 8233 1259 1258
f 1377 1258 1259
f 8233 1258 8255
f 8233 8257 8231
f 8232 8241 8231
f 8231 8241 8233
f 8233 8250 8257
f 8267 8351 8260
f 8254 8253 8275
f 8261 1367 8251
f 8260 8258 8267
f 8258 8260 8251
f 8284 8264 8269
f 8258 8268 8267
f 8260 8261 8251
f 8266 8260 8351
f 8262 8348 8268
f 8348 8267 8268
f 8268 8263 8264
f 8262 8264 8273
f 8264 8284 8273
f 8262 8268 8264
f 8264 8263 8269
f 8271 8268 8258
f 8251 8272 8258
f 8266 8261 8260
f 8202 8250 8362
f 8257 8250 8202
f 8255 8250 8233
f 8255 8362 8256
f 8250 8255 8256
f 8256 8362 8250
f 1381 8362 8255
f 8266 8275 8261
f 8275 8266 1381
f 8868 1260 8240
f 8261 8253 1366
f 8261 8275 8253
f 8864 1366 8868
f 8868 8253 1260
f 1366 8253 8868
f 1260 8253 8254
f 1366 1367 8261
f 8864 1367 1366
f 8251 1367 8248
f 8279 8272 8278
f 8272 8271 8258
f 8248 8272 8251
f 8268 8271 8272
f 8263 8279 8277
f 8279 8278 8277
f 8307 8277 8281
f 8263 8268 8279
f 8272 8279 8268
f 8312 1407 1412
f 8312 1412 8283
f 8288 8295 8280
f 8280 8295 8312
f 1407 8281 8247
f 8247 1412 1407
f 4612 8247 4569
f 8278 8281 8277
f 8281 8278 8247
f 8290 8288 8283
f 8290 8283 4612
f 4348 8291 4569
f 8290 8174 8291
f 8196 8199 8161
f 8195 8198 8192
f 8198 8161 8199
f 1411 8199 8196
f 8197 8188 1249
f 8291 8174 4569
f 8288 8290 8287
f 8287 8289 8288
f 8330 1263 8301
f 8300 1263 8302
f 4611 8293 8303
f 8293 158 8328
f 8164 1246 8163
f 8300 8296 1263
f 158 8293 4611
f 8296 8297 1263
f 8297 1262 1263
f 8165 8189 8175
f 8146 8145 8147
f 1249 8301 1262
f 1262 8301 1263
f 8296 1262 8297
f 8294 8300 8302
f 1262 1246 8164
f 8308 8300 8294
f 8300 8308 1246
f 8299 8163 1246
f 8296 8300 1262
f 1262 8300 1246
f 8288 8289 8295
f 8299 8304 1261
f 1261 8304 8287
f 8287 8304 8289
f 1246 8308 8299
f 8299 8308 8298
f 8298 8289 8304
f 8304 8299 8298
f 8277 8259 8269
f 8269 8263 8277
f 8277 8307 8259
f 8269 8259 8285
f 8269 8285 8284
f 8306 8285 8282
f 8307 8282 8259
f 8285 8259 8282
f 8284 8285 8274
f 8270 8285 8286
f 8285 8306 8286
f 8285 8270 8274
f 8273 8274 8347
f 8308 8294 8309
f 8298 8308 8309
f 8298 8311 8289
f 8282 8307 8281
f 8306 8282 8305
f 1407 8282 8281
f 1407 8312 8282
f 8311 8310 8295
f 8319 8309 8294
f 8311 8295 8289
f 8311 8298 8309
f 8282 8312 8295
f 8309 8310 8311
f 8309 8319 8316
f 8310 8305 8295
f 8305 8282 8295
f 8305 8310 8313
f 8310 8309 8316
f 8341 8310 8316
f 8310 8341 8313
f 8348 8262 8273
f 8313 8341 8318
f 8270 8317 8274
f 8317 8270 8314
f 8317 8320 8315
f 8321 8343 8317
f 8347 8274 8315
f 8314 8325 8317
f 8270 8286 8314
f 8317 8325 8324
f 8323 8286 8306
f 8325 8314 8323
f 8318 8323 8313
f 8323 8318 8325
f 1409 1264 8116
f 8286 8323 8314
f 8313 8323 8306
f 8313 8306 8305
f 8162 8116 8301
f 8327 1264 1409
f 8247 8283 1412
f 8148 8146 8144
f 8149 1264 8327
f 8175 8189 8148
f 8148 8145 8146
f 8329 8328 8145
f 8145 8328 8147
f 8293 8329 8303
f 8328 8148 8189
f 8293 8328 8329
f 8148 8328 8303
f 8329 8148 8303
f 1242 8316 8331
f 8302 1263 8330
f 8148 8329 8145
f 8330 1264 8302
f 1264 8330 8116
f 8330 8301 8116
f 8302 8319 8294
f 8303 8328 4611
f 8149 8326 8302
f 8326 8319 8302
f 8149 8302 1264
f 8326 8149 1631
f 8326 8331 8319
f 8337 8331 8326
f 8331 8337 1242
f 8316 8319 8331
f 8316 1242 8341
f 1629 8334 1628
f 8334 1629 1623
f 8335 1242 8334
f 8334 8336 1628
f 1242 8336 8334
f 1267 8336 1242
f 1627 1267 8337
f 1267 1242 8337
f 1634 1630 1631
f 8338 1638 1640
f 1627 1630 1265
f 1638 8338 1630
f 1265 1633 1641
f 1641 1633 1640
f 1630 8338 1265
f 1633 8338 1640
f 1631 1627 8337
f 1265 1267 1627
f 8328 8189 8339
f 8339 8138 1240
f 8147 8328 8339
f 8141 8020 8339
f 8339 8189 8165
f 8141 8339 8165
f 8339 61 8138
f 51 8327 8114
f 8327 1634 1631
f 8149 8327 1631
f 1631 8337 8326
f 1631 1630 1627
f 8338 1633 1265
f 8334 1623 8335
f 1623 1626 8335
f 8344 8340 1266
f 1626 8332 8335
f 8325 8322 8324
f 8318 8342 8325
f 8317 8324 8321
f 8324 8343 8321
f 8322 8344 8343
f 8333 8340 8342
f 8343 8324 8322
f 8333 1242 8335
f 8318 8341 8342
f 8333 8342 8341
f 8333 8341 1242
f 8322 8342 8340
f 8325 8342 8322
f 8332 8333 8335
f 8340 8332 1626
f 8340 8333 8332
f 8344 8322 8340
f 1625 8345 8344
f 1266 1625 8344
f 8344 8345 8265
f 8345 1625 1269
f 8265 8345 8320
f 8274 8317 8315
f 8273 8349 8348
f 8315 8345 8346
f 8320 8345 8315
f 8320 8317 8343
f 8343 8265 8320
f 8344 8265 8343
f 1614 1269 1625
f 8346 1268 8349
f 8346 8349 8315
f 8315 8349 8347
f 8347 8349 8273
f 8284 8274 8273
f 8349 8267 8348
f 8266 8351 8359
f 8267 8349 8351
f 1269 8346 8345
f 1268 8352 8349
f 8346 8352 1268
f 1269 8352 8346
f 8112 1608 1602
f 49 8350 1614
f 1269 8350 8352
f 8350 1269 1614
f 1602 1608 1273
f 8111 1604 1607
f 8112 1602 8350
f 8112 8350 49
f 1602 8353 8350
f 8354 1602 1607
f 8354 8353 1602
f 8108 1271 50
f 1602 1273 8111
f 1602 8111 1607
f 1604 8107 1270
f 1270 8117 1607
f 1270 1607 1604
f 50 8117 1270
f 1381 8266 8359
f 8357 8257 8202
f 8357 8228 8231
f 8108 8357 8356
f 8357 8231 8257
f 8357 8202 8356
f 8108 8356 1271
f 8202 8355 1271
f 8202 1271 8356
f 1271 8355 8117
f 8355 8366 8117
f 8355 8362 8361
f 8361 1381 8276
f 8351 8349 8359
f 8362 1381 8361
f 8202 8360 8355
f 8362 8355 8360
f 8202 8362 8360
f 8359 8276 1381
f 8361 8366 8355
f 8358 8363 8276
f 8276 8363 8361
f 8366 8361 8363
f 8365 8366 8363
f 8276 8359 8358
f 8358 8359 8352
f 8352 8359 8349
f 8350 1274 8358
f 8350 8358 8352
f 1274 8350 8353
f 8358 8364 8365
f 1607 8117 8354
f 1274 8353 8354
f 8364 8358 1274
f 64 8093 1272
f 8354 8366 1274
f 8117 8366 8354
f 8358 8365 8363
f 1274 8366 8365
f 8364 1274 8365
f 8093 64 7834
f 64 1278 7834
f 1275 1236 1605
f 1236 1275 1272
f 1236 1272 8093
f 1605 1272 1275
f 8368 1278 64
f 1272 1605 64
f 1605 8368 64
f 1605 8367 8368
f 1617 8370 8367
f 1701 8370 1617
f 8370 8368 8367
f 8368 8370 1278
f 7842 1278 8376
f 8400 8223 8558
f 8101 7842 8377
f 7842 7834 1278
f 8096 8093 7834
f 8376 8377 7842
f 8094 8376 8369
f 8386 8369 8376
f 8390 8378 8369
f 8382 8577 8372
f 8448 8373 18
f 8373 8374 8381
f 8381 8380 8372
f 8379 8381 8372
f 8405 8381 8379
f 8373 8381 8405
f 8373 8405 8384
f 1284 18 8384
f 18 8373 8384
f 1570 1569 8415
f 1279 8386 8370
f 8376 1278 8386
f 1278 8370 8386
f 1709 8370 1701
f 1709 8402 8092
f 7828 1280 8393
f 1709 8092 1279
f 1709 1279 8370
f 1279 8390 8369
f 1279 8369 8386
f 7826 7811 7827
f 1279 8389 8390
f 7821 7826 1710
f 1279 8387 8389
f 8391 8389 8396
f 8389 8391 8390
f 7821 8225 8400
f 8396 8389 8388
f 8389 8387 8395
f 1279 8092 8387
f 8092 8395 8387
f 8393 8396 8388
f 7796 8098 7797
f 8391 8397 7811
f 8396 1280 8398
f 1280 8396 8393
f 8398 8391 8396
f 7804 8098 8401
f 7804 8401 7809
f 8401 8098 1250
f 7811 8397 7827
f 7827 8397 8398
f 8398 8397 8391
f 7804 7803 8098
f 7797 8098 7803
f 8398 1280 1811
f 7803 7790 7797
f 1599 7829 1591
f 8389 8403 8388
f 8395 8402 8404
f 8389 8395 8403
f 1709 1706 8404
f 8395 8092 8402
f 8395 1706 8403
f 1706 8395 8404
f 8404 8402 1709
f 8394 1599 1591
f 8403 1706 8388
f 8394 7828 8393
f 1591 7828 8394
f 8388 1706 8393
f 1588 8393 1706
f 8393 1588 8394
f 1599 8394 1588
f 1592 1599 1588
f 1593 7829 1599
f 1589 1588 1706
f 7831 7828 1591
f 7829 7831 1591
f 7830 7828 7831
f 7790 1571 1594
f 1594 8408 1283
f 8407 1566 1564
f 8413 1564 1568
f 1594 8407 8408
f 8413 8407 1564
f 8413 8408 8407
f 7797 7790 8392
f 8392 7796 7797
f 8409 1283 8406
f 8409 7796 8392
f 7790 1594 8392
f 1283 8409 8392
f 1594 1283 8392
f 1283 8408 8406
f 8413 8405 8412
f 8408 8410 8406
f 8411 8406 8410
f 8577 8411 8372
f 8382 8372 8380
f 8412 8379 8408
f 8372 8410 8379
f 8408 8379 8410
f 8372 8411 8410
f 8379 8412 8405
f 8384 8405 8415
f 47 8385 1569
f 8408 8413 8412
f 8413 8415 8405
f 1568 8415 8413
f 1569 8384 8415
f 8385 8384 1569
f 1284 8384 8385
f 47 8383 1284
f 1284 8385 47
f 3516 8440 8418
f 46 8445 1285
f 8383 1560 1559
f 47 1560 8383
f 7789 7799 401
f 8423 3522 8428
f 7799 7789 1187
f 3523 3522 8423
f 7799 8427 8428
f 3522 7799 8428
f 7793 1287 7798
f 7799 7798 1287
f 1187 7798 7799
f 1287 8427 7799
f 1163 1287 7793
f 8519 1163 7793
f 8432 8424 1163
f 8424 8432 8426
f 8428 8424 8423
f 8428 8427 1287
f 1163 8428 1287
f 8424 8428 1163
f 8431 8435 8430
f 8426 8425 8430
f 8435 8426 8430
f 8432 8425 8426
f 1294 8417 8430
f 8420 1288 8417
f 8417 1288 8431
f 8417 8431 8434
f 8435 8424 8426
f 8431 8430 8434
f 8434 8430 8417
f 8431 1288 8435
f 1288 8418 8435
f 3515 8422 8418
f 3523 8423 3517
f 8435 8422 3517
f 8424 8435 8423
f 8423 8435 3517
f 8418 8422 8435
f 8440 3511 8418
f 3516 1288 1562
f 1288 3516 8418
f 1562 8451 3516
f 8440 3516 8441
f 3511 8440 8441
f 8438 8436 8437
f 8436 8438 8439
f 8437 8436 8441
f 8436 8439 1561
f 8438 1561 8439
f 1561 8438 1289
f 8448 1316 8536
f 46 8416 8445
f 8444 1289 1563
f 1560 8375 1559
f 8416 8444 1563
f 8445 8416 1563
f 8375 1560 8419
f 8419 1560 1285
f 8419 1285 8445
f 1558 8444 8416
f 1561 8444 1558
f 1561 1289 8444
f 18 1284 8375
f 8445 1563 8447
f 8375 8448 18
f 8447 8446 8445
f 8446 8419 8445
f 8383 1559 8375
f 8375 1284 8383
f 8446 8447 8419
f 8448 8536 1316
f 8447 8586 8449
f 8419 8447 8448
f 8448 8375 8419
f 8447 1563 8443
f 1289 8443 1563
f 8448 8449 8536
f 8447 8449 8448
f 8586 8447 8443
f 8438 8461 1289
f 8443 1289 8461
f 8437 8461 8438
f 8461 8437 8462
f 3516 8437 8441
f 8452 8451 8442
f 3516 8450 8437
f 8451 8450 3516
f 8451 8452 8450
f 8450 8452 8456
f 1294 8453 8442
f 1562 8442 8451
f 1562 1288 8442
f 1288 8420 8442
f 8442 8420 1294
f 8420 8417 1294
f 8450 8457 8437
f 8442 1291 8452
f 1291 8456 8452
f 8458 8456 8454
f 8457 8454 8455
f 8454 8457 8458
f 8457 8450 8456
f 8457 8456 8458
f 1290 8464 8455
f 8462 8457 8455
f 8464 8462 8455
f 8457 8462 8437
f 1290 8463 8464
f 1292 8464 8463
f 8460 8464 1292
f 8460 8461 8462
f 8460 1292 8461
f 1302 8461 1292
f 1290 8465 8463
f 8443 8461 1302
f 1301 8454 8456
f 8443 8470 8459
f 1302 8470 8443
f 8463 1302 1292
f 8465 3513 8463
f 1301 8456 1291
f 8472 3513 8478
f 1303 8468 8537
f 8470 1302 8472
f 8472 1302 3513
f 8465 8478 3513
f 8465 1290 8478
f 8472 8481 8476
f 8474 1305 8483
f 7725 1299 8485
f 1305 1304 1299
f 8287 8290 4722
f 8570 1320 8474
f 8475 1320 1303
f 1303 1320 8471
f 1320 8570 8467
f 8467 8471 1320
f 1299 8479 8485
f 8478 8479 1299
f 1290 8489 8478
f 8479 8478 8489
f 8489 8485 8479
f 8455 8493 1295
f 8466 8488 8486
f 1295 1290 8455
f 8466 8489 1290
f 1295 8493 8480
f 8490 8493 8455
f 1301 8490 8454
f 8490 8480 8493
f 8488 8466 1295
f 8489 8486 8531
f 8486 8489 8466
f 8486 8488 8482
f 8472 8475 8537
f 8490 1301 8498
f 8488 1295 8482
f 8455 8454 8490
f 8490 8498 8539
f 1290 1295 8466
f 8482 1295 8487
f 8482 8487 1293
f 8482 8531 8486
f 8504 1332 1298
f 8506 8504 8502
f 1298 8502 8504
f 1298 1332 8689
f 1298 8689 8502
f 8534 8506 8500
f 1333 8504 8534
f 8534 8504 8506
f 8505 8453 1294
f 8491 8505 1294
f 8430 8512 1294
f 8512 8513 8491
f 8433 8534 8491
f 1294 8512 8491
f 8430 8514 8512
f 8513 8433 8491
f 8505 8491 8534
f 8463 3513 1302
f 8516 8433 8513
f 8516 8534 8433
f 8507 8515 8510
f 8514 8513 8512
f 8513 4258 8515
f 8510 8509 8507
f 8516 1333 8534
f 8515 8507 8513
f 8516 8513 8507
f 8425 8514 8430
f 4258 8517 8515
f 8514 4258 8513
f 8514 8425 8517
f 8517 4258 8514
f 7793 7707 8519
f 8511 8518 8519
f 1163 8519 8432
f 7707 1296 8519
f 8511 8519 1296
f 8518 8432 8519
f 8517 8425 8432
f 8510 8515 8517
f 8510 8517 8511
f 8517 8432 8518
f 8518 8511 8517
f 8521 1312 8520
f 1312 8521 1296
f 8508 8520 1312
f 8499 8520 8522
f 8522 8507 8509
f 8522 8509 8499
f 1296 8521 8511
f 8522 8516 8507
f 8499 8521 8520
f 8521 8510 8511
f 8499 8510 8521
f 8509 8510 8499
f 8508 1312 7696
f 8516 7718 1333
f 7718 8504 1333
f 8502 8500 8506
f 1297 8525 8504
f 8504 7718 8526
f 1297 8504 8526
f 1297 8526 8525
f 8508 8525 8526
f 8508 7696 8527
f 7718 8522 8526
f 8508 8526 8520
f 8526 8522 8520
f 8522 7718 8516
f 8481 8472 8477
f 8539 8480 8490
f 8539 8487 8480
f 8528 8502 8689
f 8689 8494 8528
f 8529 8502 8528
f 8500 8502 8529
f 8503 8500 8529
f 8480 8487 1295
f 8472 8478 8477
f 7725 1305 1299
f 1320 8476 8477
f 8534 8500 8503
f 8497 8503 8529
f 1291 8442 8453
f 8497 8453 8505
f 8475 8476 1320
f 8477 1299 8474
f 1299 1304 8474
f 1303 8537 8475
f 8497 8498 1301
f 8497 1291 8453
f 1301 1291 8497
f 8462 8464 8460
f 8468 8586 8443
f 8468 8443 8537
f 8537 8443 8459
f 8459 8472 8537
f 8470 8472 8459
f 8476 8475 8472
f 1299 8477 8478
f 8570 8474 1300
f 8477 8474 1320
f 8481 8477 8476
f 8505 8534 8503
f 8503 8497 8505
f 8529 8496 8498
f 8529 8498 8497
f 1327 8533 8539
f 8496 8492 8498
f 8532 8528 8494
f 8528 8532 8492
f 1327 8492 8532
f 8529 8528 8492
f 8529 8492 8496
f 8495 8487 8539
f 8539 8492 1327
f 1329 8495 8539
f 8498 8492 8539
f 8483 1300 8474
f 8474 1304 1305
f 7811 8544 8391
f 8543 1317 8371
f 8550 8543 1311
f 1311 8548 8550
f 8414 8550 8548
f 8550 8577 8543
f 8414 8552 8550
f 8552 8577 8550
f 8411 8552 8409
f 8406 8411 8409
f 8552 8414 8409
f 8552 8411 8577
f 8414 8549 8409
f 8371 1315 8545
f 8371 8545 8543
f 8561 8548 1311
f 1313 1315 8542
f 1276 7715 8555
f 7715 8560 8555
f 7712 1158 1286
f 7715 1276 7712
f 7712 1286 7715
f 7697 7795 1286
f 7715 1286 7795
f 7697 7810 7795
f 7821 7824 8225
f 7810 7794 7795
f 7841 8225 7824
f 7714 7795 7794
f 7714 8556 7715
f 1250 7794 8401
f 7807 8401 7794
f 7807 7809 8401
f 7807 7794 7810
f 8224 8400 8225
f 7821 8559 7826
f 7794 1250 7714
f 1250 8098 7796
f 7715 7795 7714
f 8399 1250 7796
f 7796 8551 8399
f 8560 8556 8399
f 8399 7714 1250
f 7715 8556 8560
f 8399 8556 7714
f 7796 8409 8549
f 8224 8222 8558
f 8560 8399 8551
f 8549 8551 7796
f 7811 7826 8559
f 7821 8400 8559
f 8224 8223 8400
f 1311 1307 8561
f 8223 8224 8558
f 8400 8558 8559
f 8544 8559 8378
f 8391 8544 8390
f 8544 7811 8559
f 8414 8551 8549
f 8561 8551 8414
f 8414 8548 8561
f 1313 8563 1315
f 8560 8551 8562
f 8072 8222 7846
f 7846 8222 8225
f 1307 8560 8562
f 1315 1307 1311
f 8561 8562 8551
f 8561 1307 8562
f 8563 1307 1315
f 8560 1307 8555
f 1313 8564 8563
f 1307 8563 8564
f 8555 1307 8564
f 8555 8564 1313
f 1315 1318 8542
f 8545 1315 1311
f 8568 8582 1598
f 8290 4612 8174
f 1318 1315 8371
f 8565 1318 8553
f 1598 1314 8220
f 8627 1318 8565
f 8536 8373 8448
f 8581 8374 8373
f 8575 8580 8547
f 8421 8580 8575
f 8380 8421 8382
f 8576 8575 8382
f 8576 8382 8421
f 8421 8575 8576
f 8382 8575 8577
f 8545 1311 8543
f 8369 8378 8578
f 8547 1317 8575
f 8580 8592 8546
f 1317 8547 8579
f 8547 8580 8546
f 8546 8553 8579
f 8546 8579 8547
f 8553 8371 8579
f 8371 1317 8579
f 1317 8543 8577
f 1317 8577 8575
f 8558 1314 8582
f 8582 8578 8559
f 8578 8378 8559
f 8390 8544 8378
f 8558 8582 8559
f 8578 8582 8568
f 8421 8380 8581
f 8578 8094 8369
f 8381 8374 8581
f 8381 8581 8380
f 8421 8581 8580
f 8094 8578 8584
f 8377 1319 8101
f 8583 8592 8581
f 1598 8582 1314
f 8536 8585 8583
f 8583 8373 8536
f 8584 8578 8568
f 8592 8580 8581
f 8583 8574 8573
f 8581 8373 8583
f 8584 8568 8377
f 8568 1319 8377
f 1319 8568 1598
f 8099 8101 1319
f 8584 8377 8094
f 8094 8377 8376
f 8449 8585 8536
f 8586 8468 8473
f 8471 8469 1303
f 8473 8468 1303
f 8449 8586 8469
f 1303 8469 8473
f 8473 8469 8586
f 8469 8587 8585
f 8585 8449 8469
f 8585 8587 8583
f 8467 8469 8471
f 8590 8587 8469
f 8467 8590 8469
f 1300 1309 8570
f 8590 8467 8570
f 8570 1309 8590
f 8590 8589 8587
f 8597 8589 8590
f 8591 8588 8623
f 8574 8571 8591
f 8583 8572 8574
f 8566 8592 8554
f 8574 8572 8571
f 8572 8587 8591
f 8571 8572 8591
f 8587 8572 8583
f 8588 8591 8589
f 8591 8587 8589
f 1314 7669 8220
f 8583 8554 8592
f 8553 8566 8565
f 8546 8592 8553
f 8371 8553 1318
f 8583 8573 8554
f 8573 8566 8554
f 8573 8574 8591
f 8567 8566 8623
f 8566 8567 8623
f 8623 8566 8573
f 8623 8573 8591
f 8566 8553 8592
f 8566 8594 8608
f 8597 8593 1323
f 8590 8569 8597
f 8569 8590 1309
f 1305 7725 1306
f 8484 1322 8595
f 8569 8484 8595
f 8569 8595 8593
f 1322 8484 1321
f 1300 8484 1309
f 8622 8607 1326
f 1326 8613 8622
f 8622 8613 8605
f 8615 8622 8605
f 1325 1326 8603
f 8602 8603 1326
f 8601 8606 8808
f 8614 8601 8602
f 8602 8601 8603
f 8603 8601 8808
f 8614 8602 1326
f 8644 8601 8614
f 8644 1322 1321
f 8599 1322 8644
f 8614 8600 8644
f 8644 8600 8599
f 1326 8607 8599
f 8600 1326 8599
f 8614 1326 8600
f 1323 8599 8622
f 8607 8622 8599
f 8596 8622 8615
f 8622 8596 1323
f 8593 8597 8569
f 8599 8595 1322
f 8595 8599 8593
f 8599 1323 8593
f 1300 8696 2100
f 8569 1309 8484
f 2100 8484 1300
f 8588 8597 1323
f 8588 8589 8597
f 8596 8588 1323
f 8623 8594 8566
f 8594 8623 8588
f 8594 8588 8596
f 8609 8594 8596
f 8565 8608 8627
f 8566 8608 8565
f 8627 8626 8628
f 8628 1324 8542
f 1313 8628 8639
f 8628 1313 1324
f 8542 1324 1313
f 8278 4897 4736
f 1318 8541 8542
f 8627 8542 8541
f 8628 8542 8627
f 8634 8639 8628
f 8631 8628 8632
f 8634 8628 8631
f 8631 8632 8629
f 8631 8638 8634
f 8634 8630 8639
f 8633 8637 8629
f 8637 1380 8629
f 8616 8617 8610
f 8633 8804 8637
f 8793 1380 8792
f 1380 8637 8792
f 8793 8904 1380
f 1313 8639 8555
f 8638 1380 8904
f 1380 8631 8629
f 8629 8632 8633
f 8638 8630 8634
f 8638 8631 1380
f 8628 8626 8632
f 8627 8541 1318
f 8624 8609 8625
f 8609 8596 8625
f 8624 8596 8620
f 8632 8640 8633
f 8633 8641 1364
f 8616 8610 8611
f 8633 8640 8641
f 8640 8610 8617
f 8640 8617 8641
f 1325 8611 8605
f 8613 1325 8605
f 8644 8598 8642
f 1326 1325 8613
f 8642 8601 8644
f 8664 8606 8601
f 8616 8612 8617
f 8605 8611 8610
f 8664 8601 8642
f 8664 8598 8649
f 8642 8598 8664
f 8605 8610 8620
f 8625 8596 8624
f 8615 8620 8596
f 8620 8615 8605
f 8610 8640 8624
f 8632 8624 8640
f 8609 8608 8594
f 8620 8610 8624
f 8626 8627 8608
f 8608 8632 8626
f 8632 8608 8624
f 8624 8608 8609
f 1334 1329 8533
f 8539 8533 1329
f 8618 8662 1338
f 8654 1338 8662
f 1338 8648 8709
f 8649 8621 8664
f 8661 8652 8651
f 1340 8708 8663
f 105 8670 1340
f 1340 8670 105
f 8709 1340 8663
f 1340 8665 8708
f 8667 8686 8530
f 8670 8530 8686
f 1338 8663 8618
f 8663 1338 8709
f 8645 8652 8649
f 8651 8652 8645
f 8649 8598 8645
f 1340 8530 8670
f 8533 1327 1334
f 8530 8656 8657
f 8530 8685 8667
f 8530 8657 8656
f 8657 8685 8530
f 523 8674 8676
f 8535 8675 8679
f 7711 8535 8679
f 8525 8527 7711
f 7711 8527 8678
f 7716 8527 7696
f 8508 8527 8525
f 8527 8524 8678
f 7716 8524 8527
f 8680 8524 4394
f 8524 7716 4394
f 8524 8677 8678
f 8677 8524 8683
f 8524 8680 8683
f 523 1346 8674
f 8684 1346 8712
f 8683 523 8676
f 8683 8680 523
f 7589 7710 1346
f 8684 8674 1346
f 8712 1346 7710
f 7710 7589 8712
f 8674 8684 1330
f 8674 1330 8676
f 1330 8688 8675
f 1330 8675 8535
f 8683 8676 8677
f 1330 8535 8677
f 8681 1330 8684
f 8677 8676 1330
f 8681 8684 8672
f 8684 8685 8672
f 8712 8685 8684
f 8657 8672 8685
f 7564 8667 8685
f 8658 8682 8672
f 8672 8657 8658
f 8681 8672 8682
f 8682 8673 8681
f 8673 1330 8681
f 7711 8523 1332
f 8677 7711 8678
f 1330 8673 1337
f 8677 8535 7711
f 8688 8679 8675
f 8689 8538 8494
f 1337 8688 1330
f 8538 8688 1337
f 8501 1339 1331
f 8690 8538 1337
f 8538 8690 8532
f 8532 8494 8538
f 8501 1334 8532
f 8538 8689 8688
f 8679 8688 8689
f 8679 8523 7711
f 8525 7711 8504
f 1332 8504 7711
f 8689 1332 8687
f 8679 8689 8687
f 8687 1332 8523
f 8679 8687 8523
f 8532 8690 8501
f 8532 1334 1327
f 1293 8531 8482
f 8691 1339 8705
f 8691 8692 1331
f 1339 8673 8705
f 1337 1339 8501
f 8691 1331 1339
f 8673 1339 1337
f 8690 1337 8501
f 1331 1334 8501
f 8691 8693 8692
f 8694 1293 8693
f 8531 8694 8695
f 1329 1331 8495
f 1334 1331 1329
f 1331 8692 8495
f 8495 8692 8693
f 8646 8530 1340
f 1293 8495 8693
f 8495 1293 8487
f 8531 1293 8694
f 1300 8483 8696
f 8484 2100 8696
f 8695 1335 1306
f 1336 8696 1306
f 1306 8696 1305
f 8483 1305 8696
f 1306 7725 8485
f 8485 8695 1306
f 8695 8489 8531
f 8489 8695 8485
f 8697 8695 8694
f 8697 1335 8695
f 1336 8484 8696
f 1336 8619 8484
f 1336 1306 1335
f 1336 1335 8698
f 8698 8619 1336
f 8697 8698 1335
f 8650 8698 8697
f 8653 8661 8651
f 8654 8662 8661
f 1338 8654 8648
f 8655 8661 8662
f 8655 8652 8661
f 8651 8645 8699
f 8644 1321 8645
f 8645 8598 8644
f 8645 1321 8619
f 8645 8619 8699
f 8699 8619 8698
f 8484 8619 1321
f 8698 8650 8702
f 8697 8703 8650
f 8650 8703 8654
f 8699 8698 8702
f 8648 8654 8703
f 8702 8653 8699
f 8650 8654 8653
f 8650 8653 8702
f 8653 8651 8699
f 8661 8653 8654
f 8703 8647 8648
f 8706 8705 8658
f 8646 8693 8691
f 8657 8706 8658
f 8646 8540 8657
f 8540 8705 8706
f 8682 8658 8705
f 8647 8709 8648
f 8540 8706 8657
f 8705 8673 8682
f 8691 8540 8646
f 8705 8540 8691
f 8704 8694 8693
f 8646 8704 8693
f 8703 8697 8694
f 8704 8703 8694
f 8709 8647 8704
f 8709 8704 8707
f 8647 8703 8704
f 8707 1340 8709
f 1340 8707 8646
f 8707 8704 8646
f 8646 8657 8530
f 8686 8667 8710
f 8710 8659 8686
f 8701 1344 8714
f 8713 8660 8665
f 1340 8670 8665
f 8659 8713 8686
f 8670 8686 8665
f 8665 8686 8713
f 8713 8659 8714
f 8714 8659 8710
f 8660 8713 8714
f 8660 8714 1344
f 8660 8708 8665
f 8708 8716 8663
f 8717 8718 8719
f 8719 8718 8732
f 8718 8660 1344
f 8618 8663 8716
f 8708 8660 8718
f 8716 8718 8717
f 8708 8718 8716
f 8621 8649 8652
f 8664 8621 7594
f 8664 7594 8700
f 8725 8664 8700
f 8717 8662 8618
f 8717 8618 8716
f 8662 8715 8655
f 8655 8715 8621
f 8621 8652 8655
f 8717 8711 8662
f 8715 8662 8711
f 8721 8715 8711
f 8719 8711 8717
f 8721 8711 8719
f 8719 8666 8721
f 8729 8715 8722
f 8715 8729 7594
f 8621 8715 7594
f 8729 8723 7594
f 8723 8725 8700
f 7594 8723 8700
f 8729 1360 8723
f 8724 8666 8720
f 8666 8719 8720
f 1360 1342 8730
f 8730 8723 1360
f 8780 8725 8723
f 8666 8724 8731
f 8666 8731 8729
f 8721 8722 8715
f 8666 8729 8722
f 1360 8729 8731
f 1342 1360 8724
f 8731 8724 1360
f 8666 8722 8721
f 8710 8736 8714
f 8701 8714 8736
f 8744 8727 1343
f 8732 8737 8720
f 8719 8732 8720
f 8732 8718 1344
f 8701 8736 1344
f 8736 8710 8727
f 1344 8736 8727
f 8737 8733 8720
f 8735 1344 8727
f 8727 8744 8743
f 8735 8727 8743
f 8743 8739 8765
f 8739 8743 8744
f 8733 8737 8735
f 8735 8737 1344
f 8735 8743 8733
f 8746 8745 1343
f 1344 8737 8732
f 8727 8671 1343
f 1343 8671 8746
f 8671 8727 8710
f 8710 8667 8747
f 8667 7564 8749
f 8685 8712 7564
f 8712 8668 7564
f 8712 1345 8668
f 8668 8749 7564
f 8749 8668 8669
f 8748 8668 1345
f 8747 8667 8749
f 8747 8669 8710
f 8671 8710 8669
f 8747 8749 8669
f 8746 7590 8745
f 8738 8671 8669
f 8671 8738 8746
f 8751 1349 7590
f 8746 8738 7590
f 1343 8745 8734
f 8751 8669 8748
f 8668 8748 8669
f 8750 8669 8751
f 8712 8742 1345
f 7589 7567 8742
f 8742 8712 7589
f 8742 8748 1345
f 1349 17 7590
f 8750 8751 7590
f 8669 8750 8738
f 8750 7590 8738
f 7587 1349 8751
f 8742 8752 8748
f 7587 8748 8752
f 8751 8748 7587
f 8754 8753 8745
f 17 8745 7590
f 8744 8740 8753
f 8740 1343 8753
f 8745 8753 8734
f 8744 1343 8740
f 7580 8739 8741
f 8741 8739 8744
f 1343 8734 8753
f 8744 8753 8754
f 8754 8741 8744
f 8756 8739 7580
f 7580 8755 8756
f 7581 7464 7585
f 7580 1347 8755
f 8741 8754 1347
f 1347 7580 8741
f 7584 8757 7583
f 7585 7584 1341
f 8728 1341 7584
f 7581 7585 1341
f 7583 8758 7584
f 1341 8728 8761
f 8760 1352 7583
f 8760 7583 1351
f 7583 8757 1351
f 8728 7584 8758
f 1341 8761 7586
f 8755 7586 8761
f 8773 8755 8761
f 8773 8756 8755
f 8768 1342 8724
f 8739 8756 8765
f 1350 8766 8726
f 8765 8764 8766
f 8766 8743 8765
f 8764 8726 8766
f 8720 8767 8724
f 8768 8724 8763
f 1342 8768 8730
f 8763 8767 8720
f 8766 8763 8733
f 8767 8763 8724
f 8720 8733 8763
f 8743 8766 8733
f 8763 8766 1350
f 8763 1350 8768
f 8726 8762 1350
f 1350 8762 8768
f 8730 8768 8762
f 8770 8769 8730
f 8770 8762 8758
f 8762 8770 8730
f 8771 8770 8758
f 8761 8728 8773
f 8762 8726 8758
f 8764 8756 8773
f 8764 8765 8756
f 8764 8772 8726
f 8758 7583 1352
f 8758 8773 8728
f 8772 8764 8773
f 8772 8773 8758
f 8726 8772 8758
f 8758 1352 8771
f 8771 1352 8770
f 8760 7599 1355
f 8800 1352 1355
f 8775 8770 1352
f 8800 1355 8774
f 1355 1352 8760
f 8782 1354 8781
f 8781 8643 8776
f 8783 8643 8781
f 8774 8782 8781
f 1354 8783 8781
f 8782 7593 1354
f 7591 1354 7593
f 7588 1355 7599
f 7588 8774 1355
f 8782 8774 7588
f 1353 7592 1354
f 8782 7588 7602
f 7595 8782 7602
f 8782 7595 7593
f 7596 1358 8788
f 1353 1354 7600
f 7592 8783 1354
f 7592 1353 8777
f 8777 1353 7596
f 8787 1358 7596
f 1358 8787 7596
f 1358 8789 8788
f 7605 8789 1358
f 8789 7605 1139
f 8791 1139 7306
f 1384 8791 7306
f 8784 7592 1357
f 8794 1384 1385
f 1383 1384 1098
f 8794 1385 1384
f 7592 8784 8643
f 8643 8783 7592
f 8791 1384 1385
f 8793 8796 8904
f 8913 8792 1385
f 1385 8797 7597
f 8792 8797 1385
f 1362 8636 8797
f 8797 8792 1362
f 8792 8637 1362
f 1361 8636 8635
f 8635 8798 1361
f 8636 1361 8797
f 8796 8792 8913
f 1356 8779 8643
f 1385 8795 8791
f 7597 8797 1361
f 1385 7597 8795
f 1361 1139 7597
f 7597 1139 8795
f 8789 1139 1356
f 1361 1356 1139
f 1356 1361 1359
f 1356 8777 8786
f 8777 1357 7592
f 1356 8784 8777
f 1356 8643 8784
f 8786 8777 7596
f 8777 8784 1357
f 1356 8786 8788
f 8786 7596 8788
f 8788 8789 1356
f 1139 8791 8795
f 8781 8776 8774
f 8774 8776 8778
f 8778 8800 8774
f 8778 8801 8800
f 8799 8778 8776
f 8775 1352 8800
f 8730 8769 8780
f 8770 8775 8769
f 8799 8801 8778
f 8801 8799 8769
f 8801 8775 8800
f 8769 8775 8801
f 8799 8776 8779
f 8811 8806 8799
f 8806 8769 8799
f 8612 8616 8611
f 8635 8636 8804
f 8637 8804 1362
f 8803 8804 1363
f 1364 1363 8804
f 8635 8803 8798
f 8804 8803 8635
f 8798 1359 1361
f 8803 1359 8798
f 1359 8803 8805
f 1359 8805 8779
f 8804 8636 1362
f 1364 8804 8633
f 1364 8641 1363
f 1363 8805 8803
f 8805 1363 8641
f 8611 1325 1365
f 8612 8805 8617
f 8805 8641 8617
f 8604 8611 8812
f 8611 1365 8812
f 8603 8808 1325
f 8805 8612 8604
f 8612 8611 8604
f 1325 8808 1365
f 8808 8606 8807
f 8725 8606 8664
f 8807 8606 8725
f 8808 8807 8806
f 1365 8808 8806
f 8806 8807 8810
f 8780 8807 8809
f 8807 8725 8809
f 8780 8810 8807
f 8809 8725 8780
f 8730 8780 8723
f 8780 8769 8810
f 8779 8776 8643
f 8812 8779 8604
f 8812 1365 8802
f 1365 8806 8811
f 8802 1365 8811
f 8811 8812 8802
f 8806 8810 8769
f 8779 8812 8799
f 8799 8812 8811
f 8805 8604 8779
f 8779 1356 1359
f 1374 8836 8820
f 8817 8820 8815
f 1375 8827 8834
f 8831 8827 8826
f 8827 8832 8826
f 8827 1375 8832
f 8832 1375 8816
f 8816 8822 8832
f 8824 8832 8822
f 1374 1375 8834
f 8834 8833 1375
f 8834 1375 8833
f 1374 8820 1375
f 8834 8829 1374
f 8834 8827 8831
f 2666 8845 1402
f 8821 2666 8835
f 8831 1402 8834
f 1402 8831 2666
f 8831 8821 8835
f 8835 2666 8831
f 8846 1405 8842
f 8847 8838 8844
f 8859 8844 8838
f 4908 8843 1406
f 8859 8838 8843
f 8838 1406 8843
f 8838 1372 8837
f 4908 8859 8843
f 1406 1405 4908
f 8838 8830 1372
f 8830 8847 1372
f 8847 1371 1372
f 8838 8837 1406
f 2666 8842 8845
f 1372 8842 8837
f 1405 1406 8837
f 1405 8837 8842
f 8842 1372 8845
f 1402 8845 1372
f 1402 1371 8834
f 1372 1371 1402
f 8834 1371 8829
f 8829 8836 1374
f 8836 8829 1371
f 8847 1369 8852
f 8847 8852 8836
f 1371 8847 8836
f 8847 8830 8838
f 1369 8847 8840
f 8844 1373 8847
f 8847 1373 8840
f 8836 8839 8820
f 8815 8820 8839
f 1368 8815 8814
f 8815 8839 8814
f 1368 8849 8815
f 8891 1368 1370
f 1368 8891 8849
f 8891 8851 8849
f 1370 1368 1369
f 1368 8814 1369
f 8836 8852 8814
f 8814 8839 8836
f 8814 8853 1369
f 8852 8853 8814
f 8852 1369 8853
f 1370 1369 8848
f 8848 1369 8840
f 8246 8239 1377
f 8855 8245 8874
f 4697 8193 1404
f 1256 8861 1376
f 8841 8871 8860
f 8871 8841 8872
f 8861 1256 70
f 8860 70 8841
f 8866 70 8860
f 4908 4906 1257
f 1367 8865 8248
f 8865 8866 8860
f 8249 8866 8868
f 8861 70 8869
f 4696 8186 8193
f 8869 70 8866
f 8861 8866 8867
f 8869 8866 8861
f 8841 70 8857
f 8857 8862 8872
f 8857 8872 8841
f 8865 8860 8871
f 8278 8872 8870
f 8272 8248 8865
f 8871 8278 8865
f 8865 8278 8272
f 8864 8868 8866
f 8866 8249 8867
f 8856 8249 8858
f 8865 8864 8866
f 1367 8864 8865
f 8856 8855 8861
f 8245 8856 8858
f 8245 8855 8856
f 8856 8861 8867
f 1376 8861 8244
f 8249 8856 8867
f 8244 8861 8855
f 8855 8874 8244
f 8239 8246 8244
f 8245 8239 8874
f 8239 8244 8874
f 8876 8246 1378
f 1379 8876 8887
f 8215 8211 8221
f 8237 8877 8243
f 8218 8221 8211
f 8243 8242 8238
f 8875 8243 8877
f 8881 1378 8879
f 8882 8246 8876
f 8878 8879 8875
f 8879 8243 8875
f 8879 1378 8243
f 1378 8242 8243
f 8887 1376 1379
f 1378 8246 8242
f 8873 8246 8876
f 8873 8244 8246
f 8244 1379 1376
f 8244 8873 1379
f 1379 8873 8876
f 8246 8882 8876
f 8881 8879 8204
f 8878 1251 8880
f 8879 8878 8880
f 4696 8292 8186
f 8857 70 1256
f 8880 8863 8204
f 1376 8887 8854
f 1378 8850 8876
f 1376 8857 1256
f 8854 8857 1376
f 20 8887 8876
f 8204 8863 8881
f 20 8876 8850
f 1378 8881 8850
f 1373 8885 8840
f 4695 8200 8292
f 8848 20 8884
f 8854 8887 8890
f 20 8890 8887
f 1411 8200 8199
f 8854 8890 8886
f 8857 8854 8889
f 8889 1257 8857
f 8889 1373 8844
f 1257 8844 4908
f 8889 8844 1257
f 8844 8859 4908
f 8854 8886 8889
f 8889 8886 1373
f 8848 8885 8890
f 8885 8886 8890
f 8886 8885 1373
f 8848 8884 1370
f 20 8848 8890
f 8885 8848 8840
f 8883 8891 1370
f 8881 8851 8850
f 8884 8883 1370
f 8850 8884 20
f 8850 8851 8891
f 8883 8884 8850
f 8891 8883 8850
f 8863 8851 8881
f 7272 8913 1385
f 8849 8851 8893
f 8898 8895 8892
f 8893 8863 8899
f 7673 8897 8899
f 8897 8892 8895
f 8910 8897 7673
f 8892 8897 8910
f 8893 8899 8897
f 8863 8893 8851
f 8899 8863 8900
f 8899 8901 7673
f 8899 8900 8901
f 8900 8863 8880
f 8875 8877 8208
f 8900 8880 8209
f 8207 8210 8900
f 1251 8878 8208
f 8880 8203 8209
f 8203 8880 1251
f 8901 8900 8210
f 8877 8211 8208
f 8218 8211 8877
f 8813 8205 7994
f 7673 8901 8217
f 8217 8901 8210
f 8904 8557 8638
f 8638 8557 8630
f 8639 8630 8557
f 8639 8557 8555
f 8813 8210 8213
f 1276 8555 8557
f 8210 8813 8217
f 1310 7702 7704
f 8902 1310 7704
f 7706 1155 7698
f 7712 1276 8557
f 8909 8905 8910
f 7712 8557 8902
f 7712 8902 7713
f 7712 7713 1158
f 8902 7704 7713
f 8903 7994 8908
f 8813 7994 8217
f 8213 8212 8813
f 8906 8813 8212
f 8906 8205 8813
f 8908 7994 8205
f 1235 7320 8205
f 8906 1235 8205
f 7320 8909 8205
f 8205 8909 8908
f 8217 8907 8909
f 8908 8909 8907
f 8908 8907 8903
f 8903 8217 7994
f 8903 8907 8217
f 8914 8905 7321
f 7673 8909 8910
f 8217 8909 7673
f 8898 8892 8910
f 8910 8905 8898
f 8905 7320 7321
f 7320 8905 8909
f 8914 7231 1103
f 8898 8905 8914
f 7319 8898 8914
f 8895 8898 7319
f 1155 8913 7324
f 7698 1310 7706
f 8913 1155 8912
f 1310 8902 7706
f 8912 1155 8904
f 7706 8904 1155
f 8902 8904 7706
f 8911 7326 8913
f 7324 8913 7326
f 8913 8904 8796
f 8796 8793 8792
f 8902 8557 8904
f 8913 8912 8904
f 7272 1385 8790
f 7272 8790 8911
f 8911 8913 7272
f 8911 8790 1383
f 8914 1382 8915
f 7313 1386 7319
f 8915 7313 7319
f 8915 7319 8914
f 8896 1386 7313
f 7313 8915 8896
f 1383 8790 1384
f 8790 1385 1384
f 8896 7417 8894
f 8931 8919 7417
f 8931 7271 7269
f 7417 8896 8915
f 8915 1382 7417
f 1382 8914 7217
f 8916 8919 7269
f 8931 7269 8919
f 7269 8920 8916
f 8817 8924 8922
f 8817 8819 8924
f 8924 8916 8920
f 8919 8916 8894
f 8921 8894 8819
f 8895 8894 8921
f 8817 8815 8818
f 8815 8921 8818
f 8815 8849 8893
f 8815 8893 8921
f 1386 8895 7319
f 8896 8895 1386
f 8894 8895 8896
f 7417 8919 8894
f 8916 8819 8894
f 8897 8921 8893
f 8818 8819 8817
f 8895 8921 8897
f 8924 8819 8916
f 8819 8818 8921
f 8816 8817 8922
f 8924 8920 8925
f 8922 8924 8925
f 8922 8925 8816
f 8817 8816 8820
f 8823 8785 8816
f 1375 8820 8816
f 8822 8816 8785
f 8823 8954 8785
f 8925 8823 8816
f 8925 8928 8823
f 8918 1391 8923
f 1387 8923 8928
f 8925 1387 8928
f 8934 8918 8923
f 8920 7269 1387
f 8920 1387 8925
f 8935 8954 8928
f 8954 8823 8928
f 8923 1387 8934
f 8918 8917 1391
f 8930 7271 8918
f 1389 7268 8932
f 7267 7268 8927
f 8917 8927 7268
f 8917 8918 8927
f 7271 8933 8918
f 8927 8933 7267
f 7263 7267 8933
f 7232 7263 8933
f 8927 8918 8933
f 7271 7232 8933
f 7232 7271 8931
f 8935 8928 8923
f 8930 8918 8934
f 1387 7269 8930
f 8930 7269 7271
f 8930 8934 1387
f 1382 1094 7232
f 7232 8931 7417
f 1382 7232 7417
f 8914 1103 7217
f 8929 8935 8923
f 8929 8941 8935
f 8935 7270 8936
f 8941 7270 8935
f 8932 7268 7249
f 7247 8942 8943
f 8942 8932 8943
f 1089 7247 8943
f 8926 8917 8948
f 7268 1389 8917
f 8932 7249 8943
f 8917 1389 8932
f 8942 8945 8932
f 8824 8825 8826
f 8944 8946 8948
f 8945 1390 8946
f 1390 8945 8942
f 8917 8932 8945
f 8917 8945 8948
f 1391 8956 8923
f 8948 8949 8926
f 8956 1391 8926
f 8956 8926 8949
f 8951 8949 8948
f 8948 8946 8951
f 8946 8944 8945
f 1391 8917 8926
f 8948 8945 8944
f 8953 8951 8946
f 8952 8953 8946
f 8986 8938 8935
f 8936 8986 8935
f 8954 8935 8938
f 8929 8923 8956
f 8940 7236 7270
f 8956 8949 8940
f 8929 8940 8941
f 8941 8940 7270
f 8956 8940 8929
f 7236 8940 8939
f 8951 8970 8949
f 8949 8939 8940
f 8949 8970 8939
f 1388 7239 1090
f 8962 8959 1401
f 8962 8965 8959
f 8952 8951 8953
f 8970 8950 8980
f 1090 8947 8968
f 8980 8950 8965
f 8980 8965 8960
f 8959 8963 1401
f 8965 8950 8959
f 8959 8974 8963
f 8963 8974 8971
f 7246 8977 7245
f 8976 8971 8974
f 8950 8952 8975
f 8959 8975 8974
f 8950 8975 8959
f 8950 8970 8952
f 8951 8952 8970
f 8952 8946 1390
f 8975 8952 8947
f 1090 8976 8947
f 8947 8974 8975
f 8976 8974 8947
f 8971 8976 1090
f 8966 1090 7244
f 7239 8971 1090
f 8952 8977 8947
f 8952 1390 8977
f 8977 7246 8947
f 8947 7246 8968
f 1090 8969 7244
f 1388 1090 8966
f 8969 8968 7244
f 7244 8968 7246
f 7247 7250 1390
f 7247 1390 8942
f 8977 1390 7250
f 7239 8973 8971
f 8969 1090 8968
f 7235 8978 7238
f 7238 1393 7237
f 8973 7239 7237
f 7237 1393 8973
f 7228 1398 7230
f 1393 7238 8978
f 8973 1393 8978
f 1392 8979 8964
f 8972 8971 8973
f 8973 8978 8972
f 8964 8963 8971
f 8980 8939 8970
f 8939 8980 8981
f 8939 8955 8988
f 8939 8981 8955
f 8980 8960 8981
f 8972 1392 8964
f 8972 8978 1392
f 8972 8964 8971
f 8961 1392 8978
f 8979 1392 8961
f 8978 7235 8961
f 7228 7230 8982
f 7235 8982 8961
f 8982 8979 8961
f 8965 8983 8937
f 8937 8983 8958
f 8983 8984 8958
f 8990 1396 8984
f 8965 8937 1400
f 8965 1400 8960
f 8958 1400 8937
f 8955 1400 8958
f 8785 8954 8985
f 8954 8938 8957
f 8954 8957 8985
f 8936 7270 7236
f 8936 7236 8986
f 8988 7236 8939
f 7236 8988 8987
f 8989 8986 8987
f 7236 8987 8986
f 8957 8938 8989
f 8986 8989 8938
f 8989 8955 8993
f 8981 1400 8955
f 8958 8993 8955
f 1400 8981 8960
f 8989 8993 8957
f 8988 8989 8987
f 8955 8989 8988
f 8958 8984 8967
f 8991 8990 1394
f 8991 1394 8995
f 8993 8958 8967
f 8957 8993 2177
f 8967 2177 8993
f 8984 8994 8967
f 8994 8984 1396
f 8991 1396 8990
f 8995 1396 8991
f 8997 8181 8996
f 1220 8022 1398
f 8181 8997 8022
f 1394 9001 8995
f 8997 7230 8022
f 8182 8996 8181
f 8190 8194 8997
f 8997 8194 8998
f 7230 8998 8982
f 7230 8997 8998
f 9005 8995 9001
f 9005 9007 8995
f 8995 9007 1399
f 9001 4109 9005
f 7986 8037 9000
f 7986 9000 1394
f 9000 4109 1394
f 9001 1394 4109
f 8998 8979 8982
f 8979 8998 8964
f 1413 9005 9009
f 6673 4219 4209
f 8996 8190 8997
f 9005 5228 9002
f 9002 9007 9005
f 1414 9003 5228
f 1396 8995 1399
f 9008 9003 4322
f 9010 9011 4034
f 2744 8828 2177
f 3672 2744 2177
f 9011 1397 9007
f 9010 8967 1397
f 1397 9011 9010
f 1399 9007 1397
f 9011 9007 4034
f 8842 2744 8888
f 8846 8842 8888
f 9010 3672 2177
f 9010 2177 8967
f 8828 8821 8826
f 8826 8821 8831
f 8832 8824 8826
f 8825 8824 8822
f 8822 8785 8825
f 8985 8825 8785
f 8957 2177 8828
f 8826 8985 8828
f 8825 8985 8826
f 8957 8828 8985
f 8292 8200 8186
f 8990 8992 1394
f 8999 1394 8992
f 8998 1401 8964
f 8994 1397 8967
f 8992 8983 8965
f 8984 8983 8992
f 8984 8992 8990
f 8429 8994 1399
f 1397 8994 8429
f 8429 1399 1397
f 8994 1396 1399
f 8965 8962 8992
f 9012 8992 8962
f 1401 9012 8962
f 8999 8992 9012
f 2618 4109 9000
f 1401 8963 8964
f 8037 9012 1401
f 7986 1394 8999
f 9012 8037 8999
f 9000 8037 1401
f 1401 2618 9000
f 7986 8999 8037
f 8199 8200 8192
f 7690 4696 7823
f 7823 6667 7354
f 4697 1404 8201
f 7823 7354 7690
f 7690 9004 4695
f 9004 6673 4209
f 9004 7299 6673
f 7354 9004 7690
f 7354 7299 9004
f 6673 7299 7354
f 8194 8192 4695
f 4219 1408 1403
f 6673 7354 1408
f 1408 7354 6667
f 7340 4219 1403
f 5228 9005 1413
f 1408 4219 6673
f 4219 7340 1413
f 8291 4899 4322
f 1414 5228 5083
f 7340 5228 1413
f 1415 4077 9008
f 4906 4907 4896
f 4898 1415 9006
f 4797 8862 9006
f 9008 4899 9006
f 8862 8857 1257
f 4898 9006 4896
f 1257 4906 8862
f 4896 9006 8862
f 4906 4896 8862
f 4898 4896 4907
f 9006 1415 9008
f 7340 5083 5228
f 9006 4899 4797
f 8291 4722 8290
f 5083 4722 4849
f 8870 8872 4897
f 8872 4736 4897
f 8247 8278 4348
f 1261 4834 4703
f 7823 8193 4697
f 1410 8164 4703
f 4722 5083 4834
f 4722 4834 8287
f 4834 1261 8287
f 8201 1410 7340
f 8193 7823 4696
f 4696 4695 8292
f 4834 5083 7340
f 1410 4703 7340
f 8201 1403 1408
f 1403 8201 7340
f 7823 8201 6667
f 6667 8201 1408
f 8201 1404 1410
f 4697 8201 7823
f 7340 4703 4834
f 4695 4696 7690
f 8192 8200 4695
